gen,idx_in_gen,global_eval_idx,eval_tag,g0,g1,g2,g3,g4,g5,g6,eta1,eta2,gamma1,gamma2,gamma3,w_sharp,red_gain,map50,map50_95,eval_time_sec,ok,cache_hit,work_dir
0,0,1,run4_p1798000_e1,0.6913166642189026,0.43730807304382324,0.13880199193954468,0.5303462147712708,0.06652611494064331,0.3382759690284729,0.06010305881500244,0.6913166642189026,0.43730807304382324,1.216405975818634,2.0606924295425415,1.1330522298812866,0.3382759690284729,1.0901545882225037,0.764,0.393,1294.8227066993713,1,0,/home/zhangxu/yolov5-7.0/ga_cache/work_623e27b1db67aca9
0,1,2,run4_p1798000_e2,0.4506819248199463,0.24928653240203857,0.5628119707107544,0.06974083185195923,0.7583150863647461,0.45106542110443115,0.06384825706481934,0.4506819248199463,0.24928653240203857,2.488435912132263,1.1394816637039185,2.516630172729492,0.45106542110443115,1.095772385597229,0.686,0.342,1430.5384294986725,1,0,/home/zhangxu/yolov5-7.0/ga_cache/work_92e50088703909fb
0,2,3,run4_p1798000_e3,0.9352114796638489,0.5481788516044617,0.955906867980957,0.12115788459777832,0.61444091796875,0.9212057590484619,0.021860361099243164,0.9352114796638489,0.5481788516044617,3.667720603942871,1.2423157691955566,2.2288818359375,0.9212057590484619,1.0327905416488647,0.348,0.156,1412.5907399654388,1,0,/home/zhangxu/yolov5-7.0/ga_cache/work_18022fbf8ebf159c
0,3,4,run4_p1798000_e4,0.9554245471954346,0.2801399827003479,0.8861482739448547,0.453544557094574,0.2832335829734802,0.5486041903495789,0.7786327004432678,0.9554245471954346,0.2801399827003479,3.458444821834564,1.907089114189148,1.5664671659469604,0.5486041903495789,2.1679490506649017,0.295,0.13,1459.6915278434753,1,0,/home/zhangxu/yolov5-7.0/ga_cache/work_25295d7c3f06b84d
0,4,5,run4_p1798000_e5,0.5871960520744324,0.8910568952560425,0.7594925165176392,0.8596221804618835,0.7914164066314697,0.30598658323287964,0.022638261318206787,0.5871960520744324,0.8910568952560425,3.0784775495529173,2.719244360923767,2.5828328132629395,0.30598658323287964,1.0339573919773102,0.591,0.283,1402.5738475322723,1,0,/home/zhangxu/yolov5-7.0/ga_cache/work_e61c91ac94dc5911
0,5,6,run4_p1798000_e6,0.34376055002212524,0.9853865504264832,0.8493228554725647,0.9534024596214294,0.8155399560928345,0.6631450653076172,0.14075356721878052,0.34376055002212524,0.9853865504264832,3.347968566417694,2.906804919242859,2.631079912185669,0.6631450653076172,1.2111303508281708,0.325,0.147,1439.780959367752,1,0,/home/zhangxu/yolov5-7.0/ga_cache/work_aee537c16d42b2d4
0,6,7,run4_p1798000_e7,0.5763643980026245,0.9843270182609558,0.8597036600112915,0.10767602920532227,0.8512341380119324,0.9478463530540466,0.6185296773910522,0.5763643980026245,0.9843270182609558,3.3791109800338743,1.2153520584106445,2.7024682760238647,0.9478463530540466,1.9277945160865784,0.213,0.092,1380.072730064392,1,0,/home/zhangxu/yolov5-7.0/ga_cache/work_5e2c8b1f1fcd9453
0,7,8,run4_p1798000_e8,0.8989601135253906,0.8479339480400085,0.6472062468528748,0.1580735445022583,0.04730576276779175,0.9580817818641663,0.8242382407188416,0.8989601135253906,0.8479339480400085,2.741618740558624,1.3161470890045166,1.0946115255355835,0.9580817818641663,2.2363573610782623,0.204,0.0903,1466.6260221004486,1,0,/home/zhangxu/yolov5-7.0/ga_cache/work_bde29b1f96fc8e95
0,8,9,run4_p1798000_e9,0.7463217377662659,0.6896491646766663,0.289192795753479,0.9655966758728027,0.7342879176139832,0.3556722402572632,0.17953556776046753,0.7463217377662659,0.6896491646766663,1.667578387260437,2.9311933517456055,2.4685758352279663,0.3556722402572632,1.2693033516407013,0.642,0.312,1227.741999387741,1,0,/home/zhangxu/yolov5-7.0/ga_cache/work_f8db89d280a3f9bd
0,9,10,run4_p1798000_e10,0.43283599615097046,0.8711015582084656,0.5840385556221008,0.09874224662780762,0.33417391777038574,0.7915015816688538,0.27572500705718994,0.43283599615097046,0.8711015582084656,2.5521156668663023,1.1974844932556152,1.6683478355407715,0.7915015816688538,1.413587510585785,0.496,0.234,1483.449343919754,1,0,/home/zhangxu/yolov5-7.0/ga_cache/work_78e7989321270e28
0,10,11,run4_p1798000_e11,0.3522239327430725,0.4653512239456177,0.2675178647041321,0.5475698113441467,0.07359367609024048,0.1351260542869568,0.5481242537498474,0.3522239327430725,0.4653512239456177,1.6025535941123963,2.0951396226882935,1.147187352180481,0.1351260542869568,1.8221863806247711,0.559,0.268,1406.2659153938293,1,0,/home/zhangxu/yolov5-7.0/ga_cache/work_054545760848cc25
0,11,12,run4_p1798000_e12,0.5248350501060486,0.21552139520645142,0.7661260366439819,0.2854275107383728,0.3099527359008789,0.5839683413505554,0.34248799085617065,0.5248350501060486,0.21552139520645142,3.0983781099319456,1.5708550214767456,1.6199054718017578,0.5839683413505554,1.513731986284256,0.551,0.266,1382.40478682518,1,0,/home/zhangxu/yolov5-7.0/ga_cache/work_9e23fb5fea1f327a
0,12,13,run4_p1798000_e13,0.5123487114906311,0.10683983564376831,0.0086517333984375,0.0756102204322815,0.8258154392242432,0.8009899854660034,0.5539100170135498,0.5123487114906311,0.10683983564376831,0.8259552001953125,1.151220440864563,2.6516308784484863,0.8009899854660034,1.8308650255203247,0.353,0.162,1158.698879957199,1,0,/home/zhangxu/yolov5-7.0/ga_cache/work_1be4c99c30213d96
0,13,14,run4_p1798000_e14,0.7149085402488708,0.9515079259872437,0.6923845410346985,0.6905043721199036,0.12212872505187988,0.18777215480804443,0.8879165649414062,0.7149085402488708,0.9515079259872437,2.8771536231040953,2.381008744239807,1.2442574501037598,0.18777215480804443,2.3318748474121094,0.265,0.118,1159.6215779781342,1,0,/home/zhangxu/yolov5-7.0/ga_cache/work_b17e06341df57c24
0,14,15,run4_p1798000_e15,0.7545645236968994,0.7782636880874634,0.7463480234146118,0.9947561025619507,0.5820218920707703,0.5759032368659973,0.35690391063690186,0.7545645236968994,0.7782636880874634,3.0390440702438353,2.9895122051239014,2.1640437841415405,0.5759032368659973,1.5353558659553528,0.381,0.171,1319.4380416870117,1,0,/home/zhangxu/yolov5-7.0/ga_cache/work_88590e5acd91f31e
0,15,16,run4_p1798000_e16,0.6634928584098816,0.7601931095123291,0.6891775131225586,0.39475369453430176,0.7732735276222229,0.9414164423942566,0.9830726981163025,0.6634928584098816,0.7601931095123291,2.8675325393676756,1.7895073890686035,2.546547055244446,0.9414164423942566,2.4746090471744537,0.111,0.0476,1277.205420255661,1,0,/home/zhangxu/yolov5-7.0/ga_cache/work_0d34d92ef9d259a3
0,16,17,run4_p1798000_e17,0.398218035697937,0.16366040706634521,0.22706663608551025,0.9521865248680115,0.9488357901573181,0.4781033396720886,0.21951770782470703,0.398218035697937,0.16366040706634521,1.4811999082565308,2.904373049736023,2.8976715803146362,0.4781033396720886,1.3292765617370605,0.595,0.287,1200.674936056137,1,0,/home/zhangxu/yolov5-7.0/ga_cache/work_72ac1a8a370e5dd2
0,17,18,run4_p1798000_e18,0.8182708621025085,0.9111853241920471,0.3395642042160034,0.6780571341514587,0.422508180141449,0.24552160501480103,0.4001631736755371,0.8182708621025085,0.9111853241920471,1.8186926126480103,2.3561142683029175,1.845016360282898,0.24552160501480103,1.6002447605133057,0.604,0.291,1322.7478566169739,1,0,/home/zhangxu/yolov5-7.0/ga_cache/work_b1597f3aea67a938
0,18,19,run4_p1798000_e19,0.8396455645561218,0.28334665298461914,0.6623544096946716,0.2831012010574341,0.6467760801315308,0.6375284194946289,0.5980954170227051,0.8396455645561218,0.28334665298461914,2.7870632290840147,1.5662024021148682,2.2935521602630615,0.6375284194946289,1.8971431255340576,0.356,0.161,1317.144814491272,1,0,/home/zhangxu/yolov5-7.0/ga_cache/work_cdfe8eeb74d32b8e
0,19,20,run4_p1798000_e20,0.902631402015686,0.4156234860420227,0.3966696262359619,0.13178503513336182,0.8049584031105042,0.8424845933914185,0.8377652168273926,0.902631402015686,0.4156234860420227,1.9900088787078858,1.2635700702667236,2.6099168062210083,0.8424845933914185,2.256647825241089,0.22,0.0962,1348.7390263080597,1,0,/home/zhangxu/yolov5-7.0/ga_cache/work_cf28b8d1e8109bc5
0,20,21,run4_p1798000_e21,0.8951215744018555,0.9076191782951355,0.13862502574920654,0.8560402989387512,0.6947106719017029,0.894129753112793,0.6754185557365417,0.8951215744018555,0.9076191782951355,1.2158750772476197,2.7120805978775024,2.3894213438034058,0.894129753112793,2.0131278336048126,0.237,0.103,1311.9920108318329,1,0,/home/zhangxu/yolov5-7.0/ga_cache/work_17773d6fc8756caa
0,21,22,run4_p1798000_e22,0.07801699638366699,0.5244203209877014,0.7660530209541321,0.04045236110687256,0.09624272584915161,0.7973121404647827,0.6747835874557495,0.07801699638366699,0.5244203209877014,3.098159062862396,1.0809047222137451,1.1924854516983032,0.7973121404647827,2.0121753811836243,0.308,0.14,1483.7771229743958,1,0,/home/zhangxu/yolov5-7.0/ga_cache/work_7912efd4a86f3116
0,22,23,run4_p1798000_e23,0.6265920400619507,0.38052964210510254,0.30819272994995117,0.24603259563446045,0.7958264350891113,0.30981868505477905,0.55103999376297,0.6265920400619507,0.38052964210510254,1.7245781898498536,1.492065191268921,2.5916528701782227,0.30981868505477905,1.826559990644455,0.513,0.243,1373.566316127777,1,0,/home/zhangxu/yolov5-7.0/ga_cache/work_012204cef72cdd5b
0,23,24,run4_p1798000_e24,0.08932512998580933,0.8263733386993408,0.10235410928726196,0.6786264777183533,0.6006720662117004,0.2847751975059509,0.9343661069869995,0.08932512998580933,0.8263733386993408,1.107062327861786,2.3572529554367065,2.201344132423401,0.2847751975059509,2.4015491604804993,0.237,0.105,1327.359614610672,1,0,/home/zhangxu/yolov5-7.0/ga_cache/work_2f99e9b360e4dd27
0,24,25,run4_p1798000_e25,0.5513259768486023,0.40602946281433105,0.3020135760307312,0.6952376961708069,0.6680850982666016,0.34294503927230835,0.43975454568862915,0.5513259768486023,0.40602946281433105,1.7060407280921936,2.3904753923416138,2.336170196533203,0.34294503927230835,1.6596318185329437,0.552,0.264,1092.2599630355835,1,0,/home/zhangxu/yolov5-7.0/ga_cache/work_cc68441d1d697197
0,25,26,run4_p1798000_e26,0.1983489990234375,0.7595205903053284,0.24903833866119385,0.6886677742004395,0.8908311128616333,0.44675910472869873,0.5361943244934082,0.1983489990234375,0.7595205903053284,1.5471150159835816,2.377335548400879,2.7816622257232666,0.44675910472869873,1.8042914867401123,0.457,0.211,1154.0252768993378,1,0,/home/zhangxu/yolov5-7.0/ga_cache/work_df117d737e38b52e
0,26,27,run4_p1798000_e27,0.5141562819480896,0.38827085494995117,0.31598103046417236,0.20367711782455444,0.6361969709396362,0.5772644281387329,0.9510457515716553,0.5141562819480896,0.38827085494995117,1.7479430913925171,1.4073542356491089,2.2723939418792725,0.5772644281387329,2.426568627357483,0.239,0.106,1155.784680366516,1,0,/home/zhangxu/yolov5-7.0/ga_cache/work_fcdbf882483a5142
0,27,28,run4_p1798000_e28,0.3898305892944336,0.8009585738182068,0.05489391088485718,0.034397244453430176,0.16793429851531982,0.2125023603439331,0.6895219087600708,0.3898305892944336,0.8009585738182068,0.9646817326545716,1.0687944889068604,1.3358685970306396,0.2125023603439331,2.034282863140106,0.407,0.188,1295.797375202179,1,0,/home/zhangxu/yolov5-7.0/ga_cache/work_23cfc76ed6af371b
0,28,29,run4_p1798000_e29,0.8294480443000793,0.5958002805709839,0.8177401423454285,0.5917990803718567,0.8022458553314209,0.26567912101745605,0.2730669379234314,0.8294480443000793,0.5958002805709839,3.2532204270362852,2.1835981607437134,2.604491710662842,0.26567912101745605,1.409600406885147,0.577,0.272,1340.5617370605469,1,0,/home/zhangxu/yolov5-7.0/ga_cache/work_7394c72d9fbe621a
0,29,30,run4_p1798000_e30,0.6887862682342529,0.10173988342285156,0.575972855091095,0.057263076305389404,0.2594459652900696,0.6767920851707458,0.8861772418022156,0.6887862682342529,0.10173988342285156,2.5279185652732847,1.1145261526107788,1.5188919305801392,0.6767920851707458,2.3292658627033234,0.243,0.108,1373.8652505874634,1,0,/home/zhangxu/yolov5-7.0/ga_cache/work_f61292b7d85a49c0
0,30,31,run4_p1798000_e31,0.449230432510376,0.04980134963989258,0.17747074365615845,0.4435717463493347,0.2415837049484253,0.31741422414779663,0.6838040947914124,0.449230432510376,0.04980134963989258,1.3324122309684754,1.8871434926986694,1.4831674098968506,0.31741422414779663,2.0257061421871185,0.437,0.205,1310.6883161067963,1,0,/home/zhangxu/yolov5-7.0/ga_cache/work_e561b2ad5017ab63
0,31,32,run4_p1798000_e32,0.9486662149429321,0.6915310621261597,0.6664432883262634,0.2902924418449402,0.9929789900779724,0.5301575064659119,0.938708484172821,0.9486662149429321,0.6915310621261597,2.79932986497879,1.5805848836898804,2.985957980155945,0.5301575064659119,2.4080627262592316,0.197,0.0849,1303.7828631401062,1,0,/home/zhangxu/yolov5-7.0/ga_cache/work_35361f6ac1d02592
0,32,33,run4_p1798000_e33,0.19809097051620483,0.8694485425949097,0.2028331756591797,0.9479900598526001,0.16295576095581055,0.4623255729675293,0.1478440761566162,0.19809097051620483,0.8694485425949097,1.408499526977539,2.8959801197052,1.325911521911621,0.4623255729675293,1.2217661142349243,0.653,0.32,1360.8420028686523,1,0,/home/zhangxu/yolov5-7.0/ga_cache/work_b3ba7b1be831408e
0,33,34,run4_p1798000_e34,0.4659454822540283,0.2791714072227478,0.11414515972137451,0.47786945104599,0.49112361669540405,0.22305351495742798,0.8384379744529724,0.4659454822540283,0.2791714072227478,1.1424354791641236,1.95573890209198,1.982247233390808,0.22305351495742798,2.2576569616794586,0.329,0.149,1374.0757839679718,1,0,/home/zhangxu/yolov5-7.0/ga_cache/work_6c16fada9e20d343
0,34,35,run4_p1798000_e35,0.13985079526901245,0.3730303645133972,0.9588140845298767,0.6227529644966125,0.43784183263778687,0.7949135303497314,0.8481252789497375,0.13985079526901245,0.3730303645133972,3.67644225358963,2.245505928993225,1.8756836652755737,0.7949135303497314,2.2721879184246063,0.173,0.0739,1377.6637647151947,1,0,/home/zhangxu/yolov5-7.0/ga_cache/work_78cb56e3aeda9b9c
0,35,36,run4_p1798000_e36,0.24421054124832153,0.6485992670059204,0.8379297852516174,0.7774097323417664,0.6765051484107971,0.473332941532135,0.7648163437843323,0.24421054124832153,0.6485992670059204,3.313789355754852,2.5548194646835327,2.3530102968215942,0.473332941532135,2.1472245156764984,0.245,0.105,1368.7121410369873,1,0,/home/zhangxu/yolov5-7.0/ga_cache/work_bed2fe89444051ef
0,36,37,run4_p1798000_e37,0.4345772862434387,0.8260525465011597,0.994595468044281,0.9743946194648743,0.6691715121269226,0.3118739724159241,0.32934850454330444,0.4345772862434387,0.8260525465011597,3.783786404132843,2.9487892389297485,2.338343024253845,0.3118739724159241,1.4940227568149567,0.488,0.224,1085.7785069942474,1,0,/home/zhangxu/yolov5-7.0/ga_cache/work_41d62dab56592fd5
0,37,38,run4_p1798000_e38,0.8050459027290344,0.3939082622528076,0.26715314388275146,0.4118790626525879,0.14219778776168823,0.7564656138420105,0.32951247692108154,0.8050459027290344,0.3939082622528076,1.6014594316482544,1.8237581253051758,1.2843955755233765,0.7564656138420105,1.4942687153816223,0.539,0.26,1121.7086727619171,1,0,/home/zhangxu/yolov5-7.0/ga_cache/work_da2d9cf3fce2a4c1
0,38,39,run4_p1798000_e39,0.6855059862136841,0.7103428840637207,0.11049634218215942,0.08450067043304443,0.9041141867637634,0.5761785507202148,0.7507491707801819,0.6855059862136841,0.7103428840637207,1.1314890265464783,1.1690013408660889,2.808228373527527,0.5761785507202148,2.126123756170273,0.312,0.139,1065.250051021576,1,0,/home/zhangxu/yolov5-7.0/ga_cache/work_81e7f49bf4fee346
0,39,40,run4_p1798000_e40,0.9580750465393066,0.736626148223877,0.19284552335739136,0.879412055015564,0.0902864933013916,0.39251333475112915,0.9130210280418396,0.9580750465393066,0.736626148223877,1.3785365700721741,2.758824110031128,1.1805729866027832,0.39251333475112915,2.3695315420627594,0.264,0.118,1159.8851866722107,1,0,/home/zhangxu/yolov5-7.0/ga_cache/work_84078ae5020f7dcd
0,40,41,run4_p1798000_e41,0.2942267656326294,0.8143986463546753,0.7625571489334106,0.875018835067749,0.20594030618667603,0.3563191890716553,0.9735879898071289,0.2942267656326294,0.8143986463546753,3.0876714468002318,2.750037670135498,1.411880612373352,0.3563191890716553,2.4603819847106934,0.195,0.0863,1208.7246329784393,1,0,/home/zhangxu/yolov5-7.0/ga_cache/work_46a7be4538bdf622
0,41,42,run4_p1798000_e42,0.9564812779426575,0.9585462808609009,0.19727450609207153,0.7913329005241394,0.49347907304763794,0.8881552219390869,0.015991389751434326,0.9564812779426575,0.9585462808609009,1.3918235182762146,2.582665801048279,1.9869581460952759,0.8881552219390869,1.0239870846271515,0.434,0.201,1212.6937987804413,1,0,/home/zhangxu/yolov5-7.0/ga_cache/work_e471ff6aae50b301
0,42,43,run4_p1798000_e43,0.38546717166900635,0.567685067653656,0.019403457641601562,0.9691122770309448,0.899662435054779,0.27918750047683716,0.1611432433128357,0.38546717166900635,0.567685067653656,0.8582103729248047,2.9382245540618896,2.799324870109558,0.27918750047683716,1.2417148649692535,0.604,0.289,1165.5301156044006,1,0,/home/zhangxu/yolov5-7.0/ga_cache/work_1f67e9cc7ec4e10a
0,43,44,run4_p1798000_e44,0.3875805139541626,0.24847370386123657,0.7596746683120728,0.7054658532142639,0.5016797780990601,0.9368159770965576,0.03539019823074341,0.3875805139541626,0.24847370386123657,3.079024004936218,2.410931706428528,2.00335955619812,0.9368159770965576,1.0530852973461151,0.257,0.112,1177.0382192134857,1,0,/home/zhangxu/yolov5-7.0/ga_cache/work_e4ca09caa87ef69b
0,44,45,run4_p1798000_e45,0.17088955640792847,0.7270769476890564,0.055782854557037354,0.8586794137954712,0.4468422532081604,0.262448251247406,0.9343345165252686,0.17088955640792847,0.7270769476890564,0.9673485636711121,2.7173588275909424,1.8936845064163208,0.262448251247406,2.401501774787903,0.227,0.102,1162.5243604183197,1,0,/home/zhangxu/yolov5-7.0/ga_cache/work_d38a7d2712a4dd98
0,45,46,run4_p1798000_e46,0.36670130491256714,0.9262087345123291,0.8801400661468506,0.4698147773742676,0.9000112414360046,0.09038519859313965,0.39392364025115967,0.36670130491256714,0.9262087345123291,3.4404201984405516,1.9396295547485352,2.8000224828720093,0.09038519859313965,1.5908854603767395,0.582,0.279,1137.8287501335144,1,0,/home/zhangxu/yolov5-7.0/ga_cache/work_f8845deec3e885ab
0,46,47,run4_p1798000_e47,0.9892230033874512,0.2679906487464905,0.07014662027359009,0.630334198474884,0.42105644941329956,0.5667186975479126,0.6446747183799744,0.9892230033874512,0.2679906487464905,1.0104398608207703,2.260668396949768,1.8421128988265991,0.5667186975479126,1.9670120775699615,0.363,0.165,1112.6485283374786,1,0,/home/zhangxu/yolov5-7.0/ga_cache/work_3371ffce2e071516
0,47,48,run4_p1798000_e48,0.8462358117103577,0.9976690411567688,0.6483086347579956,0.89825439453125,0.8083173036575317,0.6961842775344849,0.8249785304069519,0.8462358117103577,0.9976690411567688,2.7449259042739866,2.7965087890625,2.6166346073150635,0.6961842775344849,2.237467795610428,0.16,0.0689,967.3835322856903,1,0,/home/zhangxu/yolov5-7.0/ga_cache/work_19906e7c5f5b5ec7
0,48,49,run4_p1798000_e49,0.2621397376060486,0.37065231800079346,0.9103021621704102,0.3372131586074829,0.42979031801223755,0.20148229598999023,0.9884999394416809,0.2621397376060486,0.37065231800079346,3.5309064865112303,1.6744263172149658,1.859580636024475,0.20148229598999023,2.4827499091625214,0.237,0.106,824.9176185131073,1,0,/home/zhangxu/yolov5-7.0/ga_cache/work_1ad560077c18361b
0,49,50,run4_p1798000_e50,0.844619870185852,0.5759590268135071,0.182015061378479,0.49423545598983765,0.7431616187095642,0.8964822292327881,0.6120644807815552,0.844619870185852,0.5759590268135071,1.346045184135437,1.9884709119796753,2.4863232374191284,0.8964822292327881,1.9180967211723328,0.31,0.139,787.5116302967072,1,0,/home/zhangxu/yolov5-7.0/ga_cache/work_211ebb2a6bb6ddec
1,0,51,run4_p1798000_e51,0.6913166642189026,0.43730807304382324,0.13880199193954468,0.5303462147712708,0.06652611494064331,0.3382759690284729,0.06010305881500244,0.6913166642189026,0.43730807304382324,1.216405975818634,2.0606924295425415,1.1330522298812866,0.3382759690284729,1.0901545882225037,0.764,0.393,857.8510472774506,1,0,/home/zhangxu/yolov5-7.0/ga_cache/work_623e27b1db67aca9
1,1,52,run4_p1798000_e52,0.5513259768486023,0.567685067653656,0.019403457641601562,0.9691122770309448,0.6680850982666016,0.34294503927230835,0.1611432433128357,0.5513259768486023,0.567685067653656,0.8582103729248047,2.9382245540618896,2.336170196533203,0.34294503927230835,1.2417148649692535,0.611,0.294,1202.76002907753,1,0,/home/zhangxu/yolov5-7.0/ga_cache/work_8de7a66ea995d09a
1,2,53,run4_p1798000_e53,0.38546717166900635,0.40602946281433105,0.3020135760307312,0.6952376961708069,0.899662435054779,0.27918750047683716,0.43975454568862915,0.38546717166900635,0.40602946281433105,1.7060407280921936,2.3904753923416138,2.799324870109558,0.27918750047683716,1.6596318185329437,0.562,0.268,1236.0483207702637,1,0,/home/zhangxu/yolov5-7.0/ga_cache/work_faa66386a5372ab0
1,3,54,run4_p1798000_e54,0.8050459027290344,0.8260525465011597,0.994595468044281,0.9743946194648743,0.14219778776168823,0.3118739724159241,0.32951247692108154,0.8050459027290344,0.8260525465011597,3.783786404132843,2.9487892389297485,1.2843955755233765,0.3118739724159241,1.4942687153816223,0.552,0.26,1182.5558292865753,1,0,/home/zhangxu/yolov5-7.0/ga_cache/work_3a73ba7da2fb1231
1,4,55,run4_p1798000_e55,0.4345772862434387,0.3939082622528076,0.26715314388275146,0.4118790626525879,0.6691715121269226,0.7564656138420105,0.32934850454330444,0.4345772862434387,0.3939082622528076,1.6014594316482544,1.8237581253051758,2.338343024253845,0.7564656138420105,1.4940227568149567,0.486,0.23,1248.6689059734344,1,0,/home/zhangxu/yolov5-7.0/ga_cache/work_7865ae68c3f63d92
1,5,56,run4_p1798000_e56,0.8294480443000793,0.5958002805709839,0.8177401423454285,0.6952376961708069,0.8022458553314209,0.26567912101745605,0.43975454568862915,0.8294480443000793,0.5958002805709839,3.2532204270362852,2.3904753923416138,2.604491710662842,0.26567912101745605,1.6596318185329437,0.468,0.214,876.4435653686523,1,0,/home/zhangxu/yolov5-7.0/ga_cache/work_16449396966efda1
1,6,57,run4_p1798000_e57,0.6548912525177002,0.4382548928260803,0.6804519295692444,0.5430762767791748,0.4927765727043152,0.16339242458343506,0.07262291014194489,0.6548912525177002,0.4382548928260803,2.841355788707733,2.0861525535583496,1.9855531454086304,0.16339242458343506,1.1089343652129173,0.752,0.382,1218.6428906917572,1,0,/home/zhangxu/yolov5-7.0/ga_cache/work_4a9c5ea4138663e4
1,7,58,run4_p1798000_e58,0.8396455645561218,0.28334665298461914,0.7661260366439819,0.2854275107383728,0.6467760801315308,0.5839683413505554,0.34248799085617065,0.8396455645561218,0.28334665298461914,3.0983781099319456,1.5708550214767456,2.2935521602630615,0.5839683413505554,1.513731986284256,0.485,0.227,898.2230274677277,1,0,/home/zhangxu/yolov5-7.0/ga_cache/work_d249e4990cf765b8
1,8,59,run4_p1798000_e59,0.5248350501060486,0.21552139520645142,0.6623544096946716,0.2831012010574341,0.3099527359008789,0.6375284194946289,0.5980954170227051,0.5248350501060486,0.21552139520645142,2.7870632290840147,1.5662024021148682,1.6199054718017578,0.6375284194946289,1.8971431255340576,0.408,0.188,1227.8152515888214,1,0,/home/zhangxu/yolov5-7.0/ga_cache/work_5197313bd9f770ed
1,9,60,run4_p1798000_e60,0.19809097051620483,0.5958002805709839,0.8177401423454285,0.9479900598526001,0.8022458553314209,0.4623255729675293,0.2730669379234314,0.19809097051620483,0.5958002805709839,3.2532204270362852,2.8959801197052,2.604491710662842,0.4623255729675293,1.409600406885147,0.429,0.196,1254.7024223804474,1,0,/home/zhangxu/yolov5-7.0/ga_cache/work_ea7799f6fd15fa98
1,10,61,run4_p1798000_e61,0.8294480443000793,0.8694485425949097,0.2028331756591797,0.5917990803718567,0.16295576095581055,0.26567912101745605,0.1478440761566162,0.8294480443000793,0.8694485425949097,1.408499526977539,2.1835981607437134,1.325911521911621,0.26567912101745605,1.2217661142349243,0.737,0.37,1207.115522146225,1,0,/home/zhangxu/yolov5-7.0/ga_cache/work_ff310f43a96b62a6
1,11,62,run4_p1798000_e62,0.5871960520744324,0.10683983564376831,0.0086517333984375,0.8596221804618835,0.8258154392242432,0.30598658323287964,0.022638261318206787,0.5871960520744324,0.10683983564376831,0.8259552001953125,2.719244360923767,2.6516308784484863,0.30598658323287964,1.0339573919773102,0.686,0.338,1250.930982351303,1,0,/home/zhangxu/yolov5-7.0/ga_cache/work_e9040909afd29308
1,12,63,run4_p1798000_e63,0.5123487114906311,0.8910568952560425,0.7594925165176392,0.0756102204322815,0.7914164066314697,0.8009899854660034,0.5539100170135498,0.5123487114906311,0.8910568952560425,3.0784775495529173,1.151220440864563,2.5828328132629395,0.8009899854660034,1.8308650255203247,0.293,0.128,825.5896120071411,1,0,/home/zhangxu/yolov5-7.0/ga_cache/work_ec6b858095624c1e
1,13,64,run4_p1798000_e64,0.6913166642189026,0.9111853241920471,0.13880199193954468,0.5303462147712708,0.06652611494064331,0.3382759690284729,0.06010305881500244,0.6913166642189026,0.9111853241920471,1.216405975818634,2.0606924295425415,1.1330522298812866,0.3382759690284729,1.0901545882225037,0.75,0.377,857.3540389537811,1,0,/home/zhangxu/yolov5-7.0/ga_cache/work_7d64bde8bb64a544
1,14,65,run4_p1798000_e65,0.8182708621025085,0.43730807304382324,0.3395642042160034,0.6780571341514587,0.422508180141449,0.24552160501480103,0.4001631736755371,0.8182708621025085,0.43730807304382324,1.8186926126480103,2.3561142683029175,1.845016360282898,0.24552160501480103,1.6002447605133057,0.607,0.293,978.7686972618103,1,0,/home/zhangxu/yolov5-7.0/ga_cache/work_a40e0e2db91e40b8
1,15,66,run4_p1798000_e66,0.7463217377662659,0.6896491646766663,0.289192795753479,0.06974083185195923,0.7583150863647461,0.45106542110443115,0.06384825706481934,0.7463217377662659,0.6896491646766663,1.667578387260437,1.1394816637039185,2.516630172729492,0.45106542110443115,1.095772385597229,0.711,0.357,902.5512285232544,1,0,/home/zhangxu/yolov5-7.0/ga_cache/work_08307e1572e7c1f5
1,16,67,run4_p1798000_e67,0.4506819248199463,0.24928653240203857,0.5628119707107544,0.9655966758728027,0.7342879176139832,0.3556722402572632,0.17953556776046753,0.4506819248199463,0.24928653240203857,2.488435912132263,2.9311933517456055,2.4685758352279663,0.3556722402572632,1.2693033516407013,0.587,0.281,1158.8264498710632,1,0,/home/zhangxu/yolov5-7.0/ga_cache/work_9fddd0d95206aa09
1,17,68,run4_p1798000_e68,0.8294480443000793,0.43730807304382324,0.13880199193954468,0.5917990803718567,0.06652611494064331,0.3382759690284729,0.06010305881500244,0.8294480443000793,0.43730807304382324,1.216405975818634,2.1835981607437134,1.1330522298812866,0.3382759690284729,1.0901545882225037,0.758,0.387,1154.337040424347,1,0,/home/zhangxu/yolov5-7.0/ga_cache/work_8464980677f52df9
1,18,69,run4_p1798000_e69,0.7092348337173462,0.7754700779914856,1.0,0.6399924755096436,0.5062322616577148,0.17260879278182983,0.38971322774887085,0.7092348337173462,0.7754700779914856,3.8,2.279984951019287,2.0124645233154297,0.17260879278182983,1.5845698416233063,0.572,0.273,1151.859218597412,1,0,/home/zhangxu/yolov5-7.0/ga_cache/work_b6d742f86c77018e
1,19,70,run4_p1798000_e70,0.4345772862434387,0.21552139520645142,0.994595468044281,0.2854275107383728,0.6691715121269226,0.3118739724159241,0.32934850454330444,0.4345772862434387,0.21552139520645142,3.783786404132843,1.5708550214767456,2.338343024253845,0.3118739724159241,1.4940227568149567,0.603,0.292,1165.4175004959106,1,0,/home/zhangxu/yolov5-7.0/ga_cache/work_cd3ad46008370319
1,20,71,run4_p1798000_e71,0.5248350501060486,0.8260525465011597,0.7661260366439819,0.9743946194648743,0.3099527359008789,0.5839683413505554,0.34248799085617065,0.5248350501060486,0.8260525465011597,3.0983781099319456,2.9487892389297485,1.6199054718017578,0.5839683413505554,1.513731986284256,0.449,0.206,1160.7927582263947,1,0,/home/zhangxu/yolov5-7.0/ga_cache/work_82f62acc2e2275c6
1,21,72,run4_p1798000_e72,0.4506819248199463,0.6896491646766663,0.289192795753479,0.9655966758728027,0.7342879176139832,0.45106542110443115,0.06384825706481934,0.4506819248199463,0.6896491646766663,1.667578387260437,2.9311933517456055,2.4685758352279663,0.45106542110443115,1.095772385597229,0.624,0.307,1179.9537913799286,1,0,/home/zhangxu/yolov5-7.0/ga_cache/work_c48e3753e40feca6
1,22,73,run4_p1798000_e73,0.7463217377662659,0.24928653240203857,0.5628119707107544,0.06974083185195923,0.7583150863647461,0.3556722402572632,0.17953556776046753,0.7463217377662659,0.24928653240203857,2.488435912132263,1.1394816637039185,2.516630172729492,0.3556722402572632,1.2693033516407013,0.678,0.335,1181.9817433357239,1,0,/home/zhangxu/yolov5-7.0/ga_cache/work_6c33febc836c30d4
1,23,74,run4_p1798000_e74,0.5248350501060486,0.8009585738182068,0.05489391088485718,0.034397244453430176,0.3099527359008789,0.5839683413505554,0.6895219087600708,0.5248350501060486,0.8009585738182068,0.9646817326545716,1.0687944889068604,1.6199054718017578,0.5839683413505554,2.034282863140106,0.359,0.165,1197.0689356327057,1,0,/home/zhangxu/yolov5-7.0/ga_cache/work_d5b6321ba840d7cf
1,24,75,run4_p1798000_e75,0.3898305892944336,0.21552139520645142,0.7661260366439819,0.2854275107383728,0.16793429851531982,0.2125023603439331,0.34248799085617065,0.3898305892944336,0.21552139520645142,3.0983781099319456,1.5708550214767456,1.3358685970306396,0.2125023603439331,1.513731986284256,0.669,0.329,923.2114262580872,1,0,/home/zhangxu/yolov5-7.0/ga_cache/work_6d8e1df692a4cc8f
1,25,76,run4_p1798000_e76,0.5123487114906311,0.10683983564376831,0.8861482739448547,0.453544557094574,0.8258154392242432,0.5486041903495789,0.7786327004432678,0.5123487114906311,0.10683983564376831,3.458444821834564,1.907089114189148,2.6516308784484863,0.5486041903495789,2.1679490506649017,0.244,0.105,978.4102416038513,1,0,/home/zhangxu/yolov5-7.0/ga_cache/work_64cd2e75bec06bee
1,26,77,run4_p1798000_e77,0.9554245471954346,0.2801399827003479,0.0086517333984375,0.0756102204322815,0.2832335829734802,0.8009899854660034,0.5539100170135498,0.9554245471954346,0.2801399827003479,0.8259552001953125,1.151220440864563,1.5664671659469604,0.8009899854660034,1.8308650255203247,0.393,0.183,966.1821248531342,1,0,/home/zhangxu/yolov5-7.0/ga_cache/work_197d684518cbea0f
1,27,78,run4_p1798000_e78,0.5248350501060486,0.21552139520645142,0.7661260366439819,0.2854275107383728,0.3099527359008789,0.5839683413505554,0.6185296773910522,0.5248350501060486,0.21552139520645142,3.0983781099319456,1.5708550214767456,1.6199054718017578,0.5839683413505554,1.9277945160865784,0.405,0.186,927.4152686595917,1,0,/home/zhangxu/yolov5-7.0/ga_cache/work_6ddff61ddc8e8a24
1,28,79,run4_p1798000_e79,0.5763643980026245,0.9843270182609558,0.8597036600112915,0.10767602920532227,0.8512341380119324,0.9478463530540466,0.34248799085617065,0.5763643980026245,0.9843270182609558,3.3791109800338743,1.2153520584106445,2.7024682760238647,0.9478463530540466,1.513731986284256,0.304,0.135,1040.5321769714355,1,0,/home/zhangxu/yolov5-7.0/ga_cache/work_cad50152d40caf40
1,29,80,run4_p1798000_e80,0.6855059862136841,0.04980134963989258,0.17747074365615845,0.4435717463493347,0.2415837049484253,0.5761785507202148,0.7507491707801819,0.6855059862136841,0.04980134963989258,1.3324122309684754,1.8871434926986694,1.4831674098968506,0.5761785507202148,2.126123756170273,0.351,0.161,1045.1873965263367,1,0,/home/zhangxu/yolov5-7.0/ga_cache/work_c38a82f584d8cf9c
1,30,81,run4_p1798000_e81,0.449230432510376,0.7103428840637207,0.11049634218215942,0.08450067043304443,0.9041141867637634,0.31741422414779663,0.6838040947914124,0.449230432510376,0.7103428840637207,1.1314890265464783,1.1690013408660889,2.808228373527527,0.31741422414779663,2.0257061421871185,0.391,0.178,1053.95538854599,1,0,/home/zhangxu/yolov5-7.0/ga_cache/work_42d1e00ac6138977
1,31,82,run4_p1798000_e82,0.43283599615097046,0.8711015582084656,0.5840385556221008,0.09874224662780762,0.33417391777038574,0.7915015816688538,0.27572500705718994,0.43283599615097046,0.8711015582084656,2.5521156668663023,1.1974844932556152,1.6683478355407715,0.7915015816688538,1.413587510585785,0.496,0.234,968.9876143932343,1,0,/home/zhangxu/yolov5-7.0/ga_cache/work_78e7989321270e28
1,32,83,run4_p1798000_e83,0.7463217377662659,0.6896491646766663,0.289192795753479,0.9655966758728027,0.7342879176139832,0.3556722402572632,0.17953556776046753,0.7463217377662659,0.6896491646766663,1.667578387260437,2.9311933517456055,2.4685758352279663,0.3556722402572632,1.2693033516407013,0.642,0.312,1050.8033730983734,1,0,/home/zhangxu/yolov5-7.0/ga_cache/work_f8db89d280a3f9bd
1,33,84,run4_p1798000_e84,0.6913166642189026,0.567685067653656,0.019403457641601562,0.9691122770309448,0.06652611494064331,0.3382759690284729,0.1611432433128357,0.6913166642189026,0.567685067653656,0.8582103729248047,2.9382245540618896,1.1330522298812866,0.3382759690284729,1.2417148649692535,0.689,0.339,1103.6420130729675,1,0,/home/zhangxu/yolov5-7.0/ga_cache/work_8c889c58ab221fb2
1,34,85,run4_p1798000_e85,0.38546717166900635,0.43730807304382324,0.13880199193954468,0.5303462147712708,0.899662435054779,0.27918750047683716,0.06010305881500244,0.38546717166900635,0.43730807304382324,1.216405975818634,2.0606924295425415,2.799324870109558,0.27918750047683716,1.0901545882225037,0.749,0.379,1059.726322889328,1,0,/home/zhangxu/yolov5-7.0/ga_cache/work_9a9abcf387cb1b5a
1,35,86,run4_p1798000_e86,0.9564812779426575,0.9585462808609009,0.31598103046417236,0.20367711782455444,0.49347907304763794,0.5772644281387329,0.9510457515716553,0.9564812779426575,0.9585462808609009,1.7479430913925171,1.4073542356491089,1.9869581460952759,0.5772644281387329,2.426568627357483,0.243,0.108,1112.863730430603,1,0,/home/zhangxu/yolov5-7.0/ga_cache/work_727886dc3552c5ca
1,36,87,run4_p1798000_e87,0.5141562819480896,0.38827085494995117,0.19727450609207153,0.7913329005241394,0.6361969709396362,0.8881552219390869,0.015991389751434326,0.5141562819480896,0.38827085494995117,1.3918235182762146,2.582665801048279,2.2723939418792725,0.8881552219390869,1.0239870846271515,0.393,0.178,884.743748664856,1,0,/home/zhangxu/yolov5-7.0/ga_cache/work_1c5f926235333236
1,37,88,run4_p1798000_e88,0.4506819248199463,0.567685067653656,0.019403457641601562,0.9691122770309448,0.899662435054779,0.45106542110443115,0.06384825706481934,0.4506819248199463,0.567685067653656,0.8582103729248047,2.9382245540618896,2.799324870109558,0.45106542110443115,1.095772385597229,0.588,0.282,1019.8734784126282,1,0,/home/zhangxu/yolov5-7.0/ga_cache/work_cdfa7ca9425a8ce2
1,38,89,run4_p1798000_e89,0.38546717166900635,0.24928653240203857,0.5628119707107544,0.06974083185195923,0.7583150863647461,0.27918750047683716,0.1611432433128357,0.38546717166900635,0.24928653240203857,2.488435912132263,1.1394816637039185,2.516630172729492,0.27918750047683716,1.2417148649692535,0.718,0.358,847.501407623291,1,0,/home/zhangxu/yolov5-7.0/ga_cache/work_a23beba7bc7836f3
1,39,90,run4_p1798000_e90,0.656386137008667,0.09095411002635956,0.7460563778877258,0.5691239237785339,0.8974272608757019,0.36736270785331726,0.9072786569595337,0.656386137008667,0.09095411002635956,3.0381691336631773,2.138247847557068,2.794854521751404,0.36736270785331726,2.3609179854393005,0.211,0.0913,810.9750499725342,1,0,/home/zhangxu/yolov5-7.0/ga_cache/work_d1171e652ed9f8a2
1,40,91,run4_p1798000_e91,0.449230432510376,0.5958002805709839,0.17747074365615845,0.4435717463493347,0.2415837049484253,0.26567912101745605,0.2730669379234314,0.449230432510376,0.5958002805709839,1.3324122309684754,1.8871434926986694,1.4831674098968506,0.26567912101745605,1.409600406885147,0.705,0.351,816.3135495185852,1,0,/home/zhangxu/yolov5-7.0/ga_cache/work_6b38efd9cef04322
1,41,92,run4_p1798000_e92,0.8396455645561218,0.28334665298461914,0.019403457641601562,0.2831012010574341,0.6467760801315308,0.27918750047683716,0.5980954170227051,0.8396455645561218,0.28334665298461914,0.8582103729248047,1.5662024021148682,2.2935521602630615,0.27918750047683716,1.8971431255340576,0.428,0.197,974.9198517799377,1,0,/home/zhangxu/yolov5-7.0/ga_cache/work_509874e9506cac5c
1,42,93,run4_p1798000_e93,0.38546717166900635,0.567685067653656,0.6623544096946716,0.9691122770309448,0.899662435054779,0.6375284194946289,0.1611432433128357,0.38546717166900635,0.567685067653656,2.7870632290840147,2.9382245540618896,2.799324870109558,0.6375284194946289,1.2417148649692535,0.35,0.159,982.4916932582855,1,0,/home/zhangxu/yolov5-7.0/ga_cache/work_c904e5196f2a6b07
1,43,94,run4_p1798000_e94,0.5123487114906311,0.10683983564376831,0.0086517333984375,0.0756102204322815,0.8258154392242432,0.8009899854660034,0.5539100170135498,0.5123487114906311,0.10683983564376831,0.8259552001953125,1.151220440864563,2.6516308784484863,0.8009899854660034,1.8308650255203247,0.353,0.162,977.6814544200897,1,0,/home/zhangxu/yolov5-7.0/ga_cache/work_1be4c99c30213d96
1,44,95,run4_p1798000_e95,0.9564812779426575,0.9585462808609009,0.19727450609207153,0.7913329005241394,0.49347907304763794,0.8881552219390869,0.015991389751434326,0.9564812779426575,0.9585462808609009,1.3918235182762146,2.582665801048279,1.9869581460952759,0.8881552219390869,1.0239870846271515,0.434,0.201,974.5299990177155,1,0,/home/zhangxu/yolov5-7.0/ga_cache/work_e471ff6aae50b301
1,45,96,run4_p1798000_e96,0.8050459027290344,0.3939082622528076,0.26715314388275146,0.47786945104599,0.49112361669540405,0.22305351495742798,0.32951247692108154,0.8050459027290344,0.3939082622528076,1.6014594316482544,1.95573890209198,1.982247233390808,0.22305351495742798,1.4942687153816223,0.666,0.326,777.8079869747162,1,0,/home/zhangxu/yolov5-7.0/ga_cache/work_e325d8b9356ddecf
1,46,97,run4_p1798000_e97,0.4659454822540283,0.2791714072227478,0.11414515972137451,0.4118790626525879,0.14219778776168823,0.7564656138420105,0.8384379744529724,0.4659454822540283,0.2791714072227478,1.1424354791641236,1.8237581253051758,1.2843955755233765,0.7564656138420105,2.2576569616794586,0.283,0.128,958.5860545635223,1,0,/home/zhangxu/yolov5-7.0/ga_cache/work_31a3f68ad261a2cc
1,47,98,run4_p1798000_e98,0.4506819248199463,0.24928653240203857,0.5628119707107544,0.06974083185195923,0.7583150863647461,0.45106542110443115,0.06384825706481934,0.4506819248199463,0.24928653240203857,2.488435912132263,1.1394816637039185,2.516630172729492,0.45106542110443115,1.095772385597229,0.686,0.342,944.1380910873413,1,0,/home/zhangxu/yolov5-7.0/ga_cache/work_92e50088703909fb
1,48,99,run4_p1798000_e99,0.8182708621025085,0.9111853241920471,0.3395642042160034,0.6780571341514587,0.422508180141449,0.24552160501480103,0.4001631736755371,0.8182708621025085,0.9111853241920471,1.8186926126480103,2.3561142683029175,1.845016360282898,0.24552160501480103,1.6002447605133057,0.604,0.291,942.9721329212189,1,0,/home/zhangxu/yolov5-7.0/ga_cache/work_b1597f3aea67a938
1,49,100,run4_p1798000_e100,0.6265920400619507,0.9262087345123291,0.8801400661468506,0.4698147773742676,0.7958264350891113,0.09038519859313965,0.55103999376297,0.6265920400619507,0.9262087345123291,3.4404201984405516,1.9396295547485352,2.5916528701782227,0.09038519859313965,1.826559990644455,0.48,0.223,739.5783848762512,1,0,/home/zhangxu/yolov5-7.0/ga_cache/work_70a33b74aa7d2993
2,0,101,run4_p1798000_e101,0.6913166642189026,0.43730807304382324,0.13880199193954468,0.5303462147712708,0.06652611494064331,0.3382759690284729,0.06010305881500244,0.6913166642189026,0.43730807304382324,1.216405975818634,2.0606924295425415,1.1330522298812866,0.3382759690284729,1.0901545882225037,0.764,0.393,1106.2373197078705,1,0,/home/zhangxu/yolov5-7.0/ga_cache/work_623e27b1db67aca9
2,1,102,run4_p1798000_e102,0.7932420372962952,0.15225854516029358,0.36138665676116943,0.033474136143922806,0.7336501479148865,0.39414817094802856,0.0,0.7932420372962952,0.15225854516029358,1.8841599702835083,1.0669482722878456,2.467300295829773,0.39414817094802856,1.0,0.716,0.356,860.0680882930756,1,0,/home/zhangxu/yolov5-7.0/ga_cache/work_aaa89c741e82c5c7
2,2,103,run4_p1798000_e103,0.8294480443000793,0.6896491646766663,0.13880199193954468,0.5917990803718567,0.06652611494064331,0.45106542110443115,0.06384825706481934,0.8294480443000793,0.6896491646766663,1.216405975818634,2.1835981607437134,1.1330522298812866,0.45106542110443115,1.095772385597229,0.732,0.367,849.5416424274445,1,0,/home/zhangxu/yolov5-7.0/ga_cache/work_91203345e96036e0
2,3,104,run4_p1798000_e104,0.6913166642189026,0.3939082622528076,0.26715314388275146,0.4118790626525879,0.06652611494064331,0.3382759690284729,0.06010305881500244,0.6913166642189026,0.3939082622528076,1.6014594316482544,1.8237581253051758,1.1330522298812866,0.3382759690284729,1.0901545882225037,0.761,0.389,883.4456880092621,1,0,/home/zhangxu/yolov5-7.0/ga_cache/work_5e032d8e6f3b6c79
2,4,105,run4_p1798000_e105,0.4345772862434387,0.43730807304382324,0.13880199193954468,0.5303462147712708,0.6691715121269226,0.7564656138420105,0.32934850454330444,0.4345772862434387,0.43730807304382324,1.216405975818634,2.0606924295425415,2.338343024253845,0.7564656138420105,1.4940227568149567,0.492,0.232,1066.0467720031738,1,0,/home/zhangxu/yolov5-7.0/ga_cache/work_1f1947227d2254bd
2,5,106,run4_p1798000_e106,0.8050459027290344,0.21552139520645142,0.26715314388275146,0.2854275107383728,0.16793429851531982,0.22305351495742798,0.32951247692108154,0.8050459027290344,0.21552139520645142,1.6014594316482544,1.5708550214767456,1.3358685970306396,0.22305351495742798,1.4942687153816223,0.676,0.335,1137.1761584281921,1,0,/home/zhangxu/yolov5-7.0/ga_cache/work_4af92b3ee85775e1
2,6,107,run4_p1798000_e107,0.3898305892944336,0.3939082622528076,0.7661260366439819,0.47786945104599,0.49112361669540405,0.2125023603439331,0.34248799085617065,0.3898305892944336,0.3939082622528076,3.0983781099319456,1.95573890209198,1.982247233390808,0.2125023603439331,1.513731986284256,0.634,0.307,1061.8320162296295,1,0,/home/zhangxu/yolov5-7.0/ga_cache/work_2b0d4a6fb2b97475
2,7,108,run4_p1798000_e108,0.4506819248199463,0.24928653240203857,0.5628119707107544,0.06974083185195923,0.7583150863647461,0.45106542110443115,0.06384825706481934,0.4506819248199463,0.24928653240203857,2.488435912132263,1.1394816637039185,2.516630172729492,0.45106542110443115,1.095772385597229,0.686,0.342,0.00029778480529785156,1,1,/home/zhangxu/yolov5-7.0/ga_cache/work_92e50088703909fb
2,8,109,run4_p1798000_e109,0.38546717166900635,0.43730807304382324,0.13880199193954468,0.5303462147712708,0.899662435054779,0.27918750047683716,0.06010305881500244,0.38546717166900635,0.43730807304382324,1.216405975818634,2.0606924295425415,2.799324870109558,0.27918750047683716,1.0901545882225037,0.749,0.379,869.6316134929657,1,0,/home/zhangxu/yolov5-7.0/ga_cache/work_9a9abcf387cb1b5a
2,9,110,run4_p1798000_e110,0.43283599615097046,0.8711015582084656,0.5840385556221008,0.09874224662780762,0.33417391777038574,0.7915015816688538,0.27572500705718994,0.43283599615097046,0.8711015582084656,2.5521156668663023,1.1974844932556152,1.6683478355407715,0.7915015816688538,1.413587510585785,0.496,0.234,1073.6351883411407,1,0,/home/zhangxu/yolov5-7.0/ga_cache/work_78e7989321270e28
2,10,111,run4_p1798000_e111,0.7463217377662659,0.6896491646766663,0.289192795753479,0.06974083185195923,0.7583150863647461,0.45106542110443115,0.06384825706481934,0.7463217377662659,0.6896491646766663,1.667578387260437,1.1394816637039185,2.516630172729492,0.45106542110443115,1.095772385597229,0.711,0.357,1068.696439743042,1,0,/home/zhangxu/yolov5-7.0/ga_cache/work_08307e1572e7c1f5
2,11,112,run4_p1798000_e112,0.6548912525177002,0.4382548928260803,0.6804519295692444,0.5430762767791748,0.4927765727043152,0.16339242458343506,0.07262291014194489,0.6548912525177002,0.4382548928260803,2.841355788707733,2.0861525535583496,1.9855531454086304,0.16339242458343506,1.1089343652129173,0.752,0.382,1084.7272312641144,1,0,/home/zhangxu/yolov5-7.0/ga_cache/work_4a9c5ea4138663e4
2,12,113,run4_p1798000_e113,0.4506819248199463,0.6896491646766663,0.289192795753479,0.9655966758728027,0.7342879176139832,0.45106542110443115,0.06384825706481934,0.4506819248199463,0.6896491646766663,1.667578387260437,2.9311933517456055,2.4685758352279663,0.45106542110443115,1.095772385597229,0.624,0.307,1058.3170926570892,1,0,/home/zhangxu/yolov5-7.0/ga_cache/work_c48e3753e40feca6
2,13,114,run4_p1798000_e114,0.6548912525177002,0.5958002805709839,0.6804519295692444,0.6952376961708069,0.8022458553314209,0.26567912101745605,0.43975454568862915,0.6548912525177002,0.5958002805709839,2.841355788707733,2.3904753923416138,2.604491710662842,0.26567912101745605,1.6596318185329437,0.488,0.226,765.8611266613007,1,0,/home/zhangxu/yolov5-7.0/ga_cache/work_60aaec2a5fd6e7ad
2,14,115,run4_p1798000_e115,0.8294480443000793,0.4382548928260803,0.8177401423454285,0.5430762767791748,0.4927765727043152,0.16339242458343506,0.07262291014194489,0.8294480443000793,0.4382548928260803,3.2532204270362852,2.0861525535583496,1.9855531454086304,0.16339242458343506,1.1089343652129173,0.738,0.376,833.3100595474243,1,0,/home/zhangxu/yolov5-7.0/ga_cache/work_946cc2b42cce2c08
2,15,116,run4_p1798000_e116,0.7463217377662659,0.6896491646766663,0.289192795753479,0.9655966758728027,0.7342879176139832,0.3556722402572632,0.17953556776046753,0.7463217377662659,0.6896491646766663,1.667578387260437,2.9311933517456055,2.4685758352279663,0.3556722402572632,1.2693033516407013,0.642,0.312,777.8467719554901,1,0,/home/zhangxu/yolov5-7.0/ga_cache/work_f8db89d280a3f9bd
2,16,117,run4_p1798000_e117,0.7463217377662659,0.6896491646766663,0.289192795753479,0.9655966758728027,0.7342879176139832,0.3556722402572632,0.17953556776046753,0.7463217377662659,0.6896491646766663,1.667578387260437,2.9311933517456055,2.4685758352279663,0.3556722402572632,1.2693033516407013,0.642,0.312,764.1773691177368,1,1,/home/zhangxu/yolov5-7.0/ga_cache/work_f8db89d280a3f9bd
2,17,118,run4_p1798000_e118,0.8294480443000793,0.9111853241920471,0.3395642042160034,0.5917990803718567,0.422508180141449,0.26567912101745605,0.1478440761566162,0.8294480443000793,0.9111853241920471,1.8186926126480103,2.1835981607437134,1.845016360282898,0.26567912101745605,1.2217661142349243,0.707,0.352,1038.7694656848907,1,0,/home/zhangxu/yolov5-7.0/ga_cache/work_8845017fb32ea8d7
2,18,119,run4_p1798000_e119,0.8182708621025085,0.8694485425949097,0.2028331756591797,0.6780571341514587,0.16295576095581055,0.24552160501480103,0.4001631736755371,0.8182708621025085,0.8694485425949097,1.408499526977539,2.3561142683029175,1.325911521911621,0.24552160501480103,1.6002447605133057,0.617,0.301,1058.4655573368073,1,0,/home/zhangxu/yolov5-7.0/ga_cache/work_7f421d53982e3e49
2,19,120,run4_p1798000_e120,0.6548912525177002,0.4382548928260803,0.6804519295692444,0.5430762767791748,0.4927765727043152,0.16339242458343506,0.07262291014194489,0.6548912525177002,0.4382548928260803,2.841355788707733,2.0861525535583496,1.9855531454086304,0.16339242458343506,1.1089343652129173,0.752,0.382,19.003336906433105,1,1,/home/zhangxu/yolov5-7.0/ga_cache/work_4a9c5ea4138663e4
2,20,121,run4_p1798000_e121,0.38546717166900635,0.24928653240203857,0.5628119707107544,0.06974083185195923,0.7583150863647461,0.27918750047683716,0.1611432433128357,0.38546717166900635,0.24928653240203857,2.488435912132263,1.1394816637039185,2.516630172729492,0.27918750047683716,1.2417148649692535,0.718,0.358,1061.7642030715942,1,0,/home/zhangxu/yolov5-7.0/ga_cache/work_a23beba7bc7836f3
2,21,122,run4_p1798000_e122,0.5871960520744324,0.43730807304382324,0.13880199193954468,0.5303462147712708,0.899662435054779,0.30598658323287964,0.022638261318206787,0.5871960520744324,0.43730807304382324,1.216405975818634,2.0606924295425415,2.799324870109558,0.30598658323287964,1.0339573919773102,0.749,0.379,1067.1599943637848,1,0,/home/zhangxu/yolov5-7.0/ga_cache/work_a64d0120311658ae
2,22,123,run4_p1798000_e123,0.38546717166900635,0.10683983564376831,0.0086517333984375,0.8596221804618835,0.8258154392242432,0.27918750047683716,0.06010305881500244,0.38546717166900635,0.10683983564376831,0.8259552001953125,2.719244360923767,2.6516308784484863,0.27918750047683716,1.0901545882225037,0.696,0.346,1072.400627374649,1,0,/home/zhangxu/yolov5-7.0/ga_cache/work_4e0135248834f9cc
2,23,124,run4_p1798000_e124,0.5871960520744324,0.43730807304382324,0.0086517333984375,0.5917990803718567,0.06652611494064331,0.30598658323287964,0.06010305881500244,0.5871960520744324,0.43730807304382324,0.8259552001953125,2.1835981607437134,1.1330522298812866,0.30598658323287964,1.0901545882225037,0.76,0.388,1054.842368364334,1,0,/home/zhangxu/yolov5-7.0/ga_cache/work_d2109b7d37d38cb3
2,24,125,run4_p1798000_e125,0.8294480443000793,0.10683983564376831,0.13880199193954468,0.8596221804618835,0.8258154392242432,0.3382759690284729,0.022638261318206787,0.8294480443000793,0.10683983564376831,1.216405975818634,2.719244360923767,2.6516308784484863,0.3382759690284729,1.0339573919773102,0.702,0.349,1083.4178309440613,1,0,/home/zhangxu/yolov5-7.0/ga_cache/work_4130c664c83d380a
2,25,126,run4_p1798000_e126,0.5513259768486023,0.567685067653656,0.019403457641601562,0.9691122770309448,0.6680850982666016,0.34294503927230835,0.1611432433128357,0.5513259768486023,0.567685067653656,0.8582103729248047,2.9382245540618896,2.336170196533203,0.34294503927230835,1.2417148649692535,0.611,0.294,1053.1636004447937,1,0,/home/zhangxu/yolov5-7.0/ga_cache/work_8de7a66ea995d09a
2,26,127,run4_p1798000_e127,0.7463217377662659,0.6896491646766663,0.289192795753479,0.06974083185195923,0.7583150863647461,0.45106542110443115,0.06384825706481934,0.7463217377662659,0.6896491646766663,1.667578387260437,1.1394816637039185,2.516630172729492,0.45106542110443115,1.095772385597229,0.711,0.357,0.0003142356872558594,1,1,/home/zhangxu/yolov5-7.0/ga_cache/work_08307e1572e7c1f5
2,27,128,run4_p1798000_e128,0.38546717166900635,0.40602946281433105,0.3020135760307312,0.6952376961708069,0.899662435054779,0.27918750047683716,0.43975454568862915,0.38546717166900635,0.40602946281433105,1.7060407280921936,2.3904753923416138,2.799324870109558,0.27918750047683716,1.6596318185329437,0.562,0.268,835.8716287612915,1,0,/home/zhangxu/yolov5-7.0/ga_cache/work_faa66386a5372ab0
2,28,129,run4_p1798000_e129,0.7463217377662659,0.24928653240203857,0.5628119707107544,0.06974083185195923,0.7583150863647461,0.3556722402572632,0.17953556776046753,0.7463217377662659,0.24928653240203857,2.488435912132263,1.1394816637039185,2.516630172729492,0.3556722402572632,1.2693033516407013,0.678,0.335,854.6909470558167,1,0,/home/zhangxu/yolov5-7.0/ga_cache/work_6c33febc836c30d4
2,29,130,run4_p1798000_e130,0.7463217377662659,0.9262087345123291,0.8801400661468506,0.06974083185195923,0.7583150863647461,0.09038519859313965,0.55103999376297,0.7463217377662659,0.9262087345123291,3.4404201984405516,1.1394816637039185,2.516630172729492,0.09038519859313965,1.826559990644455,0.455,0.21,896.7283170223236,1,0,/home/zhangxu/yolov5-7.0/ga_cache/work_b37e581c6ee78e6d
2,30,131,run4_p1798000_e131,0.6265920400619507,0.24928653240203857,0.5628119707107544,0.4698147773742676,0.7958264350891113,0.3556722402572632,0.17953556776046753,0.6265920400619507,0.24928653240203857,2.488435912132263,1.9396295547485352,2.5916528701782227,0.3556722402572632,1.2693033516407013,0.645,0.314,848.503279209137,1,0,/home/zhangxu/yolov5-7.0/ga_cache/work_c7acca988af558e6
2,31,132,run4_p1798000_e132,0.19809097051620483,0.10683983564376831,0.8177401423454285,0.9479900598526001,0.8022458553314209,0.30598658323287964,0.2730669379234314,0.19809097051620483,0.10683983564376831,3.2532204270362852,2.8959801197052,2.604491710662842,0.30598658323287964,1.409600406885147,0.533,0.247,848.2130832672119,1,0,/home/zhangxu/yolov5-7.0/ga_cache/work_9e74d6aa920bc364
2,32,133,run4_p1798000_e133,0.5871960520744324,0.5958002805709839,0.0086517333984375,0.8596221804618835,0.8258154392242432,0.4623255729675293,0.022638261318206787,0.5871960520744324,0.5958002805709839,0.8259552001953125,2.719244360923767,2.6516308784484863,0.4623255729675293,1.0339573919773102,0.595,0.287,1060.9387547969818,1,0,/home/zhangxu/yolov5-7.0/ga_cache/work_696551e8943d63e8
2,33,134,run4_p1798000_e134,0.8182708621025085,0.43730807304382324,0.3395642042160034,0.6780571341514587,0.7583150863647461,0.24552160501480103,0.06384825706481934,0.8182708621025085,0.43730807304382324,1.8186926126480103,2.3561142683029175,2.516630172729492,0.24552160501480103,1.095772385597229,0.724,0.365,1079.7815136909485,1,0,/home/zhangxu/yolov5-7.0/ga_cache/work_2b975db0971cae61
2,34,135,run4_p1798000_e135,0.4506819248199463,0.24928653240203857,0.5628119707107544,0.06974083185195923,0.422508180141449,0.45106542110443115,0.4001631736755371,0.4506819248199463,0.24928653240203857,2.488435912132263,1.1394816637039185,1.845016360282898,0.45106542110443115,1.6002447605133057,0.575,0.278,1073.8307600021362,1,0,/home/zhangxu/yolov5-7.0/ga_cache/work_d78e492c6aca8d1a
2,35,136,run4_p1798000_e136,0.5513259768486023,0.3939082622528076,0.26715314388275146,0.4118790626525879,0.6680850982666016,0.7564656138420105,0.1611432433128357,0.5513259768486023,0.3939082622528076,1.6014594316482544,1.8237581253051758,2.336170196533203,0.7564656138420105,1.2417148649692535,0.515,0.245,1077.5582568645477,1,0,/home/zhangxu/yolov5-7.0/ga_cache/work_77d92e22c227e608
2,36,137,run4_p1798000_e137,0.4345772862434387,0.567685067653656,0.019403457641601562,0.9691122770309448,0.6691715121269226,0.34294503927230835,0.32934850454330444,0.4345772862434387,0.567685067653656,0.8582103729248047,2.9382245540618896,2.338343024253845,0.34294503927230835,1.4940227568149567,0.523,0.245,1068.5519750118256,1,0,/home/zhangxu/yolov5-7.0/ga_cache/work_449a862f95955805
2,37,138,run4_p1798000_e138,0.7092348337173462,0.3939082622528076,1.0,0.47786945104599,0.49112361669540405,0.22305351495742798,0.38971322774887085,0.7092348337173462,0.3939082622528076,3.8,1.95573890209198,1.982247233390808,0.22305351495742798,1.5845698416233063,0.586,0.281,1070.0103392601013,1,0,/home/zhangxu/yolov5-7.0/ga_cache/work_1ff6efd1cd0aeeed
2,38,139,run4_p1798000_e139,0.8050459027290344,0.7754700779914856,0.26715314388275146,0.6399924755096436,0.5062322616577148,0.17260879278182983,0.32951247692108154,0.8050459027290344,0.7754700779914856,1.6014594316482544,2.279984951019287,2.0124645233154297,0.17260879278182983,1.4942687153816223,0.666,0.328,1058.9658300876617,1,0,/home/zhangxu/yolov5-7.0/ga_cache/work_c7f80ccadfeafbe1
2,39,140,run4_p1798000_e140,0.6913166642189026,0.9111853241920471,0.13880199193954468,0.7913329005241394,0.06652611494064331,0.3382759690284729,0.06010305881500244,0.6913166642189026,0.9111853241920471,1.216405975818634,2.582665801048279,1.1330522298812866,0.3382759690284729,1.0901545882225037,0.738,0.371,942.6693770885468,1,0,/home/zhangxu/yolov5-7.0/ga_cache/work_eb886bfd75b795bd
2,40,141,run4_p1798000_e141,0.5141562819480896,0.38827085494995117,0.19727450609207153,0.5303462147712708,0.6361969709396362,0.8881552219390869,0.015991389751434326,0.5141562819480896,0.38827085494995117,1.3918235182762146,2.0606924295425415,2.2723939418792725,0.8881552219390869,1.0239870846271515,0.429,0.198,852.3779489994049,1,0,/home/zhangxu/yolov5-7.0/ga_cache/work_981dbb262523b47f
2,41,142,run4_p1798000_e142,0.8182708621025085,0.43730807304382324,0.2028331756591797,0.5917990803718567,0.422508180141449,0.24552160501480103,0.1478440761566162,0.8182708621025085,0.43730807304382324,1.408499526977539,2.1835981607437134,1.845016360282898,0.24552160501480103,1.2217661142349243,0.74,0.375,933.5566303730011,1,0,/home/zhangxu/yolov5-7.0/ga_cache/work_f55ff1418d5d0157
2,42,143,run4_p1798000_e143,0.8294480443000793,0.8694485425949097,0.3395642042160034,0.6780571341514587,0.16295576095581055,0.26567912101745605,0.4001631736755371,0.8294480443000793,0.8694485425949097,1.8186926126480103,2.3561142683029175,1.325911521911621,0.26567912101745605,1.6002447605133057,0.607,0.294,874.7509121894836,1,0,/home/zhangxu/yolov5-7.0/ga_cache/work_259c64867f603c72
2,43,144,run4_p1798000_e144,0.5871960520744324,0.10683983564376831,0.0086517333984375,0.8596221804618835,0.8258154392242432,0.3382759690284729,0.06010305881500244,0.5871960520744324,0.10683983564376831,0.8259552001953125,2.719244360923767,2.6516308784484863,0.3382759690284729,1.0901545882225037,0.67,0.328,798.5269660949707,1,0,/home/zhangxu/yolov5-7.0/ga_cache/work_a1b61f4207a7dbcb
2,44,145,run4_p1798000_e145,0.6913166642189026,0.9111853241920471,0.13880199193954468,0.5303462147712708,0.06652611494064331,0.30598658323287964,0.022638261318206787,0.6913166642189026,0.9111853241920471,1.216405975818634,2.0606924295425415,1.1330522298812866,0.30598658323287964,1.0339573919773102,0.767,0.388,892.3708698749542,1,0,/home/zhangxu/yolov5-7.0/ga_cache/work_848598153a46767c
2,45,146,run4_p1798000_e146,0.7463217377662659,0.4382548928260803,0.6804519295692444,0.06974083185195923,0.7583150863647461,0.45106542110443115,0.07262291014194489,0.7463217377662659,0.4382548928260803,2.841355788707733,1.1394816637039185,2.516630172729492,0.45106542110443115,1.1089343652129173,0.666,0.329,916.9503185749054,1,0,/home/zhangxu/yolov5-7.0/ga_cache/work_adef350c1b3828dc
2,46,147,run4_p1798000_e147,0.6548912525177002,0.6896491646766663,0.289192795753479,0.5430762767791748,0.4927765727043152,0.16339242458343506,0.06384825706481934,0.6548912525177002,0.6896491646766663,1.667578387260437,2.0861525535583496,1.9855531454086304,0.16339242458343506,1.095772385597229,0.773,0.393,933.9351313114166,1,0,/home/zhangxu/yolov5-7.0/ga_cache/work_e1454ba043690f5a
2,47,148,run4_p1798000_e148,0.19809097051620483,0.4382548928260803,0.6804519295692444,0.9479900598526001,0.8022458553314209,0.4623255729675293,0.07262291014194489,0.19809097051620483,0.4382548928260803,2.841355788707733,2.8959801197052,2.604491710662842,0.4623255729675293,1.1089343652129173,0.501,0.237,943.0957629680634,1,0,/home/zhangxu/yolov5-7.0/ga_cache/work_9eb21b909bae07b4
2,48,149,run4_p1798000_e149,0.6548912525177002,0.5958002805709839,0.8177401423454285,0.5430762767791748,0.4927765727043152,0.16339242458343506,0.2730669379234314,0.6548912525177002,0.5958002805709839,3.2532204270362852,2.0861525535583496,1.9855531454086304,0.16339242458343506,1.409600406885147,0.665,0.325,938.7821719646454,1,0,/home/zhangxu/yolov5-7.0/ga_cache/work_2bdd314f66ff2902
2,49,150,run4_p1798000_e150,0.449230432510376,0.5958002805709839,0.17747074365615845,0.4435717463493347,0.2415837049484253,0.26567912101745605,0.2730669379234314,0.449230432510376,0.5958002805709839,1.3324122309684754,1.8871434926986694,1.4831674098968506,0.26567912101745605,1.409600406885147,0.705,0.351,919.179610490799,1,0,/home/zhangxu/yolov5-7.0/ga_cache/work_6b38efd9cef04322
3,0,151,run4_p1798000_e151,0.6548912525177002,0.6896491646766663,0.289192795753479,0.5430762767791748,0.4927765727043152,0.16339242458343506,0.06384825706481934,0.6548912525177002,0.6896491646766663,1.667578387260437,2.0861525535583496,1.9855531454086304,0.16339242458343506,1.095772385597229,0.773,0.393,0.00038695335388183594,1,1,/home/zhangxu/yolov5-7.0/ga_cache/work_e1454ba043690f5a
3,1,152,run4_p1798000_e152,0.6913166642189026,0.9111853241920471,0.13880199193954468,0.06974083185195923,0.06652611494064331,0.3382759690284729,0.1611432433128357,0.6913166642189026,0.9111853241920471,1.216405975818634,1.1394816637039185,1.1330522298812866,0.3382759690284729,1.2417148649692535,0.721,0.362,931.6617517471313,1,0,/home/zhangxu/yolov5-7.0/ga_cache/work_921c1319a7a19d68
3,2,153,run4_p1798000_e153,0.38546717166900635,0.24928653240203857,0.5628119707107544,0.7913329005241394,0.7583150863647461,0.27918750047683716,0.06010305881500244,0.38546717166900635,0.24928653240203857,2.488435912132263,2.582665801048279,2.516630172729492,0.27918750047683716,1.0901545882225037,0.674,0.333,939.8985593318939,1,0,/home/zhangxu/yolov5-7.0/ga_cache/work_b163201b9995aa1f
3,3,154,run4_p1798000_e154,0.7463217377662659,0.6896491646766663,0.289192795753479,0.06974083185195923,0.7583150863647461,0.45106542110443115,0.06384825706481934,0.7463217377662659,0.6896491646766663,1.667578387260437,1.1394816637039185,2.516630172729492,0.45106542110443115,1.095772385597229,0.711,0.357,964.4388234615326,1,0,/home/zhangxu/yolov5-7.0/ga_cache/work_08307e1572e7c1f5
3,4,155,run4_p1798000_e155,0.5871960520744324,0.10683983564376831,0.0086517333984375,0.8596221804618835,0.8258154392242432,0.3382759690284729,0.06010305881500244,0.5871960520744324,0.10683983564376831,0.8259552001953125,2.719244360923767,2.6516308784484863,0.3382759690284729,1.0901545882225037,0.67,0.328,0.0003409385681152344,1,1,/home/zhangxu/yolov5-7.0/ga_cache/work_a1b61f4207a7dbcb
3,5,156,run4_p1798000_e156,0.7932420372962952,0.9111853241920471,0.36138665676116943,0.5303462147712708,0.7336501479148865,0.39414817094802856,0.022638261318206787,0.7932420372962952,0.9111853241920471,1.8841599702835083,2.0606924295425415,2.467300295829773,0.39414817094802856,1.0339573919773102,0.669,0.329,1031.9190351963043,1,0,/home/zhangxu/yolov5-7.0/ga_cache/work_a6c0c58ef9a33555
3,6,157,run4_p1798000_e157,0.6913166642189026,0.15225854516029358,0.13880199193954468,0.033474136143922806,0.06652611494064331,0.30598658323287964,0.0,0.6913166642189026,0.15225854516029358,1.216405975818634,1.0669482722878456,1.1330522298812866,0.30598658323287964,1.0,0.774,0.397,1002.1676695346832,1,0,/home/zhangxu/yolov5-7.0/ga_cache/work_41faa216938185c8
3,7,158,run4_p1798000_e158,0.5513259768486023,0.3939082622528076,0.26715314388275146,0.06974083185195923,0.7583150863647461,0.27918750047683716,0.1611432433128357,0.5513259768486023,0.3939082622528076,1.6014594316482544,1.1394816637039185,2.516630172729492,0.27918750047683716,1.2417148649692535,0.739,0.372,995.9203817844391,1,0,/home/zhangxu/yolov5-7.0/ga_cache/work_7117b4fb5f57dae1
3,8,159,run4_p1798000_e159,0.38546717166900635,0.24928653240203857,0.5628119707107544,0.4118790626525879,0.6680850982666016,0.7564656138420105,0.1611432433128357,0.38546717166900635,0.24928653240203857,2.488435912132263,1.8237581253051758,2.336170196533203,0.7564656138420105,1.2417148649692535,0.424,0.197,1028.2774441242218,1,0,/home/zhangxu/yolov5-7.0/ga_cache/work_497788262e7cb41d
3,9,160,run4_p1798000_e160,0.38546717166900635,0.9111853241920471,0.0086517333984375,0.7913329005241394,0.8258154392242432,0.27918750047683716,0.06010305881500244,0.38546717166900635,0.9111853241920471,0.8259552001953125,2.582665801048279,2.6516308784484863,0.27918750047683716,1.0901545882225037,0.62,0.3,1043.2902662754059,1,0,/home/zhangxu/yolov5-7.0/ga_cache/work_626b40753dc2f14e
3,10,161,run4_p1798000_e161,0.6913166642189026,0.10683983564376831,0.13880199193954468,0.8596221804618835,0.06652611494064331,0.3382759690284729,0.06010305881500244,0.6913166642189026,0.10683983564376831,1.216405975818634,2.719244360923767,1.1330522298812866,0.3382759690284729,1.0901545882225037,0.751,0.382,1054.4935820102692,1,0,/home/zhangxu/yolov5-7.0/ga_cache/work_3b6c3c595d4bd1ce
3,11,162,run4_p1798000_e162,0.8294480443000793,0.24928653240203857,0.5628119707107544,0.06974083185195923,0.7583150863647461,0.3382759690284729,0.022638261318206787,0.8294480443000793,0.24928653240203857,2.488435912132263,1.1394816637039185,2.516630172729492,0.3382759690284729,1.0339573919773102,0.723,0.359,1036.8034427165985,1,0,/home/zhangxu/yolov5-7.0/ga_cache/work_f6f2f61192cd7e41
3,12,163,run4_p1798000_e163,0.38546717166900635,0.10683983564376831,0.13880199193954468,0.8596221804618835,0.8258154392242432,0.27918750047683716,0.1611432433128357,0.38546717166900635,0.10683983564376831,1.216405975818634,2.719244360923767,2.6516308784484863,0.27918750047683716,1.2417148649692535,0.713,0.356,1009.778951883316,1,0,/home/zhangxu/yolov5-7.0/ga_cache/work_660bc40729ada8f3
3,13,164,run4_p1798000_e164,0.38546717166900635,0.5958002805709839,0.17747074365615845,0.4435717463493347,0.2415837049484253,0.27918750047683716,0.06010305881500244,0.38546717166900635,0.5958002805709839,1.3324122309684754,1.8871434926986694,1.4831674098968506,0.27918750047683716,1.0901545882225037,0.77,0.393,956.9468426704407,1,0,/home/zhangxu/yolov5-7.0/ga_cache/work_a23980ef7d9f47e2
3,14,165,run4_p1798000_e165,0.449230432510376,0.43730807304382324,0.13880199193954468,0.5303462147712708,0.899662435054779,0.26567912101745605,0.2730669379234314,0.449230432510376,0.43730807304382324,1.216405975818634,2.0606924295425415,2.799324870109558,0.26567912101745605,1.409600406885147,0.676,0.333,940.7088191509247,1,0,/home/zhangxu/yolov5-7.0/ga_cache/work_5e9fe81db48db5d8
3,15,166,run4_p1798000_e166,0.6913166642189026,0.43730807304382324,0.13880199193954468,0.5303462147712708,0.899662435054779,0.3382759690284729,0.06010305881500244,0.6913166642189026,0.43730807304382324,1.216405975818634,2.0606924295425415,2.799324870109558,0.3382759690284729,1.0901545882225037,0.731,0.37,925.9437634944916,1,0,/home/zhangxu/yolov5-7.0/ga_cache/work_29ad1f8555119a3b
3,16,167,run4_p1798000_e167,0.5871960520744324,0.9111853241920471,0.13880199193954468,0.7913329005241394,0.06652611494064331,0.30598658323287964,0.022638261318206787,0.5871960520744324,0.9111853241920471,1.216405975818634,2.582665801048279,1.1330522298812866,0.30598658323287964,1.0339573919773102,0.752,0.379,918.9096629619598,1,0,/home/zhangxu/yolov5-7.0/ga_cache/work_2456317188d29a90
3,17,168,run4_p1798000_e168,0.38546717166900635,0.5958002805709839,0.0086517333984375,0.8596221804618835,0.8258154392242432,0.4623255729675293,0.06010305881500244,0.38546717166900635,0.5958002805709839,0.8259552001953125,2.719244360923767,2.6516308784484863,0.4623255729675293,1.0901545882225037,0.588,0.28,1064.6917521953583,1,0,/home/zhangxu/yolov5-7.0/ga_cache/work_56e80f043f259083
3,18,169,run4_p1798000_e169,0.5871960520744324,0.10683983564376831,0.0086517333984375,0.8596221804618835,0.8258154392242432,0.27918750047683716,0.022638261318206787,0.5871960520744324,0.10683983564376831,0.8259552001953125,2.719244360923767,2.6516308784484863,0.27918750047683716,1.0339573919773102,0.694,0.343,1037.1471519470215,1,0,/home/zhangxu/yolov5-7.0/ga_cache/work_499307f16cb24037
3,19,170,run4_p1798000_e170,0.5513259768486023,0.567685067653656,0.019403457641601562,0.5303462147712708,0.6680850982666016,0.3382759690284729,0.06010305881500244,0.5513259768486023,0.567685067653656,0.8582103729248047,2.0606924295425415,2.336170196533203,0.3382759690284729,1.0901545882225037,0.708,0.354,1083.521850347519,1,0,/home/zhangxu/yolov5-7.0/ga_cache/work_26e7aa8e78a7fbe3
3,20,171,run4_p1798000_e171,0.6913166642189026,0.43730807304382324,0.13880199193954468,0.9691122770309448,0.06652611494064331,0.34294503927230835,0.1611432433128357,0.6913166642189026,0.43730807304382324,1.216405975818634,2.9382245540618896,1.1330522298812866,0.34294503927230835,1.2417148649692535,0.721,0.36,1083.5440080165863,1,0,/home/zhangxu/yolov5-7.0/ga_cache/work_3daf73faef9383d3
3,21,172,run4_p1798000_e172,0.8182708621025085,0.8694485425949097,0.2028331756591797,0.5303462147712708,0.16295576095581055,0.24552160501480103,0.4001631736755371,0.8182708621025085,0.8694485425949097,1.408499526977539,2.0606924295425415,1.325911521911621,0.24552160501480103,1.6002447605133057,0.626,0.304,1096.391342163086,1,0,/home/zhangxu/yolov5-7.0/ga_cache/work_0d5bd906f8f3ce13
3,22,173,run4_p1798000_e173,0.38546717166900635,0.43730807304382324,0.13880199193954468,0.6780571341514587,0.899662435054779,0.27918750047683716,0.06010305881500244,0.38546717166900635,0.43730807304382324,1.216405975818634,2.3561142683029175,2.799324870109558,0.27918750047683716,1.0901545882225037,0.742,0.374,973.2450175285339,1,0,/home/zhangxu/yolov5-7.0/ga_cache/work_ba29cef5d682e07b
3,23,174,run4_p1798000_e174,0.6913166642189026,0.43730807304382324,0.13880199193954468,0.5303462147712708,0.06652611494064331,0.3382759690284729,0.06010305881500244,0.6913166642189026,0.43730807304382324,1.216405975818634,2.0606924295425415,1.1330522298812866,0.3382759690284729,1.0901545882225037,0.764,0.393,1108.1824758052826,1,0,/home/zhangxu/yolov5-7.0/ga_cache/work_623e27b1db67aca9
3,24,175,run4_p1798000_e175,0.6913166642189026,0.9111853241920471,0.13880199193954468,0.7913329005241394,0.06652611494064331,0.3382759690284729,0.06010305881500244,0.6913166642189026,0.9111853241920471,1.216405975818634,2.582665801048279,1.1330522298812866,0.3382759690284729,1.0901545882225037,0.738,0.371,1105.203708410263,1,0,/home/zhangxu/yolov5-7.0/ga_cache/work_eb886bfd75b795bd
3,25,176,run4_p1798000_e176,0.38546717166900635,0.43730807304382324,0.26715314388275146,0.4118790626525879,0.06652611494064331,0.3382759690284729,0.06010305881500244,0.38546717166900635,0.43730807304382324,1.6014594316482544,1.8237581253051758,1.1330522298812866,0.3382759690284729,1.0901545882225037,0.76,0.388,1117.3618443012238,1,0,/home/zhangxu/yolov5-7.0/ga_cache/work_294a4217d90513bd
3,26,177,run4_p1798000_e177,0.6913166642189026,0.3939082622528076,0.13880199193954468,0.5303462147712708,0.899662435054779,0.27918750047683716,0.06010305881500244,0.6913166642189026,0.3939082622528076,1.216405975818634,2.0606924295425415,2.799324870109558,0.27918750047683716,1.0901545882225037,0.746,0.38,1052.4925665855408,1,0,/home/zhangxu/yolov5-7.0/ga_cache/work_78daf31f0993e215
3,27,178,run4_p1798000_e178,0.6265920400619507,0.24928653240203857,0.5628119707107544,0.4698147773742676,0.7958264350891113,0.3556722402572632,0.17953556776046753,0.6265920400619507,0.24928653240203857,2.488435912132263,1.9396295547485352,2.5916528701782227,0.3556722402572632,1.2693033516407013,0.645,0.314,921.0638897418976,1,0,/home/zhangxu/yolov5-7.0/ga_cache/work_c7acca988af558e6
3,28,179,run4_p1798000_e179,0.6913166642189026,0.9111853241920471,0.13880199193954468,0.5303462147712708,0.06652611494064331,0.30598658323287964,0.022638261318206787,0.6913166642189026,0.9111853241920471,1.216405975818634,2.0606924295425415,1.1330522298812866,0.30598658323287964,1.0339573919773102,0.767,0.388,1015.6764426231384,1,0,/home/zhangxu/yolov5-7.0/ga_cache/work_848598153a46767c
3,29,180,run4_p1798000_e180,0.7463217377662659,0.43730807304382324,0.0086517333984375,0.06974083185195923,0.06652611494064331,0.30598658323287964,0.06384825706481934,0.7463217377662659,0.43730807304382324,0.8259552001953125,1.1394816637039185,1.1330522298812866,0.30598658323287964,1.095772385597229,0.768,0.391,880.5039987564087,1,0,/home/zhangxu/yolov5-7.0/ga_cache/work_1ca284ca71c8eff2
3,30,181,run4_p1798000_e181,0.5871960520744324,0.6896491646766663,0.289192795753479,0.5917990803718567,0.7583150863647461,0.45106542110443115,0.06010305881500244,0.5871960520744324,0.6896491646766663,1.667578387260437,2.1835981607437134,2.516630172729492,0.45106542110443115,1.0901545882225037,0.652,0.322,1091.7219800949097,1,0,/home/zhangxu/yolov5-7.0/ga_cache/work_b23d1ce6190c375e
3,31,182,run4_p1798000_e182,0.8294480443000793,0.6896491646766663,0.6804519295692444,0.5917990803718567,0.06652611494064331,0.45106542110443115,0.06384825706481934,0.8294480443000793,0.6896491646766663,2.841355788707733,2.1835981607437134,1.1330522298812866,0.45106542110443115,1.095772385597229,0.67,0.333,1005.9469203948975,1,0,/home/zhangxu/yolov5-7.0/ga_cache/work_be78ba3f69076839
3,32,183,run4_p1798000_e183,0.6548912525177002,0.4382548928260803,0.13880199193954468,0.5430762767791748,0.4927765727043152,0.16339242458343506,0.07262291014194489,0.6548912525177002,0.4382548928260803,1.216405975818634,2.0861525535583496,1.9855531454086304,0.16339242458343506,1.1089343652129173,0.785,0.406,1070.3967399597168,1,0,/home/zhangxu/yolov5-7.0/ga_cache/work_1390c90e03010a49
3,33,184,run4_p1798000_e184,0.5871960520744324,0.43730807304382324,0.0086517333984375,0.5917990803718567,0.899662435054779,0.30598658323287964,0.022638261318206787,0.5871960520744324,0.43730807304382324,0.8259552001953125,2.1835981607437134,2.799324870109558,0.30598658323287964,1.0339573919773102,0.702,0.35,1068.689642906189,1,0,/home/zhangxu/yolov5-7.0/ga_cache/work_f0410e57a8611347
3,34,185,run4_p1798000_e185,0.5871960520744324,0.43730807304382324,0.13880199193954468,0.5303462147712708,0.06652611494064331,0.30598658323287964,0.06010305881500244,0.5871960520744324,0.43730807304382324,1.216405975818634,2.0606924295425415,1.1330522298812866,0.30598658323287964,1.0901545882225037,0.775,0.397,1050.2998776435852,1,0,/home/zhangxu/yolov5-7.0/ga_cache/work_0d74369f727a5429
3,35,186,run4_p1798000_e186,0.3898305892944336,0.3939082622528076,0.7661260366439819,0.47786945104599,0.49112361669540405,0.2125023603439331,0.34248799085617065,0.3898305892944336,0.3939082622528076,3.0983781099319456,1.95573890209198,1.982247233390808,0.2125023603439331,1.513731986284256,0.634,0.307,1084.9628820419312,1,0,/home/zhangxu/yolov5-7.0/ga_cache/work_2b0d4a6fb2b97475
3,36,187,run4_p1798000_e187,0.38546717166900635,0.43730807304382324,0.13880199193954468,0.5303462147712708,0.899662435054779,0.27918750047683716,0.06010305881500244,0.38546717166900635,0.43730807304382324,1.216405975818634,2.0606924295425415,2.799324870109558,0.27918750047683716,1.0901545882225037,0.749,0.379,1058.3461351394653,1,0,/home/zhangxu/yolov5-7.0/ga_cache/work_9a9abcf387cb1b5a
3,37,188,run4_p1798000_e188,0.8182708621025085,0.43730807304382324,0.2028331756591797,0.5917990803718567,0.422508180141449,0.24552160501480103,0.1478440761566162,0.8182708621025085,0.43730807304382324,1.408499526977539,2.1835981607437134,1.845016360282898,0.24552160501480103,1.2217661142349243,0.74,0.375,1107.3620903491974,1,0,/home/zhangxu/yolov5-7.0/ga_cache/work_f55ff1418d5d0157
3,38,189,run4_p1798000_e189,0.8294480443000793,0.9111853241920471,0.3395642042160034,0.5917990803718567,0.422508180141449,0.26567912101745605,0.1478440761566162,0.8294480443000793,0.9111853241920471,1.8186926126480103,2.1835981607437134,1.845016360282898,0.26567912101745605,1.2217661142349243,0.707,0.352,944.8911821842194,1,0,/home/zhangxu/yolov5-7.0/ga_cache/work_8845017fb32ea8d7
3,39,190,run4_p1798000_e190,0.6265920400619507,0.24928653240203857,0.5628119707107544,0.4698147773742676,0.7342879176139832,0.45106542110443115,0.17953556776046753,0.6265920400619507,0.24928653240203857,2.488435912132263,1.9396295547485352,2.4685758352279663,0.45106542110443115,1.2693033516407013,0.596,0.288,947.7596685886383,1,0,/home/zhangxu/yolov5-7.0/ga_cache/work_37ed409938b9fd5a
3,40,191,run4_p1798000_e191,0.4506819248199463,0.6896491646766663,0.289192795753479,0.9655966758728027,0.7958264350891113,0.3556722402572632,0.06384825706481934,0.4506819248199463,0.6896491646766663,1.667578387260437,2.9311933517456055,2.5916528701782227,0.3556722402572632,1.095772385597229,0.662,0.327,1035.0160057544708,1,0,/home/zhangxu/yolov5-7.0/ga_cache/work_51b7639f2ce6281f
3,41,192,run4_p1798000_e192,0.7463217377662659,0.43730807304382324,0.0086517333984375,0.06974083185195923,0.06652611494064331,0.45106542110443115,0.06384825706481934,0.7463217377662659,0.43730807304382324,0.8259552001953125,1.1394816637039185,1.1330522298812866,0.45106542110443115,1.095772385597229,0.737,0.372,987.0261056423187,1,0,/home/zhangxu/yolov5-7.0/ga_cache/work_c89541b4ced67be2
3,42,193,run4_p1798000_e193,0.5871960520744324,0.6896491646766663,0.289192795753479,0.5917990803718567,0.7583150863647461,0.30598658323287964,0.06010305881500244,0.5871960520744324,0.6896491646766663,1.667578387260437,2.1835981607437134,2.516630172729492,0.30598658323287964,1.0901545882225037,0.714,0.358,872.4831972122192,1,0,/home/zhangxu/yolov5-7.0/ga_cache/work_87c65ad37b8ad3ca
3,43,194,run4_p1798000_e194,0.8294480443000793,0.4382548928260803,0.6804519295692444,0.06974083185195923,0.4927765727043152,0.45106542110443115,0.07262291014194489,0.8294480443000793,0.4382548928260803,2.841355788707733,1.1394816637039185,1.9855531454086304,0.45106542110443115,1.1089343652129173,0.685,0.341,1015.6435406208038,1,0,/home/zhangxu/yolov5-7.0/ga_cache/work_b024d4837a743db5
3,44,195,run4_p1798000_e195,0.7463217377662659,0.4382548928260803,0.8177401423454285,0.5430762767791748,0.7583150863647461,0.16339242458343506,0.07262291014194489,0.7463217377662659,0.4382548928260803,3.2532204270362852,2.0861525535583496,2.516630172729492,0.16339242458343506,1.1089343652129173,0.721,0.362,999.8037369251251,1,0,/home/zhangxu/yolov5-7.0/ga_cache/work_0756633ea7fec512
3,45,196,run4_p1798000_e196,0.8182708621025085,0.8694485425949097,0.3395642042160034,0.6780571341514587,0.16295576095581055,0.24552160501480103,0.4001631736755371,0.8182708621025085,0.8694485425949097,1.8186926126480103,2.3561142683029175,1.325911521911621,0.24552160501480103,1.6002447605133057,0.613,0.298,992.7091770172119,1,0,/home/zhangxu/yolov5-7.0/ga_cache/work_e3fa9d511db8c995
3,46,197,run4_p1798000_e197,0.8182708621025085,0.43730807304382324,0.2028331756591797,0.6780571341514587,0.7583150863647461,0.24552160501480103,0.06384825706481934,0.8182708621025085,0.43730807304382324,1.408499526977539,2.3561142683029175,2.516630172729492,0.24552160501480103,1.095772385597229,0.745,0.378,982.3067877292633,1,0,/home/zhangxu/yolov5-7.0/ga_cache/work_9a2a1c29e4bc8752
3,47,198,run4_p1798000_e198,0.7463217377662659,0.6896491646766663,0.289192795753479,0.06974083185195923,0.4927765727043152,0.16339242458343506,0.06384825706481934,0.7463217377662659,0.6896491646766663,1.667578387260437,1.1394816637039185,1.9855531454086304,0.16339242458343506,1.095772385597229,0.789,0.405,869.2022678852081,1,0,/home/zhangxu/yolov5-7.0/ga_cache/work_afc416eb1638e903
3,48,199,run4_p1798000_e199,0.6548912525177002,0.4382548928260803,0.6804519295692444,0.5430762767791748,0.7583150863647461,0.45106542110443115,0.07262291014194489,0.6548912525177002,0.4382548928260803,2.841355788707733,2.0861525535583496,2.516630172729492,0.45106542110443115,1.1089343652129173,0.584,0.281,971.1793854236603,1,0,/home/zhangxu/yolov5-7.0/ga_cache/work_dce56b6e5b388330
3,49,200,run4_p1798000_e200,0.4506819248199463,0.24928653240203857,0.5628119707107544,0.06974083185195923,0.7583150863647461,0.45106542110443115,0.06384825706481934,0.4506819248199463,0.24928653240203857,2.488435912132263,1.1394816637039185,2.516630172729492,0.45106542110443115,1.095772385597229,0.686,0.342,955.2607715129852,1,0,/home/zhangxu/yolov5-7.0/ga_cache/work_92e50088703909fb
4,0,201,run4_p1798000_e201,0.7463217377662659,0.6896491646766663,0.289192795753479,0.06974083185195923,0.4927765727043152,0.16339242458343506,0.06384825706481934,0.7463217377662659,0.6896491646766663,1.667578387260437,1.1394816637039185,1.9855531454086304,0.16339242458343506,1.095772385597229,0.789,0.405,0.00043487548828125,1,1,/home/zhangxu/yolov5-7.0/ga_cache/work_afc416eb1638e903
4,1,202,run4_p1798000_e202,0.5871960520744324,0.9111853241920471,0.13880199193954468,0.7913329005241394,0.06652611494064331,0.30598658323287964,0.022638261318206787,0.5871960520744324,0.9111853241920471,1.216405975818634,2.582665801048279,1.1330522298812866,0.30598658323287964,1.0339573919773102,0.752,0.379,1078.50332903862,1,0,/home/zhangxu/yolov5-7.0/ga_cache/work_2456317188d29a90
4,2,203,run4_p1798000_e203,0.7463217377662659,0.6896491646766663,0.289192795753479,0.06974083185195923,0.4927765727043152,0.16339242458343506,0.06384825706481934,0.7463217377662659,0.6896491646766663,1.667578387260437,1.1394816637039185,1.9855531454086304,0.16339242458343506,1.095772385597229,0.789,0.405,0.0003216266632080078,1,1,/home/zhangxu/yolov5-7.0/ga_cache/work_afc416eb1638e903
4,3,204,run4_p1798000_e204,0.7463217377662659,0.15225854516029358,0.289192795753479,0.033474136143922806,0.06652611494064331,0.16339242458343506,0.06384825706481934,0.7463217377662659,0.15225854516029358,1.667578387260437,1.0669482722878456,1.1330522298812866,0.16339242458343506,1.095772385597229,0.787,0.409,1029.4572293758392,1,0,/home/zhangxu/yolov5-7.0/ga_cache/work_3f169da4b705a6f1
4,4,205,run4_p1798000_e205,0.9398053884506226,0.83750319480896,0.0,0.054169006645679474,0.5355833768844604,0.156020388007164,0.025413528084754944,0.9398053884506226,0.83750319480896,0.8,1.108338013291359,2.071166753768921,0.156020388007164,1.0381202921271324,0.771,0.393,963.42706823349,1,0,/home/zhangxu/yolov5-7.0/ga_cache/work_4e9cac8ca68c049d
4,5,206,run4_p1798000_e206,0.5871960520744324,0.9111853241920471,0.13880199193954468,0.5430762767791748,0.4927765727043152,0.30598658323287964,0.022638261318206787,0.5871960520744324,0.9111853241920471,1.216405975818634,2.0861525535583496,1.9855531454086304,0.30598658323287964,1.0339573919773102,0.742,0.373,979.1578092575073,1,0,/home/zhangxu/yolov5-7.0/ga_cache/work_d15c3125cf0149bb
4,6,207,run4_p1798000_e207,0.6548912525177002,0.4382548928260803,0.13880199193954468,0.7913329005241394,0.06652611494064331,0.16339242458343506,0.07262291014194489,0.6548912525177002,0.4382548928260803,1.216405975818634,2.582665801048279,1.1330522298812866,0.16339242458343506,1.1089343652129173,0.79,0.408,1091.5964403152466,1,0,/home/zhangxu/yolov5-7.0/ga_cache/work_2e1ae6ab90a27e51
4,7,208,run4_p1798000_e208,0.38546717166900635,0.6896491646766663,0.289192795753479,0.06974083185195923,0.899662435054779,0.27918750047683716,0.06384825706481934,0.38546717166900635,0.6896491646766663,1.667578387260437,1.1394816637039185,2.799324870109558,0.27918750047683716,1.095772385597229,0.748,0.378,1088.2348773479462,1,0,/home/zhangxu/yolov5-7.0/ga_cache/work_1c843e487dd453c2
4,8,209,run4_p1798000_e209,0.7463217377662659,0.43730807304382324,0.13880199193954468,0.5303462147712708,0.4927765727043152,0.16339242458343506,0.06010305881500244,0.7463217377662659,0.43730807304382324,1.216405975818634,2.0606924295425415,1.9855531454086304,0.16339242458343506,1.0901545882225037,0.783,0.406,1089.1552453041077,1,0,/home/zhangxu/yolov5-7.0/ga_cache/work_bf5fe49406915ab8
4,9,210,run4_p1798000_e210,0.38546717166900635,0.43730807304382324,0.13880199193954468,0.5303462147712708,0.899662435054779,0.27918750047683716,0.06010305881500244,0.38546717166900635,0.43730807304382324,1.216405975818634,2.0606924295425415,2.799324870109558,0.27918750047683716,1.0901545882225037,0.749,0.379,1065.659871339798,1,0,/home/zhangxu/yolov5-7.0/ga_cache/work_9a9abcf387cb1b5a
4,10,211,run4_p1798000_e211,0.5871960520744324,0.9111853241920471,0.13880199193954468,0.7913329005241394,0.06652611494064331,0.30598658323287964,0.022638261318206787,0.5871960520744324,0.9111853241920471,1.216405975818634,2.582665801048279,1.1330522298812866,0.30598658323287964,1.0339573919773102,0.752,0.379,1078.2533893585205,1,1,/home/zhangxu/yolov5-7.0/ga_cache/work_2456317188d29a90
4,11,212,run4_p1798000_e212,0.6913166642189026,0.15225854516029358,0.13880199193954468,0.06974083185195923,0.06652611494064331,0.30598658323287964,0.06384825706481934,0.6913166642189026,0.15225854516029358,1.216405975818634,1.1394816637039185,1.1330522298812866,0.30598658323287964,1.095772385597229,0.772,0.399,936.3984642028809,1,0,/home/zhangxu/yolov5-7.0/ga_cache/work_9c3c19e1cc916f7d
4,12,213,run4_p1798000_e213,0.7463217377662659,0.43730807304382324,0.0086517333984375,0.033474136143922806,0.06652611494064331,0.45106542110443115,0.0,0.7463217377662659,0.43730807304382324,0.8259552001953125,1.0669482722878456,1.1330522298812866,0.45106542110443115,1.0,0.75,0.38,747.9481234550476,1,0,/home/zhangxu/yolov5-7.0/ga_cache/work_24ee58576a6aab11
4,13,214,run4_p1798000_e214,0.6548912525177002,0.6896491646766663,0.289192795753479,0.5430762767791748,0.4927765727043152,0.16339242458343506,0.06384825706481934,0.6548912525177002,0.6896491646766663,1.667578387260437,2.0861525535583496,1.9855531454086304,0.16339242458343506,1.095772385597229,0.773,0.393,1079.3281106948853,1,0,/home/zhangxu/yolov5-7.0/ga_cache/work_e1454ba043690f5a
4,14,215,run4_p1798000_e215,0.6548912525177002,0.6896491646766663,0.289192795753479,0.5430762767791748,0.4927765727043152,0.16339242458343506,0.06384825706481934,0.6548912525177002,0.6896491646766663,1.667578387260437,2.0861525535583496,1.9855531454086304,0.16339242458343506,1.095772385597229,0.773,0.393,332.07153582572937,1,1,/home/zhangxu/yolov5-7.0/ga_cache/work_e1454ba043690f5a
4,15,216,run4_p1798000_e216,0.6548912525177002,0.6896491646766663,0.13880199193954468,0.5430762767791748,0.4927765727043152,0.16339242458343506,0.06010305881500244,0.6548912525177002,0.6896491646766663,1.216405975818634,2.0861525535583496,1.9855531454086304,0.16339242458343506,1.0901545882225037,0.78,0.399,796.701277256012,1,0,/home/zhangxu/yolov5-7.0/ga_cache/work_ca82060962c13364
4,16,217,run4_p1798000_e217,0.38546717166900635,0.43730807304382324,0.289192795753479,0.6780571341514587,0.899662435054779,0.27918750047683716,0.06384825706481934,0.38546717166900635,0.43730807304382324,1.667578387260437,2.3561142683029175,2.799324870109558,0.27918750047683716,1.095772385597229,0.719,0.362,960.9706921577454,1,0,/home/zhangxu/yolov5-7.0/ga_cache/work_f0197dfcbbcf0565
4,17,218,run4_p1798000_e218,0.8537004590034485,0.6992804408073425,0.26744458079338074,0.7165298461914062,0.7900346517562866,0.21062351763248444,0.0,0.8537004590034485,0.6992804408073425,1.6023337423801423,2.4330596923828125,2.5800693035125732,0.21062351763248444,1.0,0.753,0.38,841.9051163196564,1,0,/home/zhangxu/yolov5-7.0/ga_cache/work_be72e1635d3d52c3
4,18,219,run4_p1798000_e219,0.7463217377662659,0.10683983564376831,0.0086517333984375,0.06974083185195923,0.4927765727043152,0.3382759690284729,0.06384825706481934,0.7463217377662659,0.10683983564376831,0.8259552001953125,1.1394816637039185,1.9855531454086304,0.3382759690284729,1.095772385597229,0.744,0.38,1012.8416569232941,1,0,/home/zhangxu/yolov5-7.0/ga_cache/work_803ad8726d1358f9
4,19,220,run4_p1798000_e220,0.6548912525177002,0.4382548928260803,0.13880199193954468,0.5430762767791748,0.06652611494064331,0.16339242458343506,0.06010305881500244,0.6548912525177002,0.4382548928260803,1.216405975818634,2.0861525535583496,1.1330522298812866,0.16339242458343506,1.0901545882225037,0.797,0.415,1021.3663263320923,1,0,/home/zhangxu/yolov5-7.0/ga_cache/work_08591faa84a6f7d0
4,20,221,run4_p1798000_e221,0.6913166642189026,0.43730807304382324,0.13880199193954468,0.5303462147712708,0.4927765727043152,0.3382759690284729,0.07262291014194489,0.6913166642189026,0.43730807304382324,1.216405975818634,2.0606924295425415,1.9855531454086304,0.3382759690284729,1.1089343652129173,0.742,0.376,1051.9386944770813,1,0,/home/zhangxu/yolov5-7.0/ga_cache/work_43db728244b9fa7c
4,21,222,run4_p1798000_e222,0.6913166642189026,0.43730807304382324,0.13880199193954468,0.5430762767791748,0.06652611494064331,0.3382759690284729,0.06010305881500244,0.6913166642189026,0.43730807304382324,1.216405975818634,2.0861525535583496,1.1330522298812866,0.3382759690284729,1.0901545882225037,0.764,0.391,1027.238201379776,1,0,/home/zhangxu/yolov5-7.0/ga_cache/work_463a81282c552879
4,22,223,run4_p1798000_e223,0.6548912525177002,0.6896491646766663,0.289192795753479,0.5303462147712708,0.4927765727043152,0.16339242458343506,0.06384825706481934,0.6548912525177002,0.6896491646766663,1.667578387260437,2.0606924295425415,1.9855531454086304,0.16339242458343506,1.095772385597229,0.773,0.395,1036.772569656372,1,0,/home/zhangxu/yolov5-7.0/ga_cache/work_6b27472e0236b21f
4,23,224,run4_p1798000_e224,0.38546717166900635,0.43730807304382324,0.26715314388275146,0.4118790626525879,0.06652611494064331,0.3382759690284729,0.06010305881500244,0.38546717166900635,0.43730807304382324,1.6014594316482544,1.8237581253051758,1.1330522298812866,0.3382759690284729,1.0901545882225037,0.76,0.388,797.8022022247314,1,0,/home/zhangxu/yolov5-7.0/ga_cache/work_294a4217d90513bd
4,24,225,run4_p1798000_e225,0.6548912525177002,0.6896491646766663,0.289192795753479,0.5430762767791748,0.4927765727043152,0.16339242458343506,0.06384825706481934,0.6548912525177002,0.6896491646766663,1.667578387260437,2.0861525535583496,1.9855531454086304,0.16339242458343506,1.095772385597229,0.773,0.393,0.0003523826599121094,1,1,/home/zhangxu/yolov5-7.0/ga_cache/work_e1454ba043690f5a
4,25,226,run4_p1798000_e226,0.5513259768486023,0.3939082622528076,0.26715314388275146,0.06974083185195923,0.7583150863647461,0.27918750047683716,0.1611432433128357,0.5513259768486023,0.3939082622528076,1.6014594316482544,1.1394816637039185,2.516630172729492,0.27918750047683716,1.2417148649692535,0.739,0.372,1047.3153703212738,1,0,/home/zhangxu/yolov5-7.0/ga_cache/work_7117b4fb5f57dae1
4,26,227,run4_p1798000_e227,0.38546717166900635,0.43730807304382324,0.26715314388275146,0.4118790626525879,0.06652611494064331,0.3382759690284729,0.06010305881500244,0.38546717166900635,0.43730807304382324,1.6014594316482544,1.8237581253051758,1.1330522298812866,0.3382759690284729,1.0901545882225037,0.76,0.388,789.1858761310577,1,1,/home/zhangxu/yolov5-7.0/ga_cache/work_294a4217d90513bd
4,27,228,run4_p1798000_e228,0.6913166642189026,0.10683983564376831,0.13880199193954468,0.5430762767791748,0.06652611494064331,0.16339242458343506,0.07262291014194489,0.6913166642189026,0.10683983564376831,1.216405975818634,2.0861525535583496,1.1330522298812866,0.16339242458343506,1.1089343652129173,0.785,0.41,1044.2351288795471,1,0,/home/zhangxu/yolov5-7.0/ga_cache/work_170d72c978766fc5
4,28,229,run4_p1798000_e229,0.6548912525177002,0.4382548928260803,0.13880199193954468,0.8596221804618835,0.4927765727043152,0.3382759690284729,0.06010305881500244,0.6548912525177002,0.4382548928260803,1.216405975818634,2.719244360923767,1.9855531454086304,0.3382759690284729,1.0901545882225037,0.736,0.372,855.2472047805786,1,0,/home/zhangxu/yolov5-7.0/ga_cache/work_83d5930a2b28d912
4,29,230,run4_p1798000_e230,0.7463217377662659,0.43730807304382324,0.0086517333984375,0.06974083185195923,0.06652611494064331,0.45106542110443115,0.06384825706481934,0.7463217377662659,0.43730807304382324,0.8259552001953125,1.1394816637039185,1.1330522298812866,0.45106542110443115,1.095772385597229,0.737,0.372,835.8701412677765,1,0,/home/zhangxu/yolov5-7.0/ga_cache/work_c89541b4ced67be2
4,30,231,run4_p1798000_e231,0.6548912525177002,0.4382548928260803,0.13880199193954468,0.5430762767791748,0.4927765727043152,0.16339242458343506,0.07262291014194489,0.6548912525177002,0.4382548928260803,1.216405975818634,2.0861525535583496,1.9855531454086304,0.16339242458343506,1.1089343652129173,0.785,0.406,783.5926537513733,1,0,/home/zhangxu/yolov5-7.0/ga_cache/work_1390c90e03010a49
4,31,232,run4_p1798000_e232,0.5871960520744324,0.43730807304382324,0.13880199193954468,0.5303462147712708,0.06652611494064331,0.30598658323287964,0.06010305881500244,0.5871960520744324,0.43730807304382324,1.216405975818634,2.0606924295425415,1.1330522298812866,0.30598658323287964,1.0901545882225037,0.775,0.397,983.0971014499664,1,0,/home/zhangxu/yolov5-7.0/ga_cache/work_0d74369f727a5429
4,32,233,run4_p1798000_e233,0.6913166642189026,0.43730807304382324,0.13880199193954468,0.9691122770309448,0.06652611494064331,0.34294503927230835,0.1611432433128357,0.6913166642189026,0.43730807304382324,1.216405975818634,2.9382245540618896,1.1330522298812866,0.34294503927230835,1.2417148649692535,0.721,0.36,917.7738471031189,1,0,/home/zhangxu/yolov5-7.0/ga_cache/work_3daf73faef9383d3
4,33,234,run4_p1798000_e234,0.6913166642189026,0.9111853241920471,0.13880199193954468,0.06974083185195923,0.06652611494064331,0.3382759690284729,0.06010305881500244,0.6913166642189026,0.9111853241920471,1.216405975818634,1.1394816637039185,1.1330522298812866,0.3382759690284729,1.0901545882225037,0.757,0.381,973.2523691654205,1,0,/home/zhangxu/yolov5-7.0/ga_cache/work_6b62e3e5e0e999d0
4,34,235,run4_p1798000_e235,0.6913166642189026,0.9111853241920471,0.13880199193954468,0.7913329005241394,0.06652611494064331,0.3382759690284729,0.1611432433128357,0.6913166642189026,0.9111853241920471,1.216405975818634,2.582665801048279,1.1330522298812866,0.3382759690284729,1.2417148649692535,0.702,0.348,962.3045363426208,1,0,/home/zhangxu/yolov5-7.0/ga_cache/work_689fcdc65b81bf1a
4,35,236,run4_p1798000_e236,0.5871960520744324,0.43730807304382324,0.13880199193954468,0.5303462147712708,0.06652611494064331,0.30598658323287964,0.06010305881500244,0.5871960520744324,0.43730807304382324,1.216405975818634,2.0606924295425415,1.1330522298812866,0.30598658323287964,1.0901545882225037,0.775,0.397,756.1629745960236,1,1,/home/zhangxu/yolov5-7.0/ga_cache/work_0d74369f727a5429
4,36,237,run4_p1798000_e237,0.5871960520744324,0.9111853241920471,0.13880199193954468,0.7913329005241394,0.06652611494064331,0.30598658323287964,0.022638261318206787,0.5871960520744324,0.9111853241920471,1.216405975818634,2.582665801048279,1.1330522298812866,0.30598658323287964,1.0339573919773102,0.752,0.379,972.8362417221069,1,0,/home/zhangxu/yolov5-7.0/ga_cache/work_2456317188d29a90
4,37,238,run4_p1798000_e238,0.7463217377662659,0.43730807304382324,0.2028331756591797,0.06974083185195923,0.7583150863647461,0.24552160501480103,0.06384825706481934,0.7463217377662659,0.43730807304382324,1.408499526977539,1.1394816637039185,2.516630172729492,0.24552160501480103,1.095772385597229,0.774,0.398,1003.7577428817749,1,0,/home/zhangxu/yolov5-7.0/ga_cache/work_530c8b29d1ce815f
4,38,239,run4_p1798000_e239,0.8182708621025085,0.6896491646766663,0.289192795753479,0.6780571341514587,0.4927765727043152,0.16339242458343506,0.06384825706481934,0.8182708621025085,0.6896491646766663,1.667578387260437,2.3561142683029175,1.9855531454086304,0.16339242458343506,1.095772385597229,0.77,0.392,968.2647910118103,1,0,/home/zhangxu/yolov5-7.0/ga_cache/work_414a07269ddd1355
4,39,240,run4_p1798000_e240,0.5871960520744324,0.43730807304382324,0.13880199193954468,0.5303462147712708,0.06652611494064331,0.30598658323287964,0.06010305881500244,0.5871960520744324,0.43730807304382324,1.216405975818634,2.0606924295425415,1.1330522298812866,0.30598658323287964,1.0901545882225037,0.775,0.397,726.1518092155457,1,1,/home/zhangxu/yolov5-7.0/ga_cache/work_0d74369f727a5429
4,40,241,run4_p1798000_e241,0.6308852434158325,0.3145083785057068,0.19497084617614746,0.5809876918792725,0.0,0.3822067975997925,0.1928989738225937,0.6308852434158325,0.3145083785057068,1.3849125385284424,2.161975383758545,1.0,0.3822067975997925,1.2893484607338905,0.71,0.355,841.2880303859711,1,0,/home/zhangxu/yolov5-7.0/ga_cache/work_f1268e593627ed0d
4,41,242,run4_p1798000_e242,0.7270641326904297,0.42646554112434387,0.04292759299278259,0.0,0.13381877541542053,0.3047502636909485,0.01928853988647461,0.7270641326904297,0.42646554112434387,0.9287827789783478,1.0,1.267637550830841,0.3047502636909485,1.028932809829712,0.779,0.4,821.5311944484711,1,0,/home/zhangxu/yolov5-7.0/ga_cache/work_c89ab5376c812bcf
4,42,243,run4_p1798000_e243,0.8419424295425415,0.8447862863540649,0.39735040068626404,0.43737632036209106,0.39474472403526306,0.1773388683795929,0.5990575551986694,0.8419424295425415,0.8447862863540649,1.9920512020587922,1.8747526407241821,1.7894894480705261,0.1773388683795929,1.8985863327980042,0.505,0.236,783.4883232116699,1,0,/home/zhangxu/yolov5-7.0/ga_cache/work_a724d37d79455676
4,43,244,run4_p1798000_e244,0.38546717166900635,0.5958002805709839,0.17747074365615845,0.4435717463493347,0.2415837049484253,0.27918750047683716,0.06010305881500244,0.38546717166900635,0.5958002805709839,1.3324122309684754,1.8871434926986694,1.4831674098968506,0.27918750047683716,1.0901545882225037,0.77,0.393,760.84406208992,1,0,/home/zhangxu/yolov5-7.0/ga_cache/work_a23980ef7d9f47e2
4,44,245,run4_p1798000_e245,0.5871960520744324,0.10683983564376831,0.0086517333984375,0.8596221804618835,0.8258154392242432,0.27918750047683716,0.022638261318206787,0.5871960520744324,0.10683983564376831,0.8259552001953125,2.719244360923767,2.6516308784484863,0.27918750047683716,1.0339573919773102,0.694,0.343,891.2470235824585,1,0,/home/zhangxu/yolov5-7.0/ga_cache/work_499307f16cb24037
4,45,246,run4_p1798000_e246,0.7463217377662659,0.6896491646766663,0.13880199193954468,0.5303462147712708,0.06652611494064331,0.16339242458343506,0.06384825706481934,0.7463217377662659,0.6896491646766663,1.216405975818634,2.0606924295425415,1.1330522298812866,0.16339242458343506,1.095772385597229,0.793,0.406,882.9154834747314,1,0,/home/zhangxu/yolov5-7.0/ga_cache/work_7c1206858493c844
4,46,247,run4_p1798000_e247,0.6913166642189026,0.43730807304382324,0.289192795753479,0.06974083185195923,0.4927765727043152,0.3382759690284729,0.06010305881500244,0.6913166642189026,0.43730807304382324,1.667578387260437,1.1394816637039185,1.9855531454086304,0.3382759690284729,1.0901545882225037,0.756,0.386,899.6326913833618,1,0,/home/zhangxu/yolov5-7.0/ga_cache/work_7c0c446ab854d8a5
4,47,248,run4_p1798000_e248,0.38546717166900635,0.5958002805709839,0.17747074365615845,0.4435717463493347,0.2415837049484253,0.27918750047683716,0.06010305881500244,0.38546717166900635,0.5958002805709839,1.3324122309684754,1.8871434926986694,1.4831674098968506,0.27918750047683716,1.0901545882225037,0.77,0.393,587.1215274333954,1,1,/home/zhangxu/yolov5-7.0/ga_cache/work_a23980ef7d9f47e2
4,48,249,run4_p1798000_e249,0.6913166642189026,0.9111853241920471,0.13880199193954468,0.7913329005241394,0.06652611494064331,0.3382759690284729,0.06010305881500244,0.6913166642189026,0.9111853241920471,1.216405975818634,2.582665801048279,1.1330522298812866,0.3382759690284729,1.0901545882225037,0.738,0.371,808.5287320613861,1,0,/home/zhangxu/yolov5-7.0/ga_cache/work_eb886bfd75b795bd
4,49,250,run4_p1798000_e250,0.8294480443000793,0.9111853241920471,0.289192795753479,0.5917990803718567,0.422508180141449,0.26567912101745605,0.1478440761566162,0.8294480443000793,0.9111853241920471,1.667578387260437,2.1835981607437134,1.845016360282898,0.26567912101745605,1.2217661142349243,0.714,0.356,795.0823240280151,1,0,/home/zhangxu/yolov5-7.0/ga_cache/work_b1f22261239b9585
5,0,251,run4_p1798000_e251,0.6548912525177002,0.4382548928260803,0.13880199193954468,0.5430762767791748,0.06652611494064331,0.16339242458343506,0.06010305881500244,0.6548912525177002,0.4382548928260803,1.216405975818634,2.0861525535583496,1.1330522298812866,0.16339242458343506,1.0901545882225037,0.797,0.415,1016.3272750377655,1,0,/home/zhangxu/yolov5-7.0/ga_cache/work_08591faa84a6f7d0
5,1,252,run4_p1798000_e252,0.6548912525177002,0.6896491646766663,0.13880199193954468,0.5430762767791748,0.4927765727043152,0.16339242458343506,0.06384825706481934,0.6548912525177002,0.6896491646766663,1.216405975818634,2.0861525535583496,1.9855531454086304,0.16339242458343506,1.095772385597229,0.78,0.398,1042.2522883415222,1,0,/home/zhangxu/yolov5-7.0/ga_cache/work_f7a276133240f1b9
5,2,253,run4_p1798000_e253,0.6548912525177002,0.6896491646766663,0.289192795753479,0.5430762767791748,0.4927765727043152,0.16339242458343506,0.06010305881500244,0.6548912525177002,0.6896491646766663,1.667578387260437,2.0861525535583496,1.9855531454086304,0.16339242458343506,1.0901545882225037,0.775,0.395,889.0424156188965,1,0,/home/zhangxu/yolov5-7.0/ga_cache/work_36b84095ff3cdada
5,3,254,run4_p1798000_e254,0.6051357984542847,0.11856478452682495,0.018637090921401978,0.0,0.023388497531414032,0.05266863852739334,0.07052121311426163,0.6051357984542847,0.11856478452682495,0.855911272764206,1.0,1.046776995062828,0.05266863852739334,1.1057818196713924,0.794,0.415,793.114048242569,1,0,/home/zhangxu/yolov5-7.0/ga_cache/work_6e1af8169a189906
5,4,255,run4_p1798000_e255,0.7463217377662659,0.42646554112434387,0.04292759299278259,0.0,0.06652611494064331,0.3047502636909485,0.06384825706481934,0.7463217377662659,0.42646554112434387,0.9287827789783478,1.0,1.1330522298812866,0.3047502636909485,1.095772385597229,0.768,0.392,883.8612725734711,1,0,/home/zhangxu/yolov5-7.0/ga_cache/work_bc7ddf369c6a58e2
5,5,256,run4_p1798000_e256,0.6548912525177002,0.43730807304382324,0.13880199193954468,0.5430762767791748,0.4927765727043152,0.16339242458343506,0.06384825706481934,0.6548912525177002,0.43730807304382324,1.216405975818634,2.0861525535583496,1.9855531454086304,0.16339242458343506,1.095772385597229,0.786,0.406,1031.3659443855286,1,0,/home/zhangxu/yolov5-7.0/ga_cache/work_8e3056d6bdbfa205
5,6,257,run4_p1798000_e257,0.5871960520744324,0.6896491646766663,0.289192795753479,0.5303462147712708,0.06652611494064331,0.30598658323287964,0.06010305881500244,0.5871960520744324,0.6896491646766663,1.667578387260437,2.0606924295425415,1.1330522298812866,0.30598658323287964,1.0901545882225037,0.758,0.385,765.4915702342987,1,0,/home/zhangxu/yolov5-7.0/ga_cache/work_3b33d9a0e712c7e3
5,7,258,run4_p1798000_e258,0.6548912525177002,0.4382548928260803,0.13880199193954468,0.5430762767791748,0.06652611494064331,0.16339242458343506,0.06010305881500244,0.6548912525177002,0.4382548928260803,1.216405975818634,2.0861525535583496,1.1330522298812866,0.16339242458343506,1.0901545882225037,0.797,0.415,1016.235836982727,1,1,/home/zhangxu/yolov5-7.0/ga_cache/work_08591faa84a6f7d0
5,8,259,run4_p1798000_e259,0.6548912525177002,0.6896491646766663,0.289192795753479,0.5430762767791748,0.4927765727043152,0.16339242458343506,0.06384825706481934,0.6548912525177002,0.6896491646766663,1.667578387260437,2.0861525535583496,1.9855531454086304,0.16339242458343506,1.095772385597229,0.773,0.393,1029.7025229930878,1,0,/home/zhangxu/yolov5-7.0/ga_cache/work_e1454ba043690f5a
5,9,260,run4_p1798000_e260,0.7463217377662659,0.6896491646766663,0.289192795753479,0.06974083185195923,0.06652611494064331,0.16339242458343506,0.06384825706481934,0.7463217377662659,0.6896491646766663,1.667578387260437,1.1394816637039185,1.1330522298812866,0.16339242458343506,1.095772385597229,0.796,0.408,1038.6079297065735,1,0,/home/zhangxu/yolov5-7.0/ga_cache/work_afa0ae9dc50df609
5,10,261,run4_p1798000_e261,0.7463217377662659,0.6896491646766663,0.13880199193954468,0.5303462147712708,0.4927765727043152,0.16339242458343506,0.06384825706481934,0.7463217377662659,0.6896491646766663,1.216405975818634,2.0606924295425415,1.9855531454086304,0.16339242458343506,1.095772385597229,0.782,0.4,1041.3258476257324,1,0,/home/zhangxu/yolov5-7.0/ga_cache/work_3523e5093019c9a1
5,11,262,run4_p1798000_e262,0.7463217377662659,0.6896491646766663,0.289192795753479,0.06974083185195923,0.4927765727043152,0.16339242458343506,0.06384825706481934,0.7463217377662659,0.6896491646766663,1.667578387260437,1.1394816637039185,1.9855531454086304,0.16339242458343506,1.095772385597229,0.789,0.405,1024.0468201637268,1,0,/home/zhangxu/yolov5-7.0/ga_cache/work_afc416eb1638e903
5,12,263,run4_p1798000_e263,0.5871960520744324,0.43730807304382324,0.13880199193954468,0.5303462147712708,0.06652611494064331,0.30598658323287964,0.06010305881500244,0.5871960520744324,0.43730807304382324,1.216405975818634,2.0606924295425415,1.1330522298812866,0.30598658323287964,1.0901545882225037,0.775,0.397,760.6813910007477,1,0,/home/zhangxu/yolov5-7.0/ga_cache/work_0d74369f727a5429
5,13,264,run4_p1798000_e264,0.8860903382301331,0.24253074824810028,0.07180945575237274,0.2814541459083557,0.268990159034729,0.3666093349456787,0.00688914954662323,0.8860903382301331,0.24253074824810028,1.0154283672571183,1.5629082918167114,1.537980318069458,0.3666093349456787,1.0103337243199348,0.748,0.378,808.9076015949249,1,0,/home/zhangxu/yolov5-7.0/ga_cache/work_698dde8aa6b7ccac
5,14,265,run4_p1798000_e265,0.7463217377662659,0.6896491646766663,0.289192795753479,0.06974083185195923,0.4927765727043152,0.16339242458343506,0.06384825706481934,0.7463217377662659,0.6896491646766663,1.667578387260437,1.1394816637039185,1.9855531454086304,0.16339242458343506,1.095772385597229,0.789,0.405,140.03237628936768,1,1,/home/zhangxu/yolov5-7.0/ga_cache/work_afc416eb1638e903
5,15,266,run4_p1798000_e266,0.7463217377662659,0.43730807304382324,0.289192795753479,0.5430762767791748,0.4927765727043152,0.16339242458343506,0.06384825706481934,0.7463217377662659,0.43730807304382324,1.667578387260437,2.0861525535583496,1.9855531454086304,0.16339242458343506,1.095772385597229,0.774,0.398,876.7382633686066,1,0,/home/zhangxu/yolov5-7.0/ga_cache/work_2a825eca978efbb6
5,16,267,run4_p1798000_e267,0.6548912525177002,0.6896491646766663,0.13880199193954468,0.5303462147712708,0.4927765727043152,0.16339242458343506,0.06010305881500244,0.6548912525177002,0.6896491646766663,1.216405975818634,2.0606924295425415,1.9855531454086304,0.16339242458343506,1.0901545882225037,0.781,0.399,1105.8634700775146,1,0,/home/zhangxu/yolov5-7.0/ga_cache/work_3a850655dce4cd52
5,17,268,run4_p1798000_e268,0.7463217377662659,0.6896491646766663,0.13880199193954468,0.5303462147712708,0.4927765727043152,0.16339242458343506,0.06384825706481934,0.7463217377662659,0.6896491646766663,1.216405975818634,2.0606924295425415,1.9855531454086304,0.16339242458343506,1.095772385597229,0.782,0.4,25.004579305648804,1,1,/home/zhangxu/yolov5-7.0/ga_cache/work_3523e5093019c9a1
5,18,269,run4_p1798000_e269,0.6548912525177002,0.6896491646766663,0.13880199193954468,0.5430762767791748,0.06652611494064331,0.16339242458343506,0.06010305881500244,0.6548912525177002,0.6896491646766663,1.216405975818634,2.0861525535583496,1.1330522298812866,0.16339242458343506,1.0901545882225037,0.79,0.405,861.2306907176971,1,0,/home/zhangxu/yolov5-7.0/ga_cache/work_e7d7222f9ec8b996
5,19,270,run4_p1798000_e270,0.7463217377662659,0.43730807304382324,0.13880199193954468,0.5303462147712708,0.06652611494064331,0.30598658323287964,0.06010305881500244,0.7463217377662659,0.43730807304382324,1.216405975818634,2.0606924295425415,1.1330522298812866,0.30598658323287964,1.0901545882225037,0.768,0.394,1107.49658036232,1,0,/home/zhangxu/yolov5-7.0/ga_cache/work_37ca83832e906aa0
5,20,271,run4_p1798000_e271,0.5871960520744324,0.43730807304382324,0.13880199193954468,0.5303462147712708,0.4927765727043152,0.16339242458343506,0.06010305881500244,0.5871960520744324,0.43730807304382324,1.216405975818634,2.0606924295425415,1.9855531454086304,0.16339242458343506,1.0901545882225037,0.787,0.406,1118.8172886371613,1,0,/home/zhangxu/yolov5-7.0/ga_cache/work_eea01ce93efaf33e
5,21,272,run4_p1798000_e272,0.6548912525177002,0.43730807304382324,0.13880199193954468,0.5430762767791748,0.899662435054779,0.16339242458343506,0.06010305881500244,0.6548912525177002,0.43730807304382324,1.216405975818634,2.0861525535583496,2.799324870109558,0.16339242458343506,1.0901545882225037,0.775,0.398,1124.550491809845,1,0,/home/zhangxu/yolov5-7.0/ga_cache/work_b1dcee7e0d39205d
5,22,273,run4_p1798000_e273,0.38546717166900635,0.6896491646766663,0.13880199193954468,0.5303462147712708,0.4927765727043152,0.27918750047683716,0.06010305881500244,0.38546717166900635,0.6896491646766663,1.216405975818634,2.0606924295425415,1.9855531454086304,0.27918750047683716,1.0901545882225037,0.749,0.379,1126.8692555427551,1,0,/home/zhangxu/yolov5-7.0/ga_cache/work_dfb643df6e3de80a
5,23,274,run4_p1798000_e274,0.7463217377662659,0.4382548928260803,0.289192795753479,0.06974083185195923,0.4927765727043152,0.16339242458343506,0.06384825706481934,0.7463217377662659,0.4382548928260803,1.667578387260437,1.1394816637039185,1.9855531454086304,0.16339242458343506,1.095772385597229,0.788,0.409,1113.9061782360077,1,0,/home/zhangxu/yolov5-7.0/ga_cache/work_a08c60ce11a0e67f
5,24,275,run4_p1798000_e275,0.6548912525177002,0.6896491646766663,0.13880199193954468,0.7913329005241394,0.06652611494064331,0.16339242458343506,0.07262291014194489,0.6548912525177002,0.6896491646766663,1.216405975818634,2.582665801048279,1.1330522298812866,0.16339242458343506,1.1089343652129173,0.781,0.397,1120.902598619461,1,0,/home/zhangxu/yolov5-7.0/ga_cache/work_95f06fc97ecee7fb
5,25,276,run4_p1798000_e276,0.8182708621025085,0.43730807304382324,0.289192795753479,0.6780571341514587,0.4927765727043152,0.16339242458343506,0.06010305881500244,0.8182708621025085,0.43730807304382324,1.667578387260437,2.3561142683029175,1.9855531454086304,0.16339242458343506,1.0901545882225037,0.766,0.395,1088.4579801559448,1,0,/home/zhangxu/yolov5-7.0/ga_cache/work_d55c0be4e1d7864c
5,26,277,run4_p1798000_e277,0.7463217377662659,0.6896491646766663,0.13880199193954468,0.5303462147712708,0.4927765727043152,0.16339242458343506,0.06384825706481934,0.7463217377662659,0.6896491646766663,1.216405975818634,2.0606924295425415,1.9855531454086304,0.16339242458343506,1.095772385597229,0.782,0.4,0.00035071372985839844,1,1,/home/zhangxu/yolov5-7.0/ga_cache/work_3523e5093019c9a1
5,27,278,run4_p1798000_e278,0.4434061050415039,0.6609786748886108,0.31293317675590515,0.3051726818084717,0.24420462548732758,0.33995717763900757,0.0,0.4434061050415039,0.6609786748886108,1.7387995302677155,1.6103453636169434,1.4884092509746552,0.33995717763900757,1.0,0.757,0.385,1069.9337265491486,1,0,/home/zhangxu/yolov5-7.0/ga_cache/work_ded5a1bfea8c3355
5,28,279,run4_p1798000_e279,0.7463217377662659,0.15225854516029358,0.13880199193954468,0.06974083185195923,0.06652611494064331,0.16339242458343506,0.06384825706481934,0.7463217377662659,0.15225854516029358,1.216405975818634,1.1394816637039185,1.1330522298812866,0.16339242458343506,1.095772385597229,0.786,0.411,920.0766191482544,1,0,/home/zhangxu/yolov5-7.0/ga_cache/work_2ea0b11fea38f5fc
5,29,280,run4_p1798000_e280,0.7463217377662659,0.43730807304382324,0.13880199193954468,0.5303462147712708,0.4927765727043152,0.16339242458343506,0.06010305881500244,0.7463217377662659,0.43730807304382324,1.216405975818634,2.0606924295425415,1.9855531454086304,0.16339242458343506,1.0901545882225037,0.783,0.406,815.7224349975586,1,0,/home/zhangxu/yolov5-7.0/ga_cache/work_bf5fe49406915ab8
5,30,281,run4_p1798000_e281,0.7463217377662659,0.6896491646766663,0.13880199193954468,0.5303462147712708,0.06652611494064331,0.16339242458343506,0.06384825706481934,0.7463217377662659,0.6896491646766663,1.216405975818634,2.0606924295425415,1.1330522298812866,0.16339242458343506,1.095772385597229,0.793,0.406,912.8108093738556,1,0,/home/zhangxu/yolov5-7.0/ga_cache/work_7c1206858493c844
5,31,282,run4_p1798000_e282,0.6913166642189026,0.6896491646766663,0.289192795753479,0.06974083185195923,0.899662435054779,0.3382759690284729,0.06010305881500244,0.6913166642189026,0.6896491646766663,1.667578387260437,1.1394816637039185,2.799324870109558,0.3382759690284729,1.0901545882225037,0.739,0.372,1148.460429430008,1,0,/home/zhangxu/yolov5-7.0/ga_cache/work_1982924edd51b030
5,32,283,run4_p1798000_e283,0.38546717166900635,0.43730807304382324,0.289192795753479,0.06974083185195923,0.4927765727043152,0.27918750047683716,0.06384825706481934,0.38546717166900635,0.43730807304382324,1.667578387260437,1.1394816637039185,1.9855531454086304,0.27918750047683716,1.095772385597229,0.773,0.394,826.5685949325562,1,0,/home/zhangxu/yolov5-7.0/ga_cache/work_8f4314fde7559d5d
5,33,284,run4_p1798000_e284,0.38546717166900635,0.4382548928260803,0.13880199193954468,0.4435717463493347,0.2415837049484253,0.27918750047683716,0.06010305881500244,0.38546717166900635,0.4382548928260803,1.216405975818634,1.8871434926986694,1.4831674098968506,0.27918750047683716,1.0901545882225037,0.778,0.399,1150.5224149227142,1,0,/home/zhangxu/yolov5-7.0/ga_cache/work_e8b18cb640d65e45
5,34,285,run4_p1798000_e285,0.6548912525177002,0.5958002805709839,0.17747074365615845,0.5430762767791748,0.4927765727043152,0.16339242458343506,0.07262291014194489,0.6548912525177002,0.5958002805709839,1.3324122309684754,2.0861525535583496,1.9855531454086304,0.16339242458343506,1.1089343652129173,0.783,0.402,1152.2600617408752,1,0,/home/zhangxu/yolov5-7.0/ga_cache/work_3a8b463a8d8b6e40
5,35,286,run4_p1798000_e286,0.7270641326904297,0.42646554112434387,0.13880199193954468,0.0,0.13381877541542053,0.3382759690284729,0.06010305881500244,0.7270641326904297,0.42646554112434387,1.216405975818634,1.0,1.267637550830841,0.3382759690284729,1.0901545882225037,0.77,0.393,1143.7014138698578,1,0,/home/zhangxu/yolov5-7.0/ga_cache/work_527a55dd8b4c7605
5,36,287,run4_p1798000_e287,0.6913166642189026,0.43730807304382324,0.04292759299278259,0.5430762767791748,0.06652611494064331,0.3047502636909485,0.01928853988647461,0.6913166642189026,0.43730807304382324,0.9287827789783478,2.0861525535583496,1.1330522298812866,0.3047502636909485,1.028932809829712,0.773,0.395,1158.461121559143,1,0,/home/zhangxu/yolov5-7.0/ga_cache/work_f2ff3968f7d38c69
5,37,288,run4_p1798000_e288,0.7463217377662659,0.6896491646766663,0.13880199193954468,0.5303462147712708,0.13381877541542053,0.16339242458343506,0.01928853988647461,0.7463217377662659,0.6896491646766663,1.216405975818634,2.0606924295425415,1.267637550830841,0.16339242458343506,1.028932809829712,0.801,0.413,1160.2763516902924,1,0,/home/zhangxu/yolov5-7.0/ga_cache/work_e39240466fe38ea1
5,38,289,run4_p1798000_e289,0.7270641326904297,0.42646554112434387,0.04292759299278259,0.0,0.06652611494064331,0.3047502636909485,0.06384825706481934,0.7270641326904297,0.42646554112434387,0.9287827789783478,1.0,1.1330522298812866,0.3047502636909485,1.095772385597229,0.77,0.394,1154.705427646637,1,0,/home/zhangxu/yolov5-7.0/ga_cache/work_9b4c8207e1fdf4e6
5,39,290,run4_p1798000_e290,0.6548912525177002,0.4382548928260803,0.13880199193954468,0.4435717463493347,0.06652611494064331,0.27918750047683716,0.06010305881500244,0.6548912525177002,0.4382548928260803,1.216405975818634,1.8871434926986694,1.1330522298812866,0.27918750047683716,1.0901545882225037,0.781,0.401,879.3978066444397,1,0,/home/zhangxu/yolov5-7.0/ga_cache/work_8ca9f1b893abe3b6
5,40,291,run4_p1798000_e291,0.38546717166900635,0.5958002805709839,0.17747074365615845,0.7913329005241394,0.2415837049484253,0.16339242458343506,0.07262291014194489,0.38546717166900635,0.5958002805709839,1.3324122309684754,2.582665801048279,1.4831674098968506,0.16339242458343506,1.1089343652129173,0.777,0.395,873.95845246315,1,0,/home/zhangxu/yolov5-7.0/ga_cache/work_c608b12ae9ee011e
5,41,292,run4_p1798000_e292,0.5080594420433044,0.5820600986480713,0.09963668137788773,0.33006343245506287,0.20149312913417816,0.06037551909685135,0.0,0.5080594420433044,0.5820600986480713,1.0989100441336632,1.6601268649101257,1.4029862582683563,0.06037551909685135,1.0,0.814,0.424,1045.0110569000244,1,0,/home/zhangxu/yolov5-7.0/ga_cache/work_e46c9032db846e41
5,42,293,run4_p1798000_e293,0.5871960520744324,0.43730807304382324,0.13880199193954468,0.5430762767791748,0.06652611494064331,0.30598658323287964,0.06010305881500244,0.5871960520744324,0.43730807304382324,1.216405975818634,2.0861525535583496,1.1330522298812866,0.30598658323287964,1.0901545882225037,0.773,0.397,1046.279968738556,1,0,/home/zhangxu/yolov5-7.0/ga_cache/work_352037bc612171e9
5,43,294,run4_p1798000_e294,0.7463217377662659,0.43730807304382324,0.13880199193954468,0.5303462147712708,0.4927765727043152,0.16339242458343506,0.06384825706481934,0.7463217377662659,0.43730807304382324,1.216405975818634,2.0606924295425415,1.9855531454086304,0.16339242458343506,1.095772385597229,0.781,0.405,732.693690776825,1,0,/home/zhangxu/yolov5-7.0/ga_cache/work_6a8722969b28f3cc
5,44,295,run4_p1798000_e295,0.7463217377662659,0.6896491646766663,0.13880199193954468,0.5303462147712708,0.06652611494064331,0.16339242458343506,0.06010305881500244,0.7463217377662659,0.6896491646766663,1.216405975818634,2.0606924295425415,1.1330522298812866,0.16339242458343506,1.0901545882225037,0.794,0.407,913.7128040790558,1,0,/home/zhangxu/yolov5-7.0/ga_cache/work_e8505754db586ed8
5,45,296,run4_p1798000_e296,0.7270641326904297,0.42646554112434387,0.04292759299278259,0.0,0.13381877541542053,0.3047502636909485,0.01928853988647461,0.7270641326904297,0.42646554112434387,0.9287827789783478,1.0,1.267637550830841,0.3047502636909485,1.028932809829712,0.779,0.4,858.5590724945068,1,0,/home/zhangxu/yolov5-7.0/ga_cache/work_c89ab5376c812bcf
5,46,297,run4_p1798000_e297,0.6548912525177002,0.6896491646766663,0.289192795753479,0.5430762767791748,0.4927765727043152,0.16339242458343506,0.06384825706481934,0.6548912525177002,0.6896491646766663,1.667578387260437,2.0861525535583496,1.9855531454086304,0.16339242458343506,1.095772385597229,0.773,0.393,912.8960835933685,1,0,/home/zhangxu/yolov5-7.0/ga_cache/work_e1454ba043690f5a
5,47,298,run4_p1798000_e298,0.7463217377662659,0.43730807304382324,0.13880199193954468,0.5303462147712708,0.06652611494064331,0.3382759690284729,0.06010305881500244,0.7463217377662659,0.43730807304382324,1.216405975818634,2.0606924295425415,1.1330522298812866,0.3382759690284729,1.0901545882225037,0.76,0.388,908.1337580680847,1,0,/home/zhangxu/yolov5-7.0/ga_cache/work_c313b2cfa54d047b
5,48,299,run4_p1798000_e299,0.6913166642189026,0.43730807304382324,0.13880199193954468,0.5430762767791748,0.4927765727043152,0.16339242458343506,0.06010305881500244,0.6913166642189026,0.43730807304382324,1.216405975818634,2.0861525535583496,1.9855531454086304,0.16339242458343506,1.0901545882225037,0.785,0.405,902.4682102203369,1,0,/home/zhangxu/yolov5-7.0/ga_cache/work_b11cdd1217ca91c2
5,49,300,run4_p1798000_e300,0.6548912525177002,0.4382548928260803,0.289192795753479,0.033474136143922806,0.4927765727043152,0.16339242458343506,0.06384825706481934,0.6548912525177002,0.4382548928260803,1.667578387260437,1.0669482722878456,1.9855531454086304,0.16339242458343506,1.095772385597229,0.792,0.411,911.6905686855316,1,0,/home/zhangxu/yolov5-7.0/ga_cache/work_b4dc64d169827c4d
6,0,301,run4_p1798000_e301,0.5080594420433044,0.5820600986480713,0.09963668137788773,0.33006343245506287,0.20149312913417816,0.06037551909685135,0.0,0.5080594420433044,0.5820600986480713,1.0989100441336632,1.6601268649101257,1.4029862582683563,0.06037551909685135,1.0,0.814,0.424,0.0002815723419189453,1,1,/home/zhangxu/yolov5-7.0/ga_cache/work_e46c9032db846e41
6,1,302,run4_p1798000_e302,0.6548912525177002,0.43730807304382324,0.13880199193954468,0.5303462147712708,0.899662435054779,0.16339242458343506,0.06010305881500244,0.6548912525177002,0.43730807304382324,1.216405975818634,2.0606924295425415,2.799324870109558,0.16339242458343506,1.0901545882225037,0.775,0.399,930.1420774459839,1,0,/home/zhangxu/yolov5-7.0/ga_cache/work_0845f52520aaa334
6,2,303,run4_p1798000_e303,0.5871960520744324,0.43730807304382324,0.13880199193954468,0.5430762767791748,0.4927765727043152,0.16339242458343506,0.06010305881500244,0.5871960520744324,0.43730807304382324,1.216405975818634,2.0861525535583496,1.9855531454086304,0.16339242458343506,1.0901545882225037,0.784,0.405,955.0763416290283,1,0,/home/zhangxu/yolov5-7.0/ga_cache/work_046f5663b5f9bfcb
6,3,304,run4_p1798000_e304,0.6548912525177002,0.4382548928260803,0.289192795753479,0.033474136143922806,0.4927765727043152,0.16339242458343506,0.06384825706481934,0.6548912525177002,0.4382548928260803,1.667578387260437,1.0669482722878456,1.9855531454086304,0.16339242458343506,1.095772385597229,0.792,0.411,0.0002484321594238281,1,1,/home/zhangxu/yolov5-7.0/ga_cache/work_b4dc64d169827c4d
6,4,305,run4_p1798000_e305,0.6548912525177002,0.4382548928260803,0.289192795753479,0.033474136143922806,0.4927765727043152,0.16339242458343506,0.06384825706481934,0.6548912525177002,0.4382548928260803,1.667578387260437,1.0669482722878456,1.9855531454086304,0.16339242458343506,1.095772385597229,0.792,0.411,0.0003466606140136719,1,1,/home/zhangxu/yolov5-7.0/ga_cache/work_b4dc64d169827c4d
6,5,306,run4_p1798000_e306,0.7463217377662659,0.4382548928260803,0.13880199193954468,0.5430762767791748,0.06652611494064331,0.16339242458343506,0.01928853988647461,0.7463217377662659,0.4382548928260803,1.216405975818634,2.0861525535583496,1.1330522298812866,0.16339242458343506,1.028932809829712,0.796,0.414,1192.12197971344,1,0,/home/zhangxu/yolov5-7.0/ga_cache/work_c3d27be380f6d58c
6,6,307,run4_p1798000_e307,0.6548912525177002,0.6896491646766663,0.13880199193954468,0.5303462147712708,0.13381877541542053,0.16339242458343506,0.06010305881500244,0.6548912525177002,0.6896491646766663,1.216405975818634,2.0606924295425415,1.267637550830841,0.16339242458343506,1.0901545882225037,0.792,0.405,998.6963057518005,1,0,/home/zhangxu/yolov5-7.0/ga_cache/work_12004dc8a4b1a7e2
6,7,308,run4_p1798000_e308,0.5080594420433044,0.6896491646766663,0.09963668137788773,0.5303462147712708,0.20149312913417816,0.06037551909685135,0.06384825706481934,0.5080594420433044,0.6896491646766663,1.0989100441336632,2.0606924295425415,1.4029862582683563,0.06037551909685135,1.095772385597229,0.794,0.407,1161.0383846759796,1,0,/home/zhangxu/yolov5-7.0/ga_cache/work_6589051ed3744354
6,8,309,run4_p1798000_e309,0.7463217377662659,0.5820600986480713,0.13880199193954468,0.33006343245506287,0.4927765727043152,0.16339242458343506,0.0,0.7463217377662659,0.5820600986480713,1.216405975818634,1.6601268649101257,1.9855531454086304,0.16339242458343506,1.0,0.797,0.411,1184.801969051361,1,0,/home/zhangxu/yolov5-7.0/ga_cache/work_1ef99e75728e1d7f
6,9,310,run4_p1798000_e310,0.6664373874664307,0.2990846037864685,0.28613927960395813,0.0,0.1023404598236084,0.30813658237457275,0.0034121982753276825,0.6664373874664307,0.2990846037864685,1.6584178388118744,1.0,1.2046809196472168,0.30813658237457275,1.0051182974129915,0.779,0.399,1172.1356408596039,1,0,/home/zhangxu/yolov5-7.0/ga_cache/work_6dd8ffcc0ef40ee9
6,10,311,run4_p1798000_e311,0.6548912525177002,0.4382548928260803,0.018637090921401978,0.5430762767791748,0.023388497531414032,0.05266863852739334,0.07052121311426163,0.6548912525177002,0.4382548928260803,0.855911272764206,2.0861525535583496,1.046776995062828,0.05266863852739334,1.1057818196713924,0.791,0.408,1176.9299757480621,1,0,/home/zhangxu/yolov5-7.0/ga_cache/work_00387672f36ffcb9
6,11,312,run4_p1798000_e312,0.6548912525177002,0.6896491646766663,0.13880199193954468,0.7913329005241394,0.4927765727043152,0.16339242458343506,0.07262291014194489,0.6548912525177002,0.6896491646766663,1.216405975818634,2.582665801048279,1.9855531454086304,0.16339242458343506,1.1089343652129173,0.772,0.39,1191.445746421814,1,0,/home/zhangxu/yolov5-7.0/ga_cache/work_05a0df654426fd6e
6,12,313,run4_p1798000_e313,0.6548912525177002,0.6896491646766663,0.13880199193954468,0.5430762767791748,0.06652611494064331,0.16339242458343506,0.06384825706481934,0.6548912525177002,0.6896491646766663,1.216405975818634,2.0861525535583496,1.1330522298812866,0.16339242458343506,1.095772385597229,0.792,0.405,1166.3205456733704,1,0,/home/zhangxu/yolov5-7.0/ga_cache/work_1627c17c05819050
6,13,314,run4_p1798000_e314,0.6548912525177002,0.4382548928260803,0.13880199193954468,0.5430762767791748,0.13381877541542053,0.16339242458343506,0.06010305881500244,0.6548912525177002,0.4382548928260803,1.216405975818634,2.0861525535583496,1.267637550830841,0.16339242458343506,1.0901545882225037,0.797,0.414,1140.9631879329681,1,0,/home/zhangxu/yolov5-7.0/ga_cache/work_bb83456b94473929
6,14,315,run4_p1798000_e315,0.7463217377662659,0.6896491646766663,0.13880199193954468,0.5303462147712708,0.06652611494064331,0.16339242458343506,0.01928853988647461,0.7463217377662659,0.6896491646766663,1.216405975818634,2.0606924295425415,1.1330522298812866,0.16339242458343506,1.028932809829712,0.8,0.412,750.9840548038483,1,0,/home/zhangxu/yolov5-7.0/ga_cache/work_436b18aca1f1fe9c
6,15,316,run4_p1798000_e316,0.7463217377662659,0.6896491646766663,0.289192795753479,0.06974083185195923,0.4927765727043152,0.16339242458343506,0.06384825706481934,0.7463217377662659,0.6896491646766663,1.667578387260437,1.1394816637039185,1.9855531454086304,0.16339242458343506,1.095772385597229,0.789,0.405,796.5485575199127,1,0,/home/zhangxu/yolov5-7.0/ga_cache/work_afc416eb1638e903
6,16,317,run4_p1798000_e317,0.7463217377662659,0.6896491646766663,0.289192795753479,0.06974083185195923,0.4927765727043152,0.16339242458343506,0.06384825706481934,0.7463217377662659,0.6896491646766663,1.667578387260437,1.1394816637039185,1.9855531454086304,0.16339242458343506,1.095772385597229,0.789,0.405,617.139936208725,1,1,/home/zhangxu/yolov5-7.0/ga_cache/work_afc416eb1638e903
6,17,318,run4_p1798000_e318,0.6548912525177002,0.43730807304382324,0.13880199193954468,0.033474136143922806,0.4927765727043152,0.16339242458343506,0.06384825706481934,0.6548912525177002,0.43730807304382324,1.216405975818634,1.0669482722878456,1.9855531454086304,0.16339242458343506,1.095772385597229,0.794,0.413,1024.2649250030518,1,0,/home/zhangxu/yolov5-7.0/ga_cache/work_90e684d40287d310
6,18,319,run4_p1798000_e319,0.6548912525177002,0.4382548928260803,0.289192795753479,0.5430762767791748,0.4927765727043152,0.16339242458343506,0.06384825706481934,0.6548912525177002,0.4382548928260803,1.667578387260437,2.0861525535583496,1.9855531454086304,0.16339242458343506,1.095772385597229,0.776,0.4,967.7144050598145,1,0,/home/zhangxu/yolov5-7.0/ga_cache/work_fe77280fd775db07
6,19,320,run4_p1798000_e320,0.7463217377662659,0.4382548928260803,0.13880199193954468,0.5430762767791748,0.4927765727043152,0.16339242458343506,0.06010305881500244,0.7463217377662659,0.4382548928260803,1.216405975818634,2.0861525535583496,1.9855531454086304,0.16339242458343506,1.0901545882225037,0.782,0.405,1097.1918058395386,1,0,/home/zhangxu/yolov5-7.0/ga_cache/work_be8c07e13a56d0a0
6,20,321,run4_p1798000_e321,0.7243740558624268,1.0,0.0,0.6040979027748108,0.02155201882123947,0.012609422206878662,0.04706672579050064,0.7243740558624268,1.0,0.8,2.2081958055496216,1.043104037642479,0.012609422206878662,1.070600088685751,0.749,0.377,1100.7974219322205,1,0,/home/zhangxu/yolov5-7.0/ga_cache/work_a1313b0de54ae4a0
6,21,322,run4_p1798000_e322,0.7463217377662659,0.6896491646766663,0.13880199193954468,0.5303462147712708,0.06652611494064331,0.30598658323287964,0.06010305881500244,0.7463217377662659,0.6896491646766663,1.216405975818634,2.0606924295425415,1.1330522298812866,0.30598658323287964,1.0901545882225037,0.769,0.392,1069.0034129619598,1,0,/home/zhangxu/yolov5-7.0/ga_cache/work_9c6a6235d04c78cf
6,22,323,run4_p1798000_e323,0.42437517642974854,0.4785779118537903,0.513327956199646,0.6857272386550903,0.0,0.2477814257144928,0.11679458618164062,0.42437517642974854,0.4785779118537903,2.339983868598938,2.3714544773101807,1.0,0.2477814257144928,1.175191879272461,0.729,0.363,1114.3144619464874,1,0,/home/zhangxu/yolov5-7.0/ga_cache/work_5987a0322033d9df
6,23,324,run4_p1798000_e324,0.6548912525177002,0.4382548928260803,0.289192795753479,0.033474136143922806,0.4927765727043152,0.16339242458343506,0.06384825706481934,0.6548912525177002,0.4382548928260803,1.667578387260437,1.0669482722878456,1.9855531454086304,0.16339242458343506,1.095772385597229,0.792,0.411,0.00043129920959472656,1,1,/home/zhangxu/yolov5-7.0/ga_cache/work_b4dc64d169827c4d
6,24,325,run4_p1798000_e325,0.6913166642189026,0.43730807304382324,0.13880199193954468,0.5430762767791748,0.4927765727043152,0.16339242458343506,0.06010305881500244,0.6913166642189026,0.43730807304382324,1.216405975818634,2.0861525535583496,1.9855531454086304,0.16339242458343506,1.0901545882225037,0.785,0.405,0.0001857280731201172,1,1,/home/zhangxu/yolov5-7.0/ga_cache/work_b11cdd1217ca91c2
6,25,326,run4_p1798000_e326,0.7463217377662659,0.5820600986480713,0.289192795753479,0.06974083185195923,0.20149312913417816,0.06037551909685135,0.0,0.7463217377662659,0.5820600986480713,1.667578387260437,1.1394816637039185,1.4029862582683563,0.06037551909685135,1.0,0.811,0.424,1113.2623918056488,1,0,/home/zhangxu/yolov5-7.0/ga_cache/work_a431dc94cf5737f5
6,26,327,run4_p1798000_e327,0.5080594420433044,0.6896491646766663,0.09963668137788773,0.33006343245506287,0.06652611494064331,0.16339242458343506,0.06384825706481934,0.5080594420433044,0.6896491646766663,1.0989100441336632,1.6601268649101257,1.1330522298812866,0.16339242458343506,1.095772385597229,0.79,0.405,1112.4107828140259,1,0,/home/zhangxu/yolov5-7.0/ga_cache/work_096e70a470b2379f
6,27,328,run4_p1798000_e328,0.38546717166900635,0.5820600986480713,0.17747074365615845,0.7913329005241394,0.2415837049484253,0.16339242458343506,0.0,0.38546717166900635,0.5820600986480713,1.3324122309684754,2.582665801048279,1.4831674098968506,0.16339242458343506,1.0,0.793,0.409,1092.0117762088776,1,0,/home/zhangxu/yolov5-7.0/ga_cache/work_2455c9f89e3f4b54
6,28,329,run4_p1798000_e329,0.5080594420433044,0.5958002805709839,0.09963668137788773,0.33006343245506287,0.20149312913417816,0.06037551909685135,0.07262291014194489,0.5080594420433044,0.5958002805709839,1.0989100441336632,1.6601268649101257,1.4029862582683563,0.06037551909685135,1.1089343652129173,0.801,0.413,1123.1135053634644,1,0,/home/zhangxu/yolov5-7.0/ga_cache/work_554aa6b968691f83
6,29,330,run4_p1798000_e330,0.6548912525177002,0.4382548928260803,0.13880199193954468,0.5430762767791748,0.06652611494064331,0.16339242458343506,0.06010305881500244,0.6548912525177002,0.4382548928260803,1.216405975818634,2.0861525535583496,1.1330522298812866,0.16339242458343506,1.0901545882225037,0.797,0.415,889.2175688743591,1,0,/home/zhangxu/yolov5-7.0/ga_cache/work_08591faa84a6f7d0
6,30,331,run4_p1798000_e331,0.6548912525177002,0.43730807304382324,0.13880199193954468,0.5430762767791748,0.4927765727043152,0.16339242458343506,0.06384825706481934,0.6548912525177002,0.43730807304382324,1.216405975818634,2.0861525535583496,1.9855531454086304,0.16339242458343506,1.095772385597229,0.786,0.406,839.8545379638672,1,0,/home/zhangxu/yolov5-7.0/ga_cache/work_8e3056d6bdbfa205
6,31,332,run4_p1798000_e332,0.42231297492980957,0.29558801651000977,0.051729366183280945,0.0,0.28650689125061035,0.048539333045482635,0.0,0.42231297492980957,0.29558801651000977,0.9551880985498429,1.0,1.5730137825012207,0.048539333045482635,1.0,0.813,0.428,936.2661046981812,1,0,/home/zhangxu/yolov5-7.0/ga_cache/work_9b842bcb34deeb5f
6,32,333,run4_p1798000_e333,0.6051357984542847,0.5820600986480713,0.09963668137788773,0.33006343245506287,0.023388497531414032,0.05266863852739334,0.07052121311426163,0.6051357984542847,0.5820600986480713,1.0989100441336632,1.6601268649101257,1.046776995062828,0.05266863852739334,1.1057818196713924,0.803,0.415,1004.0164361000061,1,0,/home/zhangxu/yolov5-7.0/ga_cache/work_b597cf63c1dee577
6,33,334,run4_p1798000_e334,0.6088406443595886,0.3208785057067871,0.33644479513168335,0.19726336002349854,0.11660952866077423,0.0,0.0,0.6088406443595886,0.3208785057067871,1.80933438539505,1.394526720046997,1.2332190573215485,0.0,1.0,0.805,0.422,950.2597463130951,1,0,/home/zhangxu/yolov5-7.0/ga_cache/work_6fd07b06f0ade7a0
6,34,335,run4_p1798000_e335,0.5871960520744324,0.5820600986480713,0.13880199193954468,0.5303462147712708,0.4927765727043152,0.06037551909685135,0.0,0.5871960520744324,0.5820600986480713,1.216405975818634,2.0606924295425415,1.9855531454086304,0.06037551909685135,1.0,0.804,0.417,926.1984930038452,1,0,/home/zhangxu/yolov5-7.0/ga_cache/work_a80646ca87853385
6,35,336,run4_p1798000_e336,0.7463217377662659,0.6896491646766663,0.289192795753479,0.06974083185195923,0.06652611494064331,0.16339242458343506,0.06384825706481934,0.7463217377662659,0.6896491646766663,1.667578387260437,1.1394816637039185,1.1330522298812866,0.16339242458343506,1.095772385597229,0.796,0.408,907.208217382431,1,0,/home/zhangxu/yolov5-7.0/ga_cache/work_afa0ae9dc50df609
6,36,337,run4_p1798000_e337,0.7463217377662659,0.6896491646766663,0.13880199193954468,0.5303462147712708,0.06652611494064331,0.16339242458343506,0.06010305881500244,0.7463217377662659,0.6896491646766663,1.216405975818634,2.0606924295425415,1.1330522298812866,0.16339242458343506,1.0901545882225037,0.794,0.407,964.0780129432678,1,0,/home/zhangxu/yolov5-7.0/ga_cache/work_e8505754db586ed8
6,37,338,run4_p1798000_e338,0.7463217377662659,0.6896491646766663,0.289192795753479,0.06974083185195923,0.06652611494064331,0.16339242458343506,0.06384825706481934,0.7463217377662659,0.6896491646766663,1.667578387260437,1.1394816637039185,1.1330522298812866,0.16339242458343506,1.095772385597229,0.796,0.408,883.1918089389801,1,1,/home/zhangxu/yolov5-7.0/ga_cache/work_afa0ae9dc50df609
6,38,339,run4_p1798000_e339,0.7463217377662659,0.6896491646766663,0.289192795753479,0.06974083185195923,0.06652611494064331,0.16339242458343506,0.06384825706481934,0.7463217377662659,0.6896491646766663,1.667578387260437,1.1394816637039185,1.1330522298812866,0.16339242458343506,1.095772385597229,0.796,0.408,879.1956160068512,1,1,/home/zhangxu/yolov5-7.0/ga_cache/work_afa0ae9dc50df609
6,39,340,run4_p1798000_e340,0.6548912525177002,0.4382548928260803,0.289192795753479,0.06974083185195923,0.4927765727043152,0.16339242458343506,0.06384825706481934,0.6548912525177002,0.4382548928260803,1.667578387260437,1.1394816637039185,1.9855531454086304,0.16339242458343506,1.095772385597229,0.791,0.411,925.6573114395142,1,0,/home/zhangxu/yolov5-7.0/ga_cache/work_5489578e0cbaf7c4
6,40,341,run4_p1798000_e341,0.7463217377662659,0.4382548928260803,0.13880199193954468,0.5430762767791748,0.06652611494064331,0.16339242458343506,0.06010305881500244,0.7463217377662659,0.4382548928260803,1.216405975818634,2.0861525535583496,1.1330522298812866,0.16339242458343506,1.0901545882225037,0.794,0.412,928.224493265152,1,0,/home/zhangxu/yolov5-7.0/ga_cache/work_7675c1751a1589f7
6,41,342,run4_p1798000_e342,0.7463217377662659,0.43730807304382324,0.13880199193954468,0.5303462147712708,0.13381877541542053,0.16339242458343506,0.01928853988647461,0.7463217377662659,0.43730807304382324,1.216405975818634,2.0606924295425415,1.267637550830841,0.16339242458343506,1.028932809829712,0.793,0.412,846.0919663906097,1,0,/home/zhangxu/yolov5-7.0/ga_cache/work_c7c75fdf86ffc8cd
6,42,343,run4_p1798000_e343,0.5871960520744324,0.6896491646766663,0.13880199193954468,0.5303462147712708,0.4927765727043152,0.16339242458343506,0.06010305881500244,0.5871960520744324,0.6896491646766663,1.216405975818634,2.0606924295425415,1.9855531454086304,0.16339242458343506,1.0901545882225037,0.779,0.398,822.629067659378,1,0,/home/zhangxu/yolov5-7.0/ga_cache/work_8859e0579b9c1512
6,43,344,run4_p1798000_e344,0.5080594420433044,0.5820600986480713,0.13880199193954468,0.5430762767791748,0.20149312913417816,0.16339242458343506,0.06010305881500244,0.5080594420433044,0.5820600986480713,1.216405975818634,2.0861525535583496,1.4029862582683563,0.16339242458343506,1.0901545882225037,0.793,0.408,729.0401179790497,1,0,/home/zhangxu/yolov5-7.0/ga_cache/work_51011c813b599762
6,44,345,run4_p1798000_e345,0.6913166642189026,0.43730807304382324,0.09963668137788773,0.33006343245506287,0.4927765727043152,0.06037551909685135,0.0,0.6913166642189026,0.43730807304382324,1.0989100441336632,1.6601268649101257,1.9855531454086304,0.06037551909685135,1.0,0.808,0.42,851.7263283729553,1,0,/home/zhangxu/yolov5-7.0/ga_cache/work_da7ffab8486891be
6,45,346,run4_p1798000_e346,0.5871960520744324,0.15225854516029358,0.13880199193954468,0.06974083185195923,0.06652611494064331,0.30598658323287964,0.06384825706481934,0.5871960520744324,0.15225854516029358,1.216405975818634,1.1394816637039185,1.1330522298812866,0.30598658323287964,1.095772385597229,0.779,0.402,821.3077986240387,1,0,/home/zhangxu/yolov5-7.0/ga_cache/work_4cb4a07203156dc6
6,46,347,run4_p1798000_e347,0.7463217377662659,0.43730807304382324,0.13880199193954468,0.5303462147712708,0.06652611494064331,0.16339242458343506,0.06010305881500244,0.7463217377662659,0.43730807304382324,1.216405975818634,2.0606924295425415,1.1330522298812866,0.16339242458343506,1.0901545882225037,0.794,0.412,796.4718673229218,1,0,/home/zhangxu/yolov5-7.0/ga_cache/work_95ec1b9c27362ad2
6,47,348,run4_p1798000_e348,0.6548912525177002,0.4382548928260803,0.13880199193954468,0.033474136143922806,0.4927765727043152,0.16339242458343506,0.06010305881500244,0.6548912525177002,0.4382548928260803,1.216405975818634,1.0669482722878456,1.9855531454086304,0.16339242458343506,1.0901545882225037,0.796,0.413,816.3855843544006,1,0,/home/zhangxu/yolov5-7.0/ga_cache/work_8ce2054907c213b5
6,48,349,run4_p1798000_e349,0.6548912525177002,0.6896491646766663,0.289192795753479,0.5303462147712708,0.4927765727043152,0.16339242458343506,0.06384825706481934,0.6548912525177002,0.6896491646766663,1.667578387260437,2.0606924295425415,1.9855531454086304,0.16339242458343506,1.095772385597229,0.773,0.395,812.6502389907837,1,0,/home/zhangxu/yolov5-7.0/ga_cache/work_6b27472e0236b21f
6,49,350,run4_p1798000_e350,0.7463217377662659,0.6896491646766663,0.13880199193954468,0.06974083185195923,0.06652611494064331,0.16339242458343506,0.06384825706481934,0.7463217377662659,0.6896491646766663,1.216405975818634,1.1394816637039185,1.1330522298812866,0.16339242458343506,1.095772385597229,0.795,0.409,801.3588225841522,1,0,/home/zhangxu/yolov5-7.0/ga_cache/work_0891d5060336cb1b
7,0,351,run4_p1798000_e351,0.42231297492980957,0.29558801651000977,0.051729366183280945,0.0,0.28650689125061035,0.048539333045482635,0.0,0.42231297492980957,0.29558801651000977,0.9551880985498429,1.0,1.5730137825012207,0.048539333045482635,1.0,0.813,0.428,1067.8726840019226,1,0,/home/zhangxu/yolov5-7.0/ga_cache/work_9b842bcb34deeb5f
7,1,352,run4_p1798000_e352,0.6548912525177002,0.4382548928260803,0.13880199193954468,0.5430762767791748,0.06652611494064331,0.16339242458343506,0.06010305881500244,0.6548912525177002,0.4382548928260803,1.216405975818634,2.0861525535583496,1.1330522298812866,0.16339242458343506,1.0901545882225037,0.797,0.415,886.5261249542236,1,0,/home/zhangxu/yolov5-7.0/ga_cache/work_08591faa84a6f7d0
7,2,353,run4_p1798000_e353,0.5080594420433044,0.6896491646766663,0.09963668137788773,0.5303462147712708,0.20149312913417816,0.06037551909685135,0.06384825706481934,0.5080594420433044,0.6896491646766663,1.0989100441336632,2.0606924295425415,1.4029862582683563,0.06037551909685135,1.095772385597229,0.794,0.407,1079.5438878536224,1,0,/home/zhangxu/yolov5-7.0/ga_cache/work_6589051ed3744354
7,3,354,run4_p1798000_e354,0.7463217377662659,0.43730807304382324,0.289192795753479,0.033474136143922806,0.06652611494064331,0.16339242458343506,0.06384825706481934,0.7463217377662659,0.43730807304382324,1.667578387260437,1.0669482722878456,1.1330522298812866,0.16339242458343506,1.095772385597229,0.795,0.413,1078.4019060134888,1,0,/home/zhangxu/yolov5-7.0/ga_cache/work_128ccc7559639ce8
7,4,355,run4_p1798000_e355,0.6548912525177002,0.6896491646766663,0.13880199193954468,0.06974083185195923,0.4927765727043152,0.16339242458343506,0.06384825706481934,0.6548912525177002,0.6896491646766663,1.216405975818634,1.1394816637039185,1.9855531454086304,0.16339242458343506,1.095772385597229,0.792,0.405,802.4949731826782,1,0,/home/zhangxu/yolov5-7.0/ga_cache/work_c3adfb44741eaeb4
7,5,356,run4_p1798000_e356,0.7463217377662659,0.6896491646766663,0.13880199193954468,0.5303462147712708,0.4927765727043152,0.16339242458343506,0.01928853988647461,0.7463217377662659,0.6896491646766663,1.216405975818634,2.0606924295425415,1.9855531454086304,0.16339242458343506,1.028932809829712,0.792,0.408,946.0484726428986,1,0,/home/zhangxu/yolov5-7.0/ga_cache/work_0bcb84568c3b2a8e
7,6,357,run4_p1798000_e357,0.5871960520744324,0.5820600986480713,0.13880199193954468,0.5303462147712708,0.06652611494064331,0.06037551909685135,0.0,0.5871960520744324,0.5820600986480713,1.216405975818634,2.0606924295425415,1.1330522298812866,0.06037551909685135,1.0,0.812,0.425,929.1872036457062,1,0,/home/zhangxu/yolov5-7.0/ga_cache/work_0679f834bb902157
7,7,358,run4_p1798000_e358,0.6548912525177002,0.4382548928260803,0.13880199193954468,0.5430762767791748,0.06652611494064331,0.16339242458343506,0.06010305881500244,0.6548912525177002,0.4382548928260803,1.216405975818634,2.0861525535583496,1.1330522298812866,0.16339242458343506,1.0901545882225037,0.797,0.415,886.2009778022766,1,1,/home/zhangxu/yolov5-7.0/ga_cache/work_08591faa84a6f7d0
7,8,359,run4_p1798000_e359,0.7463217377662659,0.43730807304382324,0.13880199193954468,0.033474136143922806,0.4927765727043152,0.16339242458343506,0.06384825706481934,0.7463217377662659,0.43730807304382324,1.216405975818634,1.0669482722878456,1.9855531454086304,0.16339242458343506,1.095772385597229,0.79,0.41,1073.260326385498,1,0,/home/zhangxu/yolov5-7.0/ga_cache/work_8579736fbe4e2221
7,9,360,run4_p1798000_e360,0.7463217377662659,0.6896491646766663,0.13880199193954468,0.5303462147712708,0.06652611494064331,0.16339242458343506,0.01928853988647461,0.7463217377662659,0.6896491646766663,1.216405975818634,2.0606924295425415,1.1330522298812866,0.16339242458343506,1.028932809829712,0.8,0.412,1077.2354288101196,1,0,/home/zhangxu/yolov5-7.0/ga_cache/work_436b18aca1f1fe9c
7,10,361,run4_p1798000_e361,0.5080594420433044,0.5958002805709839,0.09963668137788773,0.33006343245506287,0.20149312913417816,0.06037551909685135,0.07262291014194489,0.5080594420433044,0.5958002805709839,1.0989100441336632,1.6601268649101257,1.4029862582683563,0.06037551909685135,1.1089343652129173,0.801,0.413,1066.3039145469666,1,0,/home/zhangxu/yolov5-7.0/ga_cache/work_554aa6b968691f83
7,11,362,run4_p1798000_e362,0.7463217377662659,0.43730807304382324,0.13880199193954468,0.33006343245506287,0.06652611494064331,0.06037551909685135,0.0,0.7463217377662659,0.43730807304382324,1.216405975818634,1.6601268649101257,1.1330522298812866,0.06037551909685135,1.0,0.806,0.421,1052.7796218395233,1,0,/home/zhangxu/yolov5-7.0/ga_cache/work_41f8cc6cbcb0dc20
7,12,363,run4_p1798000_e363,0.5080594420433044,0.5820600986480713,0.09963668137788773,0.5303462147712708,0.20149312913417816,0.16339242458343506,0.06010305881500244,0.5080594420433044,0.5820600986480713,1.0989100441336632,2.0606924295425415,1.4029862582683563,0.16339242458343506,1.0901545882225037,0.792,0.408,825.7354166507721,1,0,/home/zhangxu/yolov5-7.0/ga_cache/work_8ef2a7460aab323c
7,13,364,run4_p1798000_e364,0.7463217377662659,0.5820600986480713,0.13880199193954468,0.33006343245506287,0.20149312913417816,0.16339242458343506,0.0,0.7463217377662659,0.5820600986480713,1.216405975818634,1.6601268649101257,1.4029862582683563,0.16339242458343506,1.0,0.801,0.417,1137.626062631607,1,0,/home/zhangxu/yolov5-7.0/ga_cache/work_7f3e33d594743102
7,14,365,run4_p1798000_e365,0.5080594420433044,0.5820600986480713,0.09963668137788773,0.33006343245506287,0.4927765727043152,0.06037551909685135,0.0,0.5080594420433044,0.5820600986480713,1.0989100441336632,1.6601268649101257,1.9855531454086304,0.06037551909685135,1.0,0.807,0.421,808.9588878154755,1,0,/home/zhangxu/yolov5-7.0/ga_cache/work_b0bb9629bd34402b
7,15,366,run4_p1798000_e366,0.7463217377662659,0.6896491646766663,0.289192795753479,0.06974083185195923,0.4927765727043152,0.16339242458343506,0.06384825706481934,0.7463217377662659,0.6896491646766663,1.667578387260437,1.1394816637039185,1.9855531454086304,0.16339242458343506,1.095772385597229,0.789,0.405,852.4636108875275,1,0,/home/zhangxu/yolov5-7.0/ga_cache/work_afc416eb1638e903
7,16,367,run4_p1798000_e367,0.5871960520744324,0.5820600986480713,0.13880199193954468,0.5303462147712708,0.06652611494064331,0.06037551909685135,0.0,0.5871960520744324,0.5820600986480713,1.216405975818634,2.0606924295425415,1.1330522298812866,0.06037551909685135,1.0,0.812,0.425,0.00039577484130859375,1,1,/home/zhangxu/yolov5-7.0/ga_cache/work_0679f834bb902157
7,17,368,run4_p1798000_e368,0.6548912525177002,0.43730807304382324,0.289192795753479,0.06974083185195923,0.06652611494064331,0.16339242458343506,0.06384825706481934,0.6548912525177002,0.43730807304382324,1.667578387260437,1.1394816637039185,1.1330522298812866,0.16339242458343506,1.095772385597229,0.798,0.414,1148.429845571518,1,0,/home/zhangxu/yolov5-7.0/ga_cache/work_a52138063258ac71
7,18,369,run4_p1798000_e369,0.7463217377662659,0.6896491646766663,0.13880199193954468,0.033474136143922806,0.4927765727043152,0.16339242458343506,0.06384825706481934,0.7463217377662659,0.6896491646766663,1.216405975818634,1.0669482722878456,1.9855531454086304,0.16339242458343506,1.095772385597229,0.791,0.407,1117.48788523674,1,0,/home/zhangxu/yolov5-7.0/ga_cache/work_e27b9bd216b74f1b
7,19,370,run4_p1798000_e370,0.7463217377662659,0.4382548928260803,0.289192795753479,0.06974083185195923,0.06652611494064331,0.16339242458343506,0.06384825706481934,0.7463217377662659,0.4382548928260803,1.667578387260437,1.1394816637039185,1.1330522298812866,0.16339242458343506,1.095772385597229,0.796,0.413,1163.717375278473,1,0,/home/zhangxu/yolov5-7.0/ga_cache/work_c037a695a645646e
7,20,371,run4_p1798000_e371,0.5919392108917236,1.0,0.07623319327831268,0.4929194450378418,0.34138134121894836,0.18489190936088562,0.1816791146993637,0.5919392108917236,1.0,1.028699579834938,1.9858388900756836,1.6827626824378967,0.18489190936088562,1.2725186720490456,0.712,0.355,1159.095158815384,1,0,/home/zhangxu/yolov5-7.0/ga_cache/work_c2afd332e66d49ab
7,21,372,run4_p1798000_e372,0.5080594420433044,0.4382548928260803,0.09963668137788773,0.33006343245506287,0.20149312913417816,0.16339242458343506,0.06010305881500244,0.5080594420433044,0.4382548928260803,1.0989100441336632,1.6601268649101257,1.4029862582683563,0.16339242458343506,1.0901545882225037,0.802,0.417,1140.3335378170013,1,0,/home/zhangxu/yolov5-7.0/ga_cache/work_f13152059160c01c
7,22,373,run4_p1798000_e373,0.6548912525177002,0.5820600986480713,0.13880199193954468,0.033474136143922806,0.4927765727043152,0.06037551909685135,0.0,0.6548912525177002,0.5820600986480713,1.216405975818634,1.0669482722878456,1.9855531454086304,0.06037551909685135,1.0,0.811,0.423,1107.5117101669312,1,0,/home/zhangxu/yolov5-7.0/ga_cache/work_37d6e18bab89fcfb
7,23,374,run4_p1798000_e374,0.7463217377662659,0.5820600986480713,0.09963668137788773,0.33006343245506287,0.06652611494064331,0.06037551909685135,0.0,0.7463217377662659,0.5820600986480713,1.0989100441336632,1.6601268649101257,1.1330522298812866,0.06037551909685135,1.0,0.811,0.424,1176.3966977596283,1,0,/home/zhangxu/yolov5-7.0/ga_cache/work_c3d5eb72bbe24a69
7,24,375,run4_p1798000_e375,0.5080594420433044,0.43730807304382324,0.13880199193954468,0.5303462147712708,0.20149312913417816,0.16339242458343506,0.06010305881500244,0.5080594420433044,0.43730807304382324,1.216405975818634,2.0606924295425415,1.4029862582683563,0.16339242458343506,1.0901545882225037,0.797,0.411,1178.0921199321747,1,0,/home/zhangxu/yolov5-7.0/ga_cache/work_fee4bdbea87da13e
7,25,376,run4_p1798000_e376,0.6548912525177002,0.4382548928260803,0.13880199193954468,0.5430762767791748,0.13381877541542053,0.16339242458343506,0.06010305881500244,0.6548912525177002,0.4382548928260803,1.216405975818634,2.0861525535583496,1.267637550830841,0.16339242458343506,1.0901545882225037,0.797,0.414,754.5073065757751,1,0,/home/zhangxu/yolov5-7.0/ga_cache/work_bb83456b94473929
7,26,377,run4_p1798000_e377,0.6913166642189026,0.43730807304382324,0.09963668137788773,0.33006343245506287,0.4927765727043152,0.06037551909685135,0.0,0.6913166642189026,0.43730807304382324,1.0989100441336632,1.6601268649101257,1.9855531454086304,0.06037551909685135,1.0,0.808,0.42,764.3525505065918,1,0,/home/zhangxu/yolov5-7.0/ga_cache/work_da7ffab8486891be
7,27,378,run4_p1798000_e378,0.7463217377662659,0.6896491646766663,0.289192795753479,0.06974083185195923,0.06652611494064331,0.16339242458343506,0.06384825706481934,0.7463217377662659,0.6896491646766663,1.667578387260437,1.1394816637039185,1.1330522298812866,0.16339242458343506,1.095772385597229,0.796,0.408,990.340740442276,1,0,/home/zhangxu/yolov5-7.0/ga_cache/work_afa0ae9dc50df609
7,28,379,run4_p1798000_e379,0.7463217377662659,0.6896491646766663,0.13880199193954468,0.5303462147712708,0.06652611494064331,0.16339242458343506,0.06010305881500244,0.7463217377662659,0.6896491646766663,1.216405975818634,2.0606924295425415,1.1330522298812866,0.16339242458343506,1.0901545882225037,0.794,0.407,1133.765385389328,1,0,/home/zhangxu/yolov5-7.0/ga_cache/work_e8505754db586ed8
7,29,380,run4_p1798000_e380,0.7463217377662659,0.43730807304382324,0.13880199193954468,0.5430762767791748,0.4927765727043152,0.16339242458343506,0.0,0.7463217377662659,0.43730807304382324,1.216405975818634,2.0861525535583496,1.9855531454086304,0.16339242458343506,1.0,0.788,0.405,1120.4411554336548,1,0,/home/zhangxu/yolov5-7.0/ga_cache/work_20e26b60349c9a84
7,30,381,run4_p1798000_e381,0.6548912525177002,0.5820600986480713,0.13880199193954468,0.33006343245506287,0.4927765727043152,0.16339242458343506,0.06384825706481934,0.6548912525177002,0.5820600986480713,1.216405975818634,1.6601268649101257,1.9855531454086304,0.16339242458343506,1.095772385597229,0.792,0.406,1039.9081904888153,1,0,/home/zhangxu/yolov5-7.0/ga_cache/work_35055fc124a2836d
7,31,382,run4_p1798000_e382,0.7463217377662659,0.5820600986480713,0.289192795753479,0.06974083185195923,0.20149312913417816,0.06037551909685135,0.01928853988647461,0.7463217377662659,0.5820600986480713,1.667578387260437,1.1394816637039185,1.4029862582683563,0.06037551909685135,1.028932809829712,0.809,0.423,1101.6453185081482,1,0,/home/zhangxu/yolov5-7.0/ga_cache/work_dbf47d5f6cec7b65
7,32,383,run4_p1798000_e383,0.7463217377662659,0.43730807304382324,0.13880199193954468,0.5303462147712708,0.13381877541542053,0.16339242458343506,0.0,0.7463217377662659,0.43730807304382324,1.216405975818634,2.0606924295425415,1.267637550830841,0.16339242458343506,1.0,0.796,0.411,1115.7323346138,1,0,/home/zhangxu/yolov5-7.0/ga_cache/work_0acf0b8bcd16f398
7,33,384,run4_p1798000_e384,0.6088406443595886,0.3208785057067871,0.13880199193954468,0.033474136143922806,0.11660952866077423,0.16339242458343506,0.06384825706481934,0.6088406443595886,0.3208785057067871,1.216405975818634,1.0669482722878456,1.2332190573215485,0.16339242458343506,1.095772385597229,0.799,0.415,1134.058182477951,1,0,/home/zhangxu/yolov5-7.0/ga_cache/work_6fe9980459778fd6
7,34,385,run4_p1798000_e385,0.6548912525177002,0.43730807304382324,0.33644479513168335,0.19726336002349854,0.4927765727043152,0.0,0.0,0.6548912525177002,0.43730807304382324,1.80933438539505,1.394526720046997,1.9855531454086304,0.0,1.0,0.804,0.419,1129.08202791214,1,0,/home/zhangxu/yolov5-7.0/ga_cache/work_07c2d12149cfbd2d
7,35,386,run4_p1798000_e386,0.6548912525177002,0.4382548928260803,0.13880199193954468,0.5430762767791748,0.06652611494064331,0.16339242458343506,0.06010305881500244,0.6548912525177002,0.4382548928260803,1.216405975818634,2.0861525535583496,1.1330522298812866,0.16339242458343506,1.0901545882225037,0.797,0.415,1129.531973361969,1,0,/home/zhangxu/yolov5-7.0/ga_cache/work_08591faa84a6f7d0
7,36,387,run4_p1798000_e387,0.6088406443595886,0.3208785057067871,0.33644479513168335,0.19726336002349854,0.11660952866077423,0.0,0.0,0.6088406443595886,0.3208785057067871,1.80933438539505,1.394526720046997,1.2332190573215485,0.0,1.0,0.805,0.422,1111.8907976150513,1,0,/home/zhangxu/yolov5-7.0/ga_cache/work_6fd07b06f0ade7a0
7,37,388,run4_p1798000_e388,0.7463217377662659,0.6896491646766663,0.13880199193954468,0.5303462147712708,0.06652611494064331,0.16339242458343506,0.06010305881500244,0.7463217377662659,0.6896491646766663,1.216405975818634,2.0606924295425415,1.1330522298812866,0.16339242458343506,1.0901545882225037,0.794,0.407,774.1836731433868,1,1,/home/zhangxu/yolov5-7.0/ga_cache/work_e8505754db586ed8
7,38,389,run4_p1798000_e389,0.7463217377662659,0.6896491646766663,0.289192795753479,0.06974083185195923,0.06652611494064331,0.16339242458343506,0.06384825706481934,0.7463217377662659,0.6896491646766663,1.667578387260437,1.1394816637039185,1.1330522298812866,0.16339242458343506,1.095772385597229,0.796,0.408,312.05517625808716,1,1,/home/zhangxu/yolov5-7.0/ga_cache/work_afa0ae9dc50df609
7,39,390,run4_p1798000_e390,0.6913166642189026,0.43730807304382324,0.09963668137788773,0.5430762767791748,0.06652611494064331,0.16339242458343506,0.0,0.6913166642189026,0.43730807304382324,1.0989100441336632,2.0861525535583496,1.1330522298812866,0.16339242458343506,1.0,0.799,0.413,788.2572154998779,1,0,/home/zhangxu/yolov5-7.0/ga_cache/work_e5ba0f7094e02f1e
7,40,391,run4_p1798000_e391,0.7463217377662659,0.4382548928260803,0.13880199193954468,0.33006343245506287,0.4927765727043152,0.06037551909685135,0.01928853988647461,0.7463217377662659,0.4382548928260803,1.216405975818634,1.6601268649101257,1.9855531454086304,0.06037551909685135,1.028932809829712,0.803,0.417,986.2030694484711,1,0,/home/zhangxu/yolov5-7.0/ga_cache/work_311bc4022c238ed4
7,41,392,run4_p1798000_e392,0.5080594420433044,0.5820600986480713,0.289192795753479,0.033474136143922806,0.20149312913417816,0.06037551909685135,0.06384825706481934,0.5080594420433044,0.5820600986480713,1.667578387260437,1.0669482722878456,1.4029862582683563,0.06037551909685135,1.095772385597229,0.804,0.416,804.5611181259155,1,0,/home/zhangxu/yolov5-7.0/ga_cache/work_dcdf7ac37d6f7865
7,42,393,run4_p1798000_e393,0.6548912525177002,0.4382548928260803,0.09963668137788773,0.33006343245506287,0.4927765727043152,0.16339242458343506,0.0,0.6548912525177002,0.4382548928260803,1.0989100441336632,1.6601268649101257,1.9855531454086304,0.16339242458343506,1.0,0.796,0.412,867.6679708957672,1,0,/home/zhangxu/yolov5-7.0/ga_cache/work_5a66193458e4b74b
7,43,394,run4_p1798000_e394,0.7463217377662659,0.6896491646766663,0.13880199193954468,0.5303462147712708,0.06652611494064331,0.16339242458343506,0.06010305881500244,0.7463217377662659,0.6896491646766663,1.216405975818634,2.0606924295425415,1.1330522298812866,0.16339242458343506,1.0901545882225037,0.794,0.407,0.00029349327087402344,1,1,/home/zhangxu/yolov5-7.0/ga_cache/work_e8505754db586ed8
7,44,395,run4_p1798000_e395,0.7463217377662659,0.4382548928260803,0.13880199193954468,0.5430762767791748,0.06652611494064331,0.16339242458343506,0.06010305881500244,0.7463217377662659,0.4382548928260803,1.216405975818634,2.0861525535583496,1.1330522298812866,0.16339242458343506,1.0901545882225037,0.794,0.412,829.8846447467804,1,0,/home/zhangxu/yolov5-7.0/ga_cache/work_7675c1751a1589f7
7,45,396,run4_p1798000_e396,0.5871960520744324,0.5820600986480713,0.09963668137788773,0.5303462147712708,0.20149312913417816,0.06037551909685135,0.07262291014194489,0.5871960520744324,0.5820600986480713,1.0989100441336632,2.0606924295425415,1.4029862582683563,0.06037551909685135,1.1089343652129173,0.801,0.412,845.593446969986,1,0,/home/zhangxu/yolov5-7.0/ga_cache/work_391d33756273bac1
7,46,397,run4_p1798000_e397,0.5080594420433044,0.5958002805709839,0.13880199193954468,0.33006343245506287,0.4927765727043152,0.06037551909685135,0.0,0.5080594420433044,0.5958002805709839,1.216405975818634,1.6601268649101257,1.9855531454086304,0.06037551909685135,1.0,0.806,0.42,834.9466607570648,1,0,/home/zhangxu/yolov5-7.0/ga_cache/work_371ce87a7d3a55d0
7,47,398,run4_p1798000_e398,0.7463217377662659,0.6896491646766663,0.13880199193954468,0.5430762767791748,0.06652611494064331,0.16339242458343506,0.01928853988647461,0.7463217377662659,0.6896491646766663,1.216405975818634,2.0861525535583496,1.1330522298812866,0.16339242458343506,1.028932809829712,0.799,0.413,782.1234979629517,1,0,/home/zhangxu/yolov5-7.0/ga_cache/work_9f6eba8bf1b066fa
7,48,399,run4_p1798000_e399,0.7463217377662659,0.4382548928260803,0.13880199193954468,0.5303462147712708,0.06652611494064331,0.16339242458343506,0.01928853988647461,0.7463217377662659,0.4382548928260803,1.216405975818634,2.0606924295425415,1.1330522298812866,0.16339242458343506,1.028932809829712,0.795,0.413,796.1781103610992,1,0,/home/zhangxu/yolov5-7.0/ga_cache/work_1eee6f185aa50c80
7,49,400,run4_p1798000_e400,0.7463217377662659,0.5820600986480713,0.289192795753479,0.06974083185195923,0.20149312913417816,0.06037551909685135,0.0,0.7463217377662659,0.5820600986480713,1.667578387260437,1.1394816637039185,1.4029862582683563,0.06037551909685135,1.0,0.811,0.424,798.939817905426,1,0,/home/zhangxu/yolov5-7.0/ga_cache/work_a431dc94cf5737f5
8,0,401,run4_p1798000_e401,0.42231297492980957,0.29558801651000977,0.051729366183280945,0.0,0.28650689125061035,0.048539333045482635,0.0,0.42231297492980957,0.29558801651000977,0.9551880985498429,1.0,1.5730137825012207,0.048539333045482635,1.0,0.813,0.428,988.2331404685974,1,0,/home/zhangxu/yolov5-7.0/ga_cache/work_9b842bcb34deeb5f
8,1,402,run4_p1798000_e402,0.7463217377662659,0.4382548928260803,0.13880199193954468,0.5430762767791748,0.06652611494064331,0.06037551909685135,0.06010305881500244,0.7463217377662659,0.4382548928260803,1.216405975818634,2.0861525535583496,1.1330522298812866,0.06037551909685135,1.0901545882225037,0.803,0.418,1014.4886200428009,1,0,/home/zhangxu/yolov5-7.0/ga_cache/work_369ae20400d4b75d
8,2,403,run4_p1798000_e403,0.6548912525177002,0.43730807304382324,0.13880199193954468,0.33006343245506287,0.06652611494064331,0.16339242458343506,0.0,0.6548912525177002,0.43730807304382324,1.216405975818634,1.6601268649101257,1.1330522298812866,0.16339242458343506,1.0,0.803,0.418,1049.350800037384,1,0,/home/zhangxu/yolov5-7.0/ga_cache/work_06655edecb89e2a8
8,3,404,run4_p1798000_e404,0.42231297492980957,0.43730807304382324,0.051729366183280945,0.33006343245506287,0.4927765727043152,0.048539333045482635,0.0,0.42231297492980957,0.43730807304382324,0.9551880985498429,1.6601268649101257,1.9855531454086304,0.048539333045482635,1.0,0.808,0.422,1035.4725308418274,1,0,/home/zhangxu/yolov5-7.0/ga_cache/work_e1e3132bd83fdd0c
8,4,405,run4_p1798000_e405,0.6913166642189026,0.29558801651000977,0.09963668137788773,0.0,0.28650689125061035,0.06037551909685135,0.0,0.6913166642189026,0.29558801651000977,1.0989100441336632,1.0,1.5730137825012207,0.06037551909685135,1.0,0.802,0.419,875.3178908824921,1,0,/home/zhangxu/yolov5-7.0/ga_cache/work_cc5ef9bdb4756213
8,5,406,run4_p1798000_e406,0.7463217377662659,0.43730807304382324,0.289192795753479,0.033474136143922806,0.06652611494064331,0.16339242458343506,0.06384825706481934,0.7463217377662659,0.43730807304382324,1.667578387260437,1.0669482722878456,1.1330522298812866,0.16339242458343506,1.095772385597229,0.795,0.413,1001.0217444896698,1,0,/home/zhangxu/yolov5-7.0/ga_cache/work_128ccc7559639ce8
8,6,407,run4_p1798000_e407,0.6548912525177002,0.4382548928260803,0.13880199193954468,0.5430762767791748,0.13381877541542053,0.16339242458343506,0.06010305881500244,0.6548912525177002,0.4382548928260803,1.216405975818634,2.0861525535583496,1.267637550830841,0.16339242458343506,1.0901545882225037,0.797,0.414,1014.3294582366943,1,0,/home/zhangxu/yolov5-7.0/ga_cache/work_bb83456b94473929
8,7,408,run4_p1798000_e408,0.7463217377662659,0.5820600986480713,0.13880199193954468,0.06974083185195923,0.4927765727043152,0.06037551909685135,0.0,0.7463217377662659,0.5820600986480713,1.216405975818634,1.1394816637039185,1.9855531454086304,0.06037551909685135,1.0,0.81,0.422,995.3497059345245,1,0,/home/zhangxu/yolov5-7.0/ga_cache/work_ef062bcc375ac379
8,8,409,run4_p1798000_e409,0.6548912525177002,0.5820600986480713,0.289192795753479,0.033474136143922806,0.20149312913417816,0.06037551909685135,0.01928853988647461,0.6548912525177002,0.5820600986480713,1.667578387260437,1.0669482722878456,1.4029862582683563,0.06037551909685135,1.028932809829712,0.812,0.424,1041.6129665374756,1,0,/home/zhangxu/yolov5-7.0/ga_cache/work_7ea6183997fa8e30
8,9,410,run4_p1798000_e410,0.5871960520744324,0.5820600986480713,0.09963668137788773,0.33006343245506287,0.4927765727043152,0.06037551909685135,0.0,0.5871960520744324,0.5820600986480713,1.0989100441336632,1.6601268649101257,1.9855531454086304,0.06037551909685135,1.0,0.809,0.422,873.5029640197754,1,0,/home/zhangxu/yolov5-7.0/ga_cache/work_48beda325de1a656
8,10,411,run4_p1798000_e411,0.6913166642189026,0.43730807304382324,0.09963668137788773,0.5303462147712708,0.20149312913417816,0.06037551909685135,0.07262291014194489,0.6913166642189026,0.43730807304382324,1.0989100441336632,2.0606924295425415,1.4029862582683563,0.06037551909685135,1.1089343652129173,0.804,0.418,1017.4922270774841,1,0,/home/zhangxu/yolov5-7.0/ga_cache/work_35eac4ad41b7e560
8,11,412,run4_p1798000_e412,0.6548912525177002,0.5820600986480713,0.13880199193954468,0.033474136143922806,0.4927765727043152,0.06037551909685135,0.0,0.6548912525177002,0.5820600986480713,1.216405975818634,1.0669482722878456,1.9855531454086304,0.06037551909685135,1.0,0.811,0.423,1018.0408298969269,1,0,/home/zhangxu/yolov5-7.0/ga_cache/work_37d6e18bab89fcfb
8,12,413,run4_p1798000_e413,0.7463217377662659,0.5820600986480713,0.289192795753479,0.06974083185195923,0.20149312913417816,0.06037551909685135,0.0,0.7463217377662659,0.5820600986480713,1.667578387260437,1.1394816637039185,1.4029862582683563,0.06037551909685135,1.0,0.811,0.424,0.00048065185546875,1,1,/home/zhangxu/yolov5-7.0/ga_cache/work_a431dc94cf5737f5
8,13,414,run4_p1798000_e414,0.5080594420433044,0.5820600986480713,0.13880199193954468,0.33006343245506287,0.4927765727043152,0.06037551909685135,0.0,0.5080594420433044,0.5820600986480713,1.216405975818634,1.6601268649101257,1.9855531454086304,0.06037551909685135,1.0,0.807,0.42,808.1652851104736,1,0,/home/zhangxu/yolov5-7.0/ga_cache/work_079e75308f3b8cac
8,14,415,run4_p1798000_e415,0.7463217377662659,0.5958002805709839,0.13880199193954468,0.33006343245506287,0.20149312913417816,0.16339242458343506,0.0,0.7463217377662659,0.5958002805709839,1.216405975818634,1.6601268649101257,1.4029862582683563,0.16339242458343506,1.0,0.802,0.416,903.204850435257,1,0,/home/zhangxu/yolov5-7.0/ga_cache/work_2b015bece73c7278
8,15,416,run4_p1798000_e416,0.5080594420433044,0.43730807304382324,0.09963668137788773,0.33006343245506287,0.20149312913417816,0.06037551909685135,0.0,0.5080594420433044,0.43730807304382324,1.0989100441336632,1.6601268649101257,1.4029862582683563,0.06037551909685135,1.0,0.812,0.425,1062.3595988750458,1,0,/home/zhangxu/yolov5-7.0/ga_cache/work_38dc42aab27fc4fb
8,16,417,run4_p1798000_e417,0.7463217377662659,0.5958002805709839,0.13880199193954468,0.33006343245506287,0.06652611494064331,0.06037551909685135,0.07262291014194489,0.7463217377662659,0.5958002805709839,1.216405975818634,1.6601268649101257,1.1330522298812866,0.06037551909685135,1.1089343652129173,0.803,0.417,1046.0723004341125,1,0,/home/zhangxu/yolov5-7.0/ga_cache/work_6f7fee8919143902
8,17,418,run4_p1798000_e418,0.7463217377662659,0.6896491646766663,0.13880199193954468,0.06974083185195923,0.06652611494064331,0.06037551909685135,0.01928853988647461,0.7463217377662659,0.6896491646766663,1.216405975818634,1.1394816637039185,1.1330522298812866,0.06037551909685135,1.028932809829712,0.809,0.421,1044.411455154419,1,0,/home/zhangxu/yolov5-7.0/ga_cache/work_0b2865fd97445fb4
8,18,419,run4_p1798000_e419,0.7463217377662659,0.5820600986480713,0.289192795753479,0.5303462147712708,0.20149312913417816,0.16339242458343506,0.01928853988647461,0.7463217377662659,0.5820600986480713,1.667578387260437,2.0606924295425415,1.4029862582683563,0.16339242458343506,1.028932809829712,0.789,0.408,880.9911518096924,1,0,/home/zhangxu/yolov5-7.0/ga_cache/work_1f6fb0f4bc84bee7
8,19,420,run4_p1798000_e420,0.7463217377662659,0.5820600986480713,0.289192795753479,0.06974083185195923,0.20149312913417816,0.06037551909685135,0.0,0.7463217377662659,0.5820600986480713,1.667578387260437,1.1394816637039185,1.4029862582683563,0.06037551909685135,1.0,0.811,0.424,0.00023889541625976562,1,1,/home/zhangxu/yolov5-7.0/ga_cache/work_a431dc94cf5737f5
8,20,421,run4_p1798000_e421,0.7463217377662659,0.5820600986480713,0.289192795753479,0.06974083185195923,0.20149312913417816,0.06037551909685135,0.01928853988647461,0.7463217377662659,0.5820600986480713,1.667578387260437,1.1394816637039185,1.4029862582683563,0.06037551909685135,1.028932809829712,0.809,0.423,1074.5127453804016,1,0,/home/zhangxu/yolov5-7.0/ga_cache/work_dbf47d5f6cec7b65
8,21,422,run4_p1798000_e422,0.6548912525177002,0.43730807304382324,0.289192795753479,0.06974083185195923,0.20149312913417816,0.06037551909685135,0.0,0.6548912525177002,0.43730807304382324,1.667578387260437,1.1394816637039185,1.4029862582683563,0.06037551909685135,1.0,0.809,0.424,1069.7081360816956,1,0,/home/zhangxu/yolov5-7.0/ga_cache/work_16d05390f564a841
8,22,423,run4_p1798000_e423,0.7463217377662659,0.5820600986480713,0.33644479513168335,0.19726336002349854,0.4927765727043152,0.0,0.0,0.7463217377662659,0.5820600986480713,1.80933438539505,1.394526720046997,1.9855531454086304,0.0,1.0,0.804,0.421,1068.2245965003967,1,0,/home/zhangxu/yolov5-7.0/ga_cache/work_a8c76abc6640e303
8,23,424,run4_p1798000_e424,0.5080594420433044,0.5958002805709839,0.09963668137788773,0.033474136143922806,0.20149312913417816,0.06037551909685135,0.0,0.5080594420433044,0.5958002805709839,1.0989100441336632,1.0669482722878456,1.4029862582683563,0.06037551909685135,1.0,0.815,0.426,1001.3315587043762,1,0,/home/zhangxu/yolov5-7.0/ga_cache/work_bf5cb13d827aede5
8,24,425,run4_p1798000_e425,0.6548912525177002,0.5820600986480713,0.13880199193954468,0.33006343245506287,0.4927765727043152,0.06037551909685135,0.07262291014194489,0.6548912525177002,0.5820600986480713,1.216405975818634,1.6601268649101257,1.9855531454086304,0.06037551909685135,1.1089343652129173,0.799,0.414,1040.9106378555298,1,0,/home/zhangxu/yolov5-7.0/ga_cache/work_cca92fbfb1f2cadc
8,25,426,run4_p1798000_e426,0.6088406443595886,0.5820600986480713,0.09963668137788773,0.19726336002349854,0.11660952866077423,0.06037551909685135,0.0,0.6088406443595886,0.5820600986480713,1.0989100441336632,1.394526720046997,1.2332190573215485,0.06037551909685135,1.0,0.813,0.425,1062.4782855510712,1,0,/home/zhangxu/yolov5-7.0/ga_cache/work_2c382f7da8d67698
8,26,427,run4_p1798000_e427,0.7284789681434631,0.17459765076637268,0.07768845558166504,0.29726260900497437,0.512016773223877,0.017708515748381615,0.06511466205120087,0.7284789681434631,0.17459765076637268,1.0330653667449952,1.5945252180099487,2.024033546447754,0.017708515748381615,1.0976719930768013,0.794,0.416,816.9337844848633,1,0,/home/zhangxu/yolov5-7.0/ga_cache/work_dde0387e699b4dfc
8,27,428,run4_p1798000_e428,0.5080594420433044,0.5958002805709839,0.09963668137788773,0.33006343245506287,0.20149312913417816,0.06037551909685135,0.07262291014194489,0.5080594420433044,0.5958002805709839,1.0989100441336632,1.6601268649101257,1.4029862582683563,0.06037551909685135,1.1089343652129173,0.801,0.413,826.1810986995697,1,0,/home/zhangxu/yolov5-7.0/ga_cache/work_554aa6b968691f83
8,28,429,run4_p1798000_e429,0.5871960520744324,0.5820600986480713,0.09963668137788773,0.5303462147712708,0.20149312913417816,0.06037551909685135,0.07262291014194489,0.5871960520744324,0.5820600986480713,1.0989100441336632,2.0606924295425415,1.4029862582683563,0.06037551909685135,1.1089343652129173,0.801,0.412,902.0225331783295,1,0,/home/zhangxu/yolov5-7.0/ga_cache/work_391d33756273bac1
8,29,430,run4_p1798000_e430,0.6548912525177002,0.5820600986480713,0.13880199193954468,0.5303462147712708,0.06652611494064331,0.06037551909685135,0.0,0.6548912525177002,0.5820600986480713,1.216405975818634,2.0606924295425415,1.1330522298812866,0.06037551909685135,1.0,0.811,0.423,1113.3319351673126,1,0,/home/zhangxu/yolov5-7.0/ga_cache/work_b767284950a9a28b
8,30,431,run4_p1798000_e431,0.5871960520744324,0.5820600986480713,0.13880199193954468,0.033474136143922806,0.4927765727043152,0.06037551909685135,0.0,0.5871960520744324,0.5820600986480713,1.216405975818634,1.0669482722878456,1.9855531454086304,0.06037551909685135,1.0,0.812,0.424,1087.51225399971,1,0,/home/zhangxu/yolov5-7.0/ga_cache/work_7be648c78df769ab
8,31,432,run4_p1798000_e432,0.6088406443595886,0.5820600986480713,0.13880199193954468,0.033474136143922806,0.06652611494064331,0.06037551909685135,0.06384825706481934,0.6088406443595886,0.5820600986480713,1.216405975818634,1.0669482722878456,1.1330522298812866,0.06037551909685135,1.095772385597229,0.802,0.416,1086.46213889122,1,0,/home/zhangxu/yolov5-7.0/ga_cache/work_1d5c6adf0aa1c52d
8,32,433,run4_p1798000_e433,0.7463217377662659,0.3208785057067871,0.09963668137788773,0.33006343245506287,0.11660952866077423,0.16339242458343506,0.0,0.7463217377662659,0.3208785057067871,1.0989100441336632,1.6601268649101257,1.2332190573215485,0.16339242458343506,1.0,0.792,0.412,1124.4609718322754,1,0,/home/zhangxu/yolov5-7.0/ga_cache/work_01f392219b0ed13b
8,33,434,run4_p1798000_e434,0.6088406443595886,0.3208785057067871,0.33644479513168335,0.19726336002349854,0.11660952866077423,0.0,0.0,0.6088406443595886,0.3208785057067871,1.80933438539505,1.394526720046997,1.2332190573215485,0.0,1.0,0.805,0.422,973.4022243022919,1,0,/home/zhangxu/yolov5-7.0/ga_cache/work_6fd07b06f0ade7a0
8,34,435,run4_p1798000_e435,0.6913166642189026,0.43730807304382324,0.09963668137788773,0.5430762767791748,0.06652611494064331,0.16339242458343506,0.0,0.6913166642189026,0.43730807304382324,1.0989100441336632,2.0861525535583496,1.1330522298812866,0.16339242458343506,1.0,0.799,0.413,1115.2155179977417,1,0,/home/zhangxu/yolov5-7.0/ga_cache/work_e5ba0f7094e02f1e
8,35,436,run4_p1798000_e436,0.7463217377662659,0.5820600986480713,0.13880199193954468,0.5303462147712708,0.06652611494064331,0.06037551909685135,0.01928853988647461,0.7463217377662659,0.5820600986480713,1.216405975818634,2.0606924295425415,1.1330522298812866,0.06037551909685135,1.028932809829712,0.81,0.422,1111.1840159893036,1,0,/home/zhangxu/yolov5-7.0/ga_cache/work_cdc245cb26c51592
8,36,437,run4_p1798000_e437,0.5871960520744324,0.6896491646766663,0.13880199193954468,0.5430762767791748,0.06652611494064331,0.16339242458343506,0.0,0.5871960520744324,0.6896491646766663,1.216405975818634,2.0861525535583496,1.1330522298812866,0.16339242458343506,1.0,0.803,0.414,1116.5632631778717,1,0,/home/zhangxu/yolov5-7.0/ga_cache/work_d2b0a01b4e0f6876
8,37,438,run4_p1798000_e438,0.5080594420433044,0.5820600986480713,0.09963668137788773,0.33006343245506287,0.20149312913417816,0.06037551909685135,0.06384825706481934,0.5080594420433044,0.5820600986480713,1.0989100441336632,1.6601268649101257,1.4029862582683563,0.06037551909685135,1.095772385597229,0.804,0.417,1129.8648934364319,1,0,/home/zhangxu/yolov5-7.0/ga_cache/work_362d94182deb5f54
8,38,439,run4_p1798000_e439,0.5080594420433044,0.5958002805709839,0.289192795753479,0.033474136143922806,0.20149312913417816,0.06037551909685135,0.07262291014194489,0.5080594420433044,0.5958002805709839,1.667578387260437,1.0669482722878456,1.4029862582683563,0.06037551909685135,1.1089343652129173,0.802,0.413,763.4324932098389,1,0,/home/zhangxu/yolov5-7.0/ga_cache/work_5071fec77a7f56e9
8,39,440,run4_p1798000_e440,0.5080594420433044,0.43730807304382324,0.09963668137788773,0.33006343245506287,0.4927765727043152,0.06037551909685135,0.0,0.5080594420433044,0.43730807304382324,1.0989100441336632,1.6601268649101257,1.9855531454086304,0.06037551909685135,1.0,0.809,0.422,796.8871762752533,1,0,/home/zhangxu/yolov5-7.0/ga_cache/work_43a3a1249b4567c1
8,40,441,run4_p1798000_e441,0.6913166642189026,0.5820600986480713,0.09963668137788773,0.33006343245506287,0.4927765727043152,0.06037551909685135,0.0,0.6913166642189026,0.5820600986480713,1.0989100441336632,1.6601268649101257,1.9855531454086304,0.06037551909685135,1.0,0.808,0.422,989.922623872757,1,0,/home/zhangxu/yolov5-7.0/ga_cache/work_91b586cb089083ae
8,41,442,run4_p1798000_e442,0.5871960520744324,0.5820600986480713,0.13880199193954468,0.5303462147712708,0.06652611494064331,0.06037551909685135,0.0,0.5871960520744324,0.5820600986480713,1.216405975818634,2.0606924295425415,1.1330522298812866,0.06037551909685135,1.0,0.812,0.425,942.8374714851379,1,0,/home/zhangxu/yolov5-7.0/ga_cache/work_0679f834bb902157
8,42,443,run4_p1798000_e443,0.5671609044075012,0.7022301554679871,0.3968338966369629,0.0,0.3358057141304016,0.07599923014640808,0.025417886674404144,0.5671609044075012,0.7022301554679871,1.9905016899108887,1.0,1.6716114282608032,0.07599923014640808,1.0381268300116062,0.8,0.411,955.1269111633301,1,0,/home/zhangxu/yolov5-7.0/ga_cache/work_2113890a409b0789
8,43,444,run4_p1798000_e444,0.6548912525177002,0.5820600986480713,0.13880199193954468,0.033474136143922806,0.4927765727043152,0.06037551909685135,0.0,0.6548912525177002,0.5820600986480713,1.216405975818634,1.0669482722878456,1.9855531454086304,0.06037551909685135,1.0,0.811,0.423,953.917929649353,1,0,/home/zhangxu/yolov5-7.0/ga_cache/work_37d6e18bab89fcfb
8,44,445,run4_p1798000_e445,0.6548912525177002,0.5820600986480713,0.13880199193954468,0.033474136143922806,0.4927765727043152,0.06037551909685135,0.0,0.6548912525177002,0.5820600986480713,1.216405975818634,1.0669482722878456,1.9855531454086304,0.06037551909685135,1.0,0.811,0.423,936.19686627388,1,1,/home/zhangxu/yolov5-7.0/ga_cache/work_37d6e18bab89fcfb
8,45,446,run4_p1798000_e446,0.5080594420433044,0.5820600986480713,0.09963668137788773,0.5430762767791748,0.06652611494064331,0.16339242458343506,0.0,0.5080594420433044,0.5820600986480713,1.0989100441336632,2.0861525535583496,1.1330522298812866,0.16339242458343506,1.0,0.802,0.417,940.672260761261,1,0,/home/zhangxu/yolov5-7.0/ga_cache/work_246e92b2fa006542
8,46,447,run4_p1798000_e447,0.6548912525177002,0.4382548928260803,0.13880199193954468,0.33006343245506287,0.4927765727043152,0.06037551909685135,0.06010305881500244,0.6548912525177002,0.4382548928260803,1.216405975818634,1.6601268649101257,1.9855531454086304,0.06037551909685135,1.0901545882225037,0.803,0.419,788.594498872757,1,0,/home/zhangxu/yolov5-7.0/ga_cache/work_1a17e068b08a5cbd
8,47,448,run4_p1798000_e448,0.5080594420433044,0.5820600986480713,0.289192795753479,0.033474136143922806,0.06652611494064331,0.06037551909685135,0.06384825706481934,0.5080594420433044,0.5820600986480713,1.667578387260437,1.0669482722878456,1.1330522298812866,0.06037551909685135,1.095772385597229,0.803,0.415,924.0717418193817,1,0,/home/zhangxu/yolov5-7.0/ga_cache/work_d07634988ac1e7ac
8,48,449,run4_p1798000_e449,0.7463217377662659,0.43730807304382324,0.289192795753479,0.033474136143922806,0.20149312913417816,0.16339242458343506,0.06384825706481934,0.7463217377662659,0.43730807304382324,1.667578387260437,1.0669482722878456,1.4029862582683563,0.16339242458343506,1.095772385597229,0.795,0.414,926.2157211303711,1,0,/home/zhangxu/yolov5-7.0/ga_cache/work_ca9aba810a6a7619
8,49,450,run4_p1798000_e450,0.6548912525177002,0.5820600986480713,0.13880199193954468,0.033474136143922806,0.4927765727043152,0.06037551909685135,0.0,0.6548912525177002,0.5820600986480713,1.216405975818634,1.0669482722878456,1.9855531454086304,0.06037551909685135,1.0,0.811,0.423,844.1766867637634,1,1,/home/zhangxu/yolov5-7.0/ga_cache/work_37d6e18bab89fcfb
9,0,451,run4_p1798000_e451,0.5080594420433044,0.5958002805709839,0.09963668137788773,0.033474136143922806,0.20149312913417816,0.06037551909685135,0.0,0.5080594420433044,0.5958002805709839,1.0989100441336632,1.0669482722878456,1.4029862582683563,0.06037551909685135,1.0,0.815,0.426,780.9599924087524,1,0,/home/zhangxu/yolov5-7.0/ga_cache/work_bf5cb13d827aede5
9,1,452,run4_p1798000_e452,0.7463217377662659,0.5820600986480713,0.289192795753479,0.5303462147712708,0.20149312913417816,0.06037551909685135,0.0,0.7463217377662659,0.5820600986480713,1.667578387260437,2.0606924295425415,1.4029862582683563,0.06037551909685135,1.0,0.802,0.417,837.5696527957916,1,0,/home/zhangxu/yolov5-7.0/ga_cache/work_33cffabb666bee51
9,2,453,run4_p1798000_e453,0.7463217377662659,0.5820600986480713,0.13880199193954468,0.06974083185195923,0.06652611494064331,0.06037551909685135,0.01928853988647461,0.7463217377662659,0.5820600986480713,1.216405975818634,1.1394816637039185,1.1330522298812866,0.06037551909685135,1.028932809829712,0.81,0.424,1201.7738196849823,1,0,/home/zhangxu/yolov5-7.0/ga_cache/work_13ae73101d811f9b
9,3,454,run4_p1798000_e454,0.5080594420433044,0.29558801651000977,0.09963668137788773,0.033474136143922806,0.28650689125061035,0.06037551909685135,0.0,0.5080594420433044,0.29558801651000977,1.0989100441336632,1.0669482722878456,1.5730137825012207,0.06037551909685135,1.0,0.81,0.427,1132.5136947631836,1,0,/home/zhangxu/yolov5-7.0/ga_cache/work_98dd971bd41366da
9,4,455,run4_p1798000_e455,0.6913166642189026,0.5958002805709839,0.09963668137788773,0.0,0.20149312913417816,0.06037551909685135,0.0,0.6913166642189026,0.5958002805709839,1.0989100441336632,1.0,1.4029862582683563,0.06037551909685135,1.0,0.809,0.424,1250.5378668308258,1,0,/home/zhangxu/yolov5-7.0/ga_cache/work_4c2733fd2ae35f8c
9,5,456,run4_p1798000_e456,0.7463217377662659,0.5820600986480713,0.13880199193954468,0.5303462147712708,0.06652611494064331,0.06037551909685135,0.01928853988647461,0.7463217377662659,0.5820600986480713,1.216405975818634,2.0606924295425415,1.1330522298812866,0.06037551909685135,1.028932809829712,0.81,0.422,1250.2886064052582,1,0,/home/zhangxu/yolov5-7.0/ga_cache/work_cdc245cb26c51592
9,6,457,run4_p1798000_e457,0.6548912525177002,0.5820600986480713,0.13880199193954468,0.033474136143922806,0.4927765727043152,0.06037551909685135,0.0,0.6548912525177002,0.5820600986480713,1.216405975818634,1.0669482722878456,1.9855531454086304,0.06037551909685135,1.0,0.811,0.423,0.00028634071350097656,1,1,/home/zhangxu/yolov5-7.0/ga_cache/work_37d6e18bab89fcfb
9,7,458,run4_p1798000_e458,0.5080594420433044,0.5820600986480713,0.13880199193954468,0.033474136143922806,0.20149312913417816,0.06037551909685135,0.0,0.5080594420433044,0.5820600986480713,1.216405975818634,1.0669482722878456,1.4029862582683563,0.06037551909685135,1.0,0.813,0.427,1268.9359776973724,1,0,/home/zhangxu/yolov5-7.0/ga_cache/work_5635bdc6656487b1
9,8,459,run4_p1798000_e459,0.7129080891609192,0.562688946723938,0.33980265259742737,0.6908694505691528,0.07344236224889755,0.0752987265586853,0.0,0.7129080891609192,0.562688946723938,1.8194079577922821,2.3817389011383057,1.146884724497795,0.0752987265586853,1.0,0.801,0.415,1262.3555192947388,1,0,/home/zhangxu/yolov5-7.0/ga_cache/work_b0f93f6dd9199911
9,9,460,run4_p1798000_e460,0.7463217377662659,0.29558801651000977,0.051729366183280945,0.0,0.28650689125061035,0.06037551909685135,0.01928853988647461,0.7463217377662659,0.29558801651000977,0.9551880985498429,1.0,1.5730137825012207,0.06037551909685135,1.028932809829712,0.796,0.417,1273.2304639816284,1,0,/home/zhangxu/yolov5-7.0/ga_cache/work_ce2869df1bca9bb6
9,10,461,run4_p1798000_e461,0.42231297492980957,0.6896491646766663,0.13880199193954468,0.06974083185195923,0.06652611494064331,0.048539333045482635,0.0,0.42231297492980957,0.6896491646766663,1.216405975818634,1.1394816637039185,1.1330522298812866,0.048539333045482635,1.0,0.809,0.419,1241.6080582141876,1,0,/home/zhangxu/yolov5-7.0/ga_cache/work_1f446360a96cb1dd
9,11,462,run4_p1798000_e462,0.7463217377662659,0.5820600986480713,0.289192795753479,0.5303462147712708,0.20149312913417816,0.06037551909685135,0.01928853988647461,0.7463217377662659,0.5820600986480713,1.667578387260437,2.0606924295425415,1.4029862582683563,0.06037551909685135,1.028932809829712,0.803,0.418,1262.0899677276611,1,0,/home/zhangxu/yolov5-7.0/ga_cache/work_80bb4cedf21d13df
9,12,463,run4_p1798000_e463,0.6548912525177002,0.5820600986480713,0.13880199193954468,0.033474136143922806,0.06652611494064331,0.06037551909685135,0.01928853988647461,0.6548912525177002,0.5820600986480713,1.216405975818634,1.0669482722878456,1.1330522298812866,0.06037551909685135,1.028932809829712,0.81,0.423,1234.748791217804,1,0,/home/zhangxu/yolov5-7.0/ga_cache/work_ea6801462fd05c12
9,13,464,run4_p1798000_e464,0.5871960520744324,0.5820600986480713,0.09963668137788773,0.0,0.28650689125061035,0.048539333045482635,0.0,0.5871960520744324,0.5820600986480713,1.0989100441336632,1.0,1.5730137825012207,0.048539333045482635,1.0,0.814,0.427,819.7150332927704,1,0,/home/zhangxu/yolov5-7.0/ga_cache/work_9e8769a7406a5596
9,14,465,run4_p1798000_e465,0.42231297492980957,0.29558801651000977,0.051729366183280945,0.33006343245506287,0.4927765727043152,0.06037551909685135,0.0,0.42231297492980957,0.29558801651000977,0.9551880985498429,1.6601268649101257,1.9855531454086304,0.06037551909685135,1.0,0.807,0.42,767.6399674415588,1,0,/home/zhangxu/yolov5-7.0/ga_cache/work_67bab2c4a618847f
9,15,466,run4_p1798000_e466,0.5080594420433044,0.5958002805709839,0.09963668137788773,0.033474136143922806,0.20149312913417816,0.06037551909685135,0.0,0.5080594420433044,0.5958002805709839,1.0989100441336632,1.0669482722878456,1.4029862582683563,0.06037551909685135,1.0,0.815,0.426,0.0006096363067626953,1,1,/home/zhangxu/yolov5-7.0/ga_cache/work_bf5cb13d827aede5
9,16,467,run4_p1798000_e467,0.5080594420433044,0.5958002805709839,0.09963668137788773,0.033474136143922806,0.20149312913417816,0.06037551909685135,0.0,0.5080594420433044,0.5958002805709839,1.0989100441336632,1.0669482722878456,1.4029862582683563,0.06037551909685135,1.0,0.815,0.426,0.00013113021850585938,1,1,/home/zhangxu/yolov5-7.0/ga_cache/work_bf5cb13d827aede5
9,17,468,run4_p1798000_e468,0.6430017352104187,0.9191742539405823,0.0,0.6273205876350403,0.7350839376449585,0.0,0.0,0.6430017352104187,0.9191742539405823,0.8,2.2546411752700806,2.470167875289917,0.0,1.0,0.723,0.364,1140.9391467571259,1,0,/home/zhangxu/yolov5-7.0/ga_cache/work_32dd105ce72b1bca
9,18,469,run4_p1798000_e469,0.5871960520744324,0.5820600986480713,0.13880199193954468,0.033474136143922806,0.06652611494064331,0.06037551909685135,0.0,0.5871960520744324,0.5820600986480713,1.216405975818634,1.0669482722878456,1.1330522298812866,0.06037551909685135,1.0,0.812,0.426,1178.0323886871338,1,0,/home/zhangxu/yolov5-7.0/ga_cache/work_ebaad9cb1377f2ab
9,19,470,run4_p1798000_e470,0.6088406443595886,0.3208785057067871,0.33644479513168335,0.19726336002349854,0.11660952866077423,0.0,0.0,0.6088406443595886,0.3208785057067871,1.80933438539505,1.394526720046997,1.2332190573215485,0.0,1.0,0.805,0.422,1176.4073123931885,1,0,/home/zhangxu/yolov5-7.0/ga_cache/work_6fd07b06f0ade7a0
9,20,471,run4_p1798000_e471,0.5080594420433044,0.5820600986480713,0.09963668137788773,0.33006343245506287,0.20149312913417816,0.06037551909685135,0.06384825706481934,0.5080594420433044,0.5820600986480713,1.0989100441336632,1.6601268649101257,1.4029862582683563,0.06037551909685135,1.095772385597229,0.804,0.417,1198.4136028289795,1,0,/home/zhangxu/yolov5-7.0/ga_cache/work_362d94182deb5f54
9,21,472,run4_p1798000_e472,0.5080594420433044,0.43730807304382324,0.09963668137788773,0.33006343245506287,0.4927765727043152,0.06037551909685135,0.0,0.5080594420433044,0.43730807304382324,1.0989100441336632,1.6601268649101257,1.9855531454086304,0.06037551909685135,1.0,0.809,0.422,1188.6239936351776,1,0,/home/zhangxu/yolov5-7.0/ga_cache/work_43a3a1249b4567c1
9,22,473,run4_p1798000_e473,0.6913166642189026,0.5820600986480713,0.09963668137788773,0.33006343245506287,0.4927765727043152,0.06037551909685135,0.0,0.6913166642189026,0.5820600986480713,1.0989100441336632,1.6601268649101257,1.9855531454086304,0.06037551909685135,1.0,0.808,0.422,1192.0604207515717,1,0,/home/zhangxu/yolov5-7.0/ga_cache/work_91b586cb089083ae
9,23,474,run4_p1798000_e474,0.6548912525177002,0.5820600986480713,0.33644479513168335,0.033474136143922806,0.4927765727043152,0.06037551909685135,0.01928853988647461,0.6548912525177002,0.5820600986480713,1.80933438539505,1.0669482722878456,1.9855531454086304,0.06037551909685135,1.028932809829712,0.806,0.42,1202.8635528087616,1,0,/home/zhangxu/yolov5-7.0/ga_cache/work_e46365a3324b979f
9,24,475,run4_p1798000_e475,0.7463217377662659,0.5820600986480713,0.289192795753479,0.19726336002349854,0.20149312913417816,0.0,0.0,0.7463217377662659,0.5820600986480713,1.667578387260437,1.394526720046997,1.4029862582683563,0.0,1.0,0.81,0.425,1189.0414600372314,1,0,/home/zhangxu/yolov5-7.0/ga_cache/work_bc2e634d9c5abcb2
9,25,476,run4_p1798000_e476,0.5871960520744324,0.5820600986480713,0.13880199193954468,0.5303462147712708,0.06652611494064331,0.06037551909685135,0.0,0.5871960520744324,0.5820600986480713,1.216405975818634,2.0606924295425415,1.1330522298812866,0.06037551909685135,1.0,0.812,0.425,995.439813375473,1,0,/home/zhangxu/yolov5-7.0/ga_cache/work_0679f834bb902157
9,26,477,run4_p1798000_e477,0.6548912525177002,0.5820600986480713,0.13880199193954468,0.033474136143922806,0.4927765727043152,0.06037551909685135,0.0,0.6548912525177002,0.5820600986480713,1.216405975818634,1.0669482722878456,1.9855531454086304,0.06037551909685135,1.0,0.811,0.423,1188.6287355422974,1,0,/home/zhangxu/yolov5-7.0/ga_cache/work_37d6e18bab89fcfb
9,27,478,run4_p1798000_e478,0.5080594420433044,0.5820600986480713,0.289192795753479,0.033474136143922806,0.06652611494064331,0.06037551909685135,0.06384825706481934,0.5080594420433044,0.5820600986480713,1.667578387260437,1.0669482722878456,1.1330522298812866,0.06037551909685135,1.095772385597229,0.803,0.415,794.8474221229553,1,0,/home/zhangxu/yolov5-7.0/ga_cache/work_d07634988ac1e7ac
9,28,479,run4_p1798000_e479,0.42231297492980957,0.29558801651000977,0.051729366183280945,0.0,0.28650689125061035,0.048539333045482635,0.0,0.42231297492980957,0.29558801651000977,0.9551880985498429,1.0,1.5730137825012207,0.048539333045482635,1.0,0.813,0.428,748.2995202541351,1,0,/home/zhangxu/yolov5-7.0/ga_cache/work_9b842bcb34deeb5f
9,29,480,run4_p1798000_e480,0.7463217377662659,0.5820600986480713,0.289192795753479,0.06974083185195923,0.20149312913417816,0.06037551909685135,0.0,0.7463217377662659,0.5820600986480713,1.667578387260437,1.1394816637039185,1.4029862582683563,0.06037551909685135,1.0,0.811,0.424,857.1705617904663,1,0,/home/zhangxu/yolov5-7.0/ga_cache/work_a431dc94cf5737f5
9,30,481,run4_p1798000_e481,0.6548912525177002,0.5820600986480713,0.289192795753479,0.033474136143922806,0.20149312913417816,0.06037551909685135,0.01928853988647461,0.6548912525177002,0.5820600986480713,1.667578387260437,1.0669482722878456,1.4029862582683563,0.06037551909685135,1.028932809829712,0.812,0.424,1074.3052899837494,1,0,/home/zhangxu/yolov5-7.0/ga_cache/work_7ea6183997fa8e30
9,31,482,run4_p1798000_e482,0.7463217377662659,0.5820600986480713,0.13880199193954468,0.5303462147712708,0.06652611494064331,0.06037551909685135,0.01928853988647461,0.7463217377662659,0.5820600986480713,1.216405975818634,2.0606924295425415,1.1330522298812866,0.06037551909685135,1.028932809829712,0.81,0.422,755.806987285614,1,0,/home/zhangxu/yolov5-7.0/ga_cache/work_cdc245cb26c51592
9,32,483,run4_p1798000_e483,0.5080594420433044,0.43730807304382324,0.09963668137788773,0.33006343245506287,0.4927765727043152,0.06037551909685135,0.0,0.5080594420433044,0.43730807304382324,1.0989100441336632,1.6601268649101257,1.9855531454086304,0.06037551909685135,1.0,0.809,0.422,59.01428461074829,1,1,/home/zhangxu/yolov5-7.0/ga_cache/work_43a3a1249b4567c1
9,33,484,run4_p1798000_e484,0.5871960520744324,0.5820600986480713,0.13880199193954468,0.5303462147712708,0.4927765727043152,0.06037551909685135,0.0,0.5871960520744324,0.5820600986480713,1.216405975818634,2.0606924295425415,1.9855531454086304,0.06037551909685135,1.0,0.804,0.417,862.999897480011,1,0,/home/zhangxu/yolov5-7.0/ga_cache/work_a80646ca87853385
9,34,485,run4_p1798000_e485,0.5871960520744324,0.5820600986480713,0.13880199193954468,0.033474136143922806,0.06652611494064331,0.06037551909685135,0.0,0.5871960520744324,0.5820600986480713,1.216405975818634,1.0669482722878456,1.1330522298812866,0.06037551909685135,1.0,0.812,0.426,0.0003323554992675781,1,1,/home/zhangxu/yolov5-7.0/ga_cache/work_ebaad9cb1377f2ab
9,35,486,run4_p1798000_e486,0.5080594420433044,0.43730807304382324,0.09963668137788773,0.33006343245506287,0.4927765727043152,0.06037551909685135,0.0,0.5080594420433044,0.43730807304382324,1.0989100441336632,1.6601268649101257,1.9855531454086304,0.06037551909685135,1.0,0.809,0.422,28.00724220275879,1,1,/home/zhangxu/yolov5-7.0/ga_cache/work_43a3a1249b4567c1
9,36,487,run4_p1798000_e487,0.7668782472610474,0.6036953330039978,0.5547596216201782,0.17674465477466583,0.5927889347076416,0.0,0.0,0.7668782472610474,0.6036953330039978,2.4642788648605345,1.3534893095493317,2.185577869415283,0.0,1.0,0.798,0.415,1125.5108246803284,1,0,/home/zhangxu/yolov5-7.0/ga_cache/work_a344777920ceeefb
9,37,488,run4_p1798000_e488,0.6548912525177002,0.43730807304382324,0.09963668137788773,0.06974083185195923,0.20149312913417816,0.06037551909685135,0.0,0.6548912525177002,0.43730807304382324,1.0989100441336632,1.1394816637039185,1.4029862582683563,0.06037551909685135,1.0,0.811,0.427,1107.24817943573,1,0,/home/zhangxu/yolov5-7.0/ga_cache/work_f2deea5f0a1621f7
9,38,489,run4_p1798000_e489,0.5080594420433044,0.5958002805709839,0.289192795753479,0.033474136143922806,0.20149312913417816,0.06037551909685135,0.0,0.5080594420433044,0.5958002805709839,1.667578387260437,1.0669482722878456,1.4029862582683563,0.06037551909685135,1.0,0.81,0.423,1123.9770724773407,1,0,/home/zhangxu/yolov5-7.0/ga_cache/work_038cca629867f20b
9,39,490,run4_p1798000_e490,0.6088406443595886,0.5820600986480713,0.09963668137788773,0.19726336002349854,0.11660952866077423,0.06037551909685135,0.0,0.6088406443595886,0.5820600986480713,1.0989100441336632,1.394526720046997,1.2332190573215485,0.06037551909685135,1.0,0.813,0.425,1125.2553880214691,1,0,/home/zhangxu/yolov5-7.0/ga_cache/work_2c382f7da8d67698
9,40,491,run4_p1798000_e491,0.6913166642189026,0.5820600986480713,0.09963668137788773,0.33006343245506287,0.4927765727043152,0.06037551909685135,0.0,0.6913166642189026,0.5820600986480713,1.0989100441336632,1.6601268649101257,1.9855531454086304,0.06037551909685135,1.0,0.808,0.422,0.00044465065002441406,1,1,/home/zhangxu/yolov5-7.0/ga_cache/work_91b586cb089083ae
9,41,492,run4_p1798000_e492,0.5871960520744324,0.5820600986480713,0.13880199193954468,0.06974083185195923,0.06652611494064331,0.16339242458343506,0.0,0.5871960520744324,0.5820600986480713,1.216405975818634,1.1394816637039185,1.1330522298812866,0.16339242458343506,1.0,0.809,0.422,1122.901879787445,1,0,/home/zhangxu/yolov5-7.0/ga_cache/work_9051df4254cd696d
9,42,493,run4_p1798000_e493,0.7463217377662659,0.6896491646766663,0.289192795753479,0.5430762767791748,0.20149312913417816,0.06037551909685135,0.0,0.7463217377662659,0.6896491646766663,1.667578387260437,2.0861525535583496,1.4029862582683563,0.06037551909685135,1.0,0.803,0.416,1124.9758341312408,1,0,/home/zhangxu/yolov5-7.0/ga_cache/work_50fd36fb81fafdd1
9,43,494,run4_p1798000_e494,0.5080594420433044,0.5958002805709839,0.09963668137788773,0.033474136143922806,0.20149312913417816,0.06037551909685135,0.0,0.5080594420433044,0.5958002805709839,1.0989100441336632,1.0669482722878456,1.4029862582683563,0.06037551909685135,1.0,0.815,0.426,1119.6522722244263,1,0,/home/zhangxu/yolov5-7.0/ga_cache/work_bf5cb13d827aede5
9,44,495,run4_p1798000_e495,0.5080594420433044,0.5958002805709839,0.09963668137788773,0.033474136143922806,0.20149312913417816,0.06037551909685135,0.0,0.5080594420433044,0.5958002805709839,1.0989100441336632,1.0669482722878456,1.4029862582683563,0.06037551909685135,1.0,0.815,0.426,1117.2711663246155,1,1,/home/zhangxu/yolov5-7.0/ga_cache/work_bf5cb13d827aede5
9,45,496,run4_p1798000_e496,0.5080594420433044,0.5820600986480713,0.289192795753479,0.033474136143922806,0.06652611494064331,0.06037551909685135,0.0,0.5080594420433044,0.5820600986480713,1.667578387260437,1.0669482722878456,1.1330522298812866,0.06037551909685135,1.0,0.813,0.426,726.7724866867065,1,0,/home/zhangxu/yolov5-7.0/ga_cache/work_c6bba0d13b743544
9,46,497,run4_p1798000_e497,0.5871960520744324,0.5820600986480713,0.13880199193954468,0.5303462147712708,0.06652611494064331,0.06037551909685135,0.06384825706481934,0.5871960520744324,0.5820600986480713,1.216405975818634,2.0606924295425415,1.1330522298812866,0.06037551909685135,1.095772385597229,0.806,0.415,762.9927937984467,1,0,/home/zhangxu/yolov5-7.0/ga_cache/work_b9d7564684d230cb
9,47,498,run4_p1798000_e498,0.6548912525177002,0.43730807304382324,0.289192795753479,0.33006343245506287,0.20149312913417816,0.06037551909685135,0.0,0.6548912525177002,0.43730807304382324,1.667578387260437,1.6601268649101257,1.4029862582683563,0.06037551909685135,1.0,0.805,0.42,776.7318739891052,1,0,/home/zhangxu/yolov5-7.0/ga_cache/work_aeb4ac984b6e7c91
9,48,499,run4_p1798000_e499,0.5080594420433044,0.43730807304382324,0.09963668137788773,0.06974083185195923,0.20149312913417816,0.06037551909685135,0.0,0.5080594420433044,0.43730807304382324,1.0989100441336632,1.1394816637039185,1.4029862582683563,0.06037551909685135,1.0,0.814,0.428,724.5656929016113,1,0,/home/zhangxu/yolov5-7.0/ga_cache/work_9baf216a62257f5f
9,49,500,run4_p1798000_e500,0.7463217377662659,0.5820600986480713,0.289192795753479,0.06974083185195923,0.20149312913417816,0.06037551909685135,0.0,0.7463217377662659,0.5820600986480713,1.667578387260437,1.1394816637039185,1.4029862582683563,0.06037551909685135,1.0,0.811,0.424,0.0002655982971191406,1,1,/home/zhangxu/yolov5-7.0/ga_cache/work_a431dc94cf5737f5
10,0,501,run4_p1798000_e501,0.5080594420433044,0.5958002805709839,0.09963668137788773,0.033474136143922806,0.20149312913417816,0.06037551909685135,0.0,0.5080594420433044,0.5958002805709839,1.0989100441336632,1.0669482722878456,1.4029862582683563,0.06037551909685135,1.0,0.815,0.426,0.00030422210693359375,1,1,/home/zhangxu/yolov5-7.0/ga_cache/work_bf5cb13d827aede5
10,1,502,run4_p1798000_e502,0.7463217377662659,0.5820600986480713,0.13880199193954468,0.033474136143922806,0.06652611494064331,0.06037551909685135,0.0,0.7463217377662659,0.5820600986480713,1.216405975818634,1.0669482722878456,1.1330522298812866,0.06037551909685135,1.0,0.81,0.424,1193.3523757457733,1,0,/home/zhangxu/yolov5-7.0/ga_cache/work_61f298a25dc0d880
10,2,503,run4_p1798000_e503,0.7080159187316895,0.4697052240371704,0.10367971658706665,0.059526894241571426,0.09252369403839111,0.0,0.028668539598584175,0.7080159187316895,0.4697052240371704,1.1110391497612,1.1190537884831429,1.1850473880767822,0.0,1.0430028093978763,0.809,0.424,1219.5270736217499,1,0,/home/zhangxu/yolov5-7.0/ga_cache/work_9dad29cc5d001bfe
10,3,504,run4_p1798000_e504,0.5080594420433044,0.5958002805709839,0.09963668137788773,0.033474136143922806,0.20149312913417816,0.06037551909685135,0.0,0.5080594420433044,0.5958002805709839,1.0989100441336632,1.0669482722878456,1.4029862582683563,0.06037551909685135,1.0,0.815,0.426,0.00032210350036621094,1,1,/home/zhangxu/yolov5-7.0/ga_cache/work_bf5cb13d827aede5
10,4,505,run4_p1798000_e505,0.5080594420433044,0.5820600986480713,0.13880199193954468,0.033474136143922806,0.20149312913417816,0.06037551909685135,0.0,0.5080594420433044,0.5820600986480713,1.216405975818634,1.0669482722878456,1.4029862582683563,0.06037551909685135,1.0,0.813,0.427,1238.3366105556488,1,0,/home/zhangxu/yolov5-7.0/ga_cache/work_5635bdc6656487b1
10,5,506,run4_p1798000_e506,0.42231297492980957,0.5958002805709839,0.051729366183280945,0.033474136143922806,0.28650689125061035,0.06037551909685135,0.0,0.42231297492980957,0.5958002805709839,0.9551880985498429,1.0669482722878456,1.5730137825012207,0.06037551909685135,1.0,0.809,0.422,1253.8782155513763,1,0,/home/zhangxu/yolov5-7.0/ga_cache/work_bf657e7b220f4b15
10,6,507,run4_p1798000_e507,0.5080594420433044,0.29558801651000977,0.09963668137788773,0.0,0.20149312913417816,0.048539333045482635,0.0,0.5080594420433044,0.29558801651000977,1.0989100441336632,1.0,1.4029862582683563,0.048539333045482635,1.0,0.813,0.428,929.3207414150238,1,0,/home/zhangxu/yolov5-7.0/ga_cache/work_344a8e619f15eb2b
10,7,508,run4_p1798000_e508,0.5871960520744324,0.5958002805709839,0.13880199193954468,0.033474136143922806,0.06652611494064331,0.06037551909685135,0.0,0.5871960520744324,0.5958002805709839,1.216405975818634,1.0669482722878456,1.1330522298812866,0.06037551909685135,1.0,0.813,0.425,1247.7164397239685,1,0,/home/zhangxu/yolov5-7.0/ga_cache/work_88f57039d576f8f0
10,8,509,run4_p1798000_e509,0.5080594420433044,0.5820600986480713,0.09963668137788773,0.033474136143922806,0.20149312913417816,0.06037551909685135,0.0,0.5080594420433044,0.5820600986480713,1.0989100441336632,1.0669482722878456,1.4029862582683563,0.06037551909685135,1.0,0.813,0.426,808.2280774116516,1,0,/home/zhangxu/yolov5-7.0/ga_cache/work_72e62ad13c6803ee
10,9,510,run4_p1798000_e510,0.6548912525177002,0.5958002805709839,0.13880199193954468,0.033474136143922806,0.20149312913417816,0.06037551909685135,0.0,0.6548912525177002,0.5958002805709839,1.216405975818634,1.0669482722878456,1.4029862582683563,0.06037551909685135,1.0,0.81,0.426,985.6093482971191,1,0,/home/zhangxu/yolov5-7.0/ga_cache/work_fb43aca0042c795f
10,10,511,run4_p1798000_e511,0.5080594420433044,0.5820600986480713,0.09963668137788773,0.033474136143922806,0.4927765727043152,0.06037551909685135,0.0,0.5080594420433044,0.5820600986480713,1.0989100441336632,1.0669482722878456,1.9855531454086304,0.06037551909685135,1.0,0.811,0.423,1159.159698009491,1,0,/home/zhangxu/yolov5-7.0/ga_cache/work_7b05d147188f4337
10,11,512,run4_p1798000_e512,0.5080594420433044,0.43730807304382324,0.09963668137788773,0.33006343245506287,0.4927765727043152,0.06037551909685135,0.0,0.5080594420433044,0.43730807304382324,1.0989100441336632,1.6601268649101257,1.9855531454086304,0.06037551909685135,1.0,0.809,0.422,1243.5166292190552,1,0,/home/zhangxu/yolov5-7.0/ga_cache/work_43a3a1249b4567c1
10,12,513,run4_p1798000_e513,0.5871960520744324,0.5820600986480713,0.13880199193954468,0.033474136143922806,0.06652611494064331,0.06037551909685135,0.0,0.5871960520744324,0.5820600986480713,1.216405975818634,1.0669482722878456,1.1330522298812866,0.06037551909685135,1.0,0.812,0.426,1249.6631903648376,1,0,/home/zhangxu/yolov5-7.0/ga_cache/work_ebaad9cb1377f2ab
10,13,514,run4_p1798000_e514,0.5080594420433044,0.5958002805709839,0.09963668137788773,0.033474136143922806,0.20149312913417816,0.06037551909685135,0.0,0.5080594420433044,0.5958002805709839,1.0989100441336632,1.0669482722878456,1.4029862582683563,0.06037551909685135,1.0,0.815,0.426,0.00012564659118652344,1,1,/home/zhangxu/yolov5-7.0/ga_cache/work_bf5cb13d827aede5
10,14,515,run4_p1798000_e515,0.5080594420433044,0.5958002805709839,0.09963668137788773,0.033474136143922806,0.20149312913417816,0.06037551909685135,0.0,0.5080594420433044,0.5958002805709839,1.0989100441336632,1.0669482722878456,1.4029862582683563,0.06037551909685135,1.0,0.815,0.426,9.274482727050781e-05,1,1,/home/zhangxu/yolov5-7.0/ga_cache/work_bf5cb13d827aede5
10,15,516,run4_p1798000_e516,0.5080594420433044,0.43730807304382324,0.09963668137788773,0.06974083185195923,0.20149312913417816,0.06037551909685135,0.0,0.5080594420433044,0.43730807304382324,1.0989100441336632,1.1394816637039185,1.4029862582683563,0.06037551909685135,1.0,0.814,0.428,0.00011157989501953125,1,1,/home/zhangxu/yolov5-7.0/ga_cache/work_9baf216a62257f5f
10,16,517,run4_p1798000_e517,0.5080594420433044,0.29558801651000977,0.09963668137788773,0.033474136143922806,0.28650689125061035,0.06037551909685135,0.0,0.5080594420433044,0.29558801651000977,1.0989100441336632,1.0669482722878456,1.5730137825012207,0.06037551909685135,1.0,0.81,0.427,1248.0239489078522,1,0,/home/zhangxu/yolov5-7.0/ga_cache/work_98dd971bd41366da
10,17,518,run4_p1798000_e518,0.7463217377662659,0.29558801651000977,0.13880199193954468,0.033474136143922806,0.06652611494064331,0.06037551909685135,0.0,0.7463217377662659,0.29558801651000977,1.216405975818634,1.0669482722878456,1.1330522298812866,0.06037551909685135,1.0,0.794,0.417,978.9841258525848,1,0,/home/zhangxu/yolov5-7.0/ga_cache/work_c070401011165e95
10,18,519,run4_p1798000_e519,0.5080594420433044,0.5820600986480713,0.09963668137788773,0.5303462147712708,0.28650689125061035,0.06037551909685135,0.01928853988647461,0.5080594420433044,0.5820600986480713,1.0989100441336632,2.0606924295425415,1.5730137825012207,0.06037551909685135,1.028932809829712,0.809,0.419,702.9216258525848,1,0,/home/zhangxu/yolov5-7.0/ga_cache/work_549bcb25805e1eb0
10,19,520,run4_p1798000_e520,0.6548912525177002,0.5820600986480713,0.13880199193954468,0.06974083185195923,0.20149312913417816,0.16339242458343506,0.0,0.6548912525177002,0.5820600986480713,1.216405975818634,1.1394816637039185,1.4029862582683563,0.16339242458343506,1.0,0.806,0.42,806.972868680954,1,0,/home/zhangxu/yolov5-7.0/ga_cache/work_fe2fabb28879a9b5
10,20,521,run4_p1798000_e521,0.5871960520744324,0.43730807304382324,0.09963668137788773,0.06974083185195923,0.06652611494064331,0.06037551909685135,0.0,0.5871960520744324,0.43730807304382324,1.0989100441336632,1.1394816637039185,1.1330522298812866,0.06037551909685135,1.0,0.812,0.427,939.6152763366699,1,0,/home/zhangxu/yolov5-7.0/ga_cache/work_89bce412fa076dd0
10,21,522,run4_p1798000_e522,0.6548912525177002,0.5820600986480713,0.13880199193954468,0.033474136143922806,0.4927765727043152,0.06037551909685135,0.0,0.6548912525177002,0.5820600986480713,1.216405975818634,1.0669482722878456,1.9855531454086304,0.06037551909685135,1.0,0.811,0.423,956.529482126236,1,0,/home/zhangxu/yolov5-7.0/ga_cache/work_37d6e18bab89fcfb
10,22,523,run4_p1798000_e523,0.6548912525177002,0.5820600986480713,0.13880199193954468,0.033474136143922806,0.4927765727043152,0.06037551909685135,0.0,0.6548912525177002,0.5820600986480713,1.216405975818634,1.0669482722878456,1.9855531454086304,0.06037551909685135,1.0,0.811,0.423,930.2129337787628,1,1,/home/zhangxu/yolov5-7.0/ga_cache/work_37d6e18bab89fcfb
10,23,524,run4_p1798000_e524,0.7463217377662659,0.5820600986480713,0.289192795753479,0.06974083185195923,0.20149312913417816,0.06037551909685135,0.0,0.7463217377662659,0.5820600986480713,1.667578387260437,1.1394816637039185,1.4029862582683563,0.06037551909685135,1.0,0.811,0.424,965.1967117786407,1,0,/home/zhangxu/yolov5-7.0/ga_cache/work_a431dc94cf5737f5
10,24,525,run4_p1798000_e525,0.7463217377662659,0.5820600986480713,0.13880199193954468,0.5303462147712708,0.06652611494064331,0.06037551909685135,0.01928853988647461,0.7463217377662659,0.5820600986480713,1.216405975818634,2.0606924295425415,1.1330522298812866,0.06037551909685135,1.028932809829712,0.81,0.422,967.8867321014404,1,0,/home/zhangxu/yolov5-7.0/ga_cache/work_cdc245cb26c51592
10,25,526,run4_p1798000_e526,0.5871960520744324,0.43730807304382324,0.09963668137788773,0.0,0.28650689125061035,0.048539333045482635,0.0,0.5871960520744324,0.43730807304382324,1.0989100441336632,1.0,1.5730137825012207,0.048539333045482635,1.0,0.813,0.427,968.8766074180603,1,0,/home/zhangxu/yolov5-7.0/ga_cache/work_81fa4820f4e0962d
10,26,527,run4_p1798000_e527,0.5080594420433044,0.5820600986480713,0.09963668137788773,0.33006343245506287,0.4927765727043152,0.06037551909685135,0.0,0.5080594420433044,0.5820600986480713,1.0989100441336632,1.6601268649101257,1.9855531454086304,0.06037551909685135,1.0,0.807,0.421,975.6433892250061,1,0,/home/zhangxu/yolov5-7.0/ga_cache/work_b0bb9629bd34402b
10,27,528,run4_p1798000_e528,0.5871960520744324,0.5820600986480713,0.13880199193954468,0.033474136143922806,0.06652611494064331,0.06037551909685135,0.0,0.5871960520744324,0.5820600986480713,1.216405975818634,1.0669482722878456,1.1330522298812866,0.06037551909685135,1.0,0.812,0.426,0.0003249645233154297,1,1,/home/zhangxu/yolov5-7.0/ga_cache/work_ebaad9cb1377f2ab
10,28,529,run4_p1798000_e529,0.5080594420433044,0.5820600986480713,0.13880199193954468,0.033474136143922806,0.20149312913417816,0.06037551909685135,0.0,0.5080594420433044,0.5820600986480713,1.216405975818634,1.0669482722878456,1.4029862582683563,0.06037551909685135,1.0,0.813,0.427,0.00012183189392089844,1,1,/home/zhangxu/yolov5-7.0/ga_cache/work_5635bdc6656487b1
10,29,530,run4_p1798000_e530,0.7463217377662659,0.5820600986480713,0.289192795753479,0.06974083185195923,0.20149312913417816,0.06037551909685135,0.0,0.7463217377662659,0.5820600986480713,1.667578387260437,1.1394816637039185,1.4029862582683563,0.06037551909685135,1.0,0.811,0.424,954.2156181335449,1,1,/home/zhangxu/yolov5-7.0/ga_cache/work_a431dc94cf5737f5
10,30,531,run4_p1798000_e531,0.7463217377662659,0.5820600986480713,0.289192795753479,0.06974083185195923,0.20149312913417816,0.06037551909685135,0.0,0.7463217377662659,0.5820600986480713,1.667578387260437,1.1394816637039185,1.4029862582683563,0.06037551909685135,1.0,0.811,0.424,950.2159297466278,1,1,/home/zhangxu/yolov5-7.0/ga_cache/work_a431dc94cf5737f5
10,31,532,run4_p1798000_e532,0.5871960520744324,0.5820600986480713,0.289192795753479,0.033474136143922806,0.4927765727043152,0.06037551909685135,0.0,0.5871960520744324,0.5820600986480713,1.667578387260437,1.0669482722878456,1.9855531454086304,0.06037551909685135,1.0,0.809,0.422,675.9284989833832,1,0,/home/zhangxu/yolov5-7.0/ga_cache/work_bb93ab505ef0cd9d
10,32,533,run4_p1798000_e533,0.5080594420433044,0.5958002805709839,0.13880199193954468,0.5303462147712708,0.20149312913417816,0.06037551909685135,0.0,0.5080594420433044,0.5958002805709839,1.216405975818634,2.0606924295425415,1.4029862582683563,0.06037551909685135,1.0,0.81,0.421,1022.1249816417694,1,0,/home/zhangxu/yolov5-7.0/ga_cache/work_8d248268c2ba9b59
10,33,534,run4_p1798000_e534,0.6088406443595886,0.5820600986480713,0.09963668137788773,0.19726336002349854,0.11660952866077423,0.06037551909685135,0.0,0.6088406443595886,0.5820600986480713,1.0989100441336632,1.394526720046997,1.2332190573215485,0.06037551909685135,1.0,0.813,0.425,1023.4087836742401,1,0,/home/zhangxu/yolov5-7.0/ga_cache/work_2c382f7da8d67698
10,34,535,run4_p1798000_e535,0.5080594420433044,0.5958002805709839,0.09963668137788773,0.033474136143922806,0.20149312913417816,0.06037551909685135,0.0,0.5080594420433044,0.5958002805709839,1.0989100441336632,1.0669482722878456,1.4029862582683563,0.06037551909685135,1.0,0.815,0.426,803.0835905075073,1,0,/home/zhangxu/yolov5-7.0/ga_cache/work_bf5cb13d827aede5
10,35,536,run4_p1798000_e536,0.5080594420433044,0.5958002805709839,0.09963668137788773,0.033474136143922806,0.20149312913417816,0.06037551909685135,0.0,0.5080594420433044,0.5958002805709839,1.0989100441336632,1.0669482722878456,1.4029862582683563,0.06037551909685135,1.0,0.815,0.426,752.1714549064636,1,1,/home/zhangxu/yolov5-7.0/ga_cache/work_bf5cb13d827aede5
10,36,537,run4_p1798000_e537,0.5080594420433044,0.5958002805709839,0.289192795753479,0.033474136143922806,0.20149312913417816,0.06037551909685135,0.0,0.5080594420433044,0.5958002805709839,1.667578387260437,1.0669482722878456,1.4029862582683563,0.06037551909685135,1.0,0.81,0.423,987.1840481758118,1,0,/home/zhangxu/yolov5-7.0/ga_cache/work_038cca629867f20b
10,37,538,run4_p1798000_e538,0.5080594420433044,0.43730807304382324,0.09963668137788773,0.06974083185195923,0.20149312913417816,0.06037551909685135,0.0,0.5080594420433044,0.43730807304382324,1.0989100441336632,1.1394816637039185,1.4029862582683563,0.06037551909685135,1.0,0.814,0.428,985.4082524776459,1,0,/home/zhangxu/yolov5-7.0/ga_cache/work_9baf216a62257f5f
10,38,539,run4_p1798000_e539,0.7463217377662659,0.5820600986480713,0.13880199193954468,0.06974083185195923,0.06652611494064331,0.06037551909685135,0.01928853988647461,0.7463217377662659,0.5820600986480713,1.216405975818634,1.1394816637039185,1.1330522298812866,0.06037551909685135,1.028932809829712,0.81,0.424,988.414204120636,1,0,/home/zhangxu/yolov5-7.0/ga_cache/work_13ae73101d811f9b
10,39,540,run4_p1798000_e540,0.6088406443595886,0.5958002805709839,0.09963668137788773,0.033474136143922806,0.11660952866077423,0.06037551909685135,0.0,0.6088406443595886,0.5958002805709839,1.0989100441336632,1.0669482722878456,1.2332190573215485,0.06037551909685135,1.0,0.812,0.425,1002.4722290039062,1,0,/home/zhangxu/yolov5-7.0/ga_cache/work_b254f0515b84629a
10,40,541,run4_p1798000_e541,0.5080594420433044,0.5820600986480713,0.09963668137788773,0.19726336002349854,0.20149312913417816,0.06037551909685135,0.0,0.5080594420433044,0.5820600986480713,1.0989100441336632,1.394526720046997,1.4029862582683563,0.06037551909685135,1.0,0.815,0.426,963.8139593601227,1,0,/home/zhangxu/yolov5-7.0/ga_cache/work_63774d3b4d632d5b
10,41,542,run4_p1798000_e542,0.5080594420433044,0.43730807304382324,0.09963668137788773,0.06974083185195923,0.20149312913417816,0.06037551909685135,0.0,0.5080594420433044,0.43730807304382324,1.0989100441336632,1.1394816637039185,1.4029862582683563,0.06037551909685135,1.0,0.814,0.428,972.2132918834686,1,1,/home/zhangxu/yolov5-7.0/ga_cache/work_9baf216a62257f5f
10,42,543,run4_p1798000_e543,0.6548912525177002,0.5958002805709839,0.09963668137788773,0.033474136143922806,0.20149312913417816,0.06037551909685135,0.0,0.6548912525177002,0.5958002805709839,1.0989100441336632,1.0669482722878456,1.4029862582683563,0.06037551909685135,1.0,0.812,0.426,978.6031060218811,1,0,/home/zhangxu/yolov5-7.0/ga_cache/work_18cb8e111e35c01b
10,43,544,run4_p1798000_e544,0.7463217377662659,0.5820600986480713,0.289192795753479,0.06974083185195923,0.20149312913417816,0.06037551909685135,0.0,0.7463217377662659,0.5820600986480713,1.667578387260437,1.1394816637039185,1.4029862582683563,0.06037551909685135,1.0,0.811,0.424,0.0003428459167480469,1,1,/home/zhangxu/yolov5-7.0/ga_cache/work_a431dc94cf5737f5
10,44,545,run4_p1798000_e545,0.5080594420433044,0.5958002805709839,0.09963668137788773,0.033474136143922806,0.20149312913417816,0.06037551909685135,0.0,0.5080594420433044,0.5958002805709839,1.0989100441336632,1.0669482722878456,1.4029862582683563,0.06037551909685135,1.0,0.815,0.426,594.1286664009094,1,1,/home/zhangxu/yolov5-7.0/ga_cache/work_bf5cb13d827aede5
10,45,546,run4_p1798000_e546,0.5080594420433044,0.5958002805709839,0.09963668137788773,0.033474136143922806,0.20149312913417816,0.06037551909685135,0.0,0.5080594420433044,0.5958002805709839,1.0989100441336632,1.0669482722878456,1.4029862582683563,0.06037551909685135,1.0,0.815,0.426,93.01754069328308,1,1,/home/zhangxu/yolov5-7.0/ga_cache/work_bf5cb13d827aede5
10,46,547,run4_p1798000_e547,0.5080594420433044,0.5958002805709839,0.09963668137788773,0.033474136143922806,0.20149312913417816,0.06037551909685135,0.0,0.5080594420433044,0.5958002805709839,1.0989100441336632,1.0669482722878456,1.4029862582683563,0.06037551909685135,1.0,0.815,0.426,86.01423835754395,1,1,/home/zhangxu/yolov5-7.0/ga_cache/work_bf5cb13d827aede5
10,47,548,run4_p1798000_e548,0.5871960520744324,0.5820600986480713,0.09963668137788773,0.0,0.28650689125061035,0.048539333045482635,0.0,0.5871960520744324,0.5820600986480713,1.0989100441336632,1.0,1.5730137825012207,0.048539333045482635,1.0,0.814,0.427,632.643548488617,1,0,/home/zhangxu/yolov5-7.0/ga_cache/work_9e8769a7406a5596
10,48,549,run4_p1798000_e549,0.5871960520744324,0.5820600986480713,0.09963668137788773,0.0,0.28650689125061035,0.048539333045482635,0.0,0.5871960520744324,0.5820600986480713,1.0989100441336632,1.0,1.5730137825012207,0.048539333045482635,1.0,0.814,0.427,633.1115508079529,1,1,/home/zhangxu/yolov5-7.0/ga_cache/work_9e8769a7406a5596
10,49,550,run4_p1798000_e550,0.5080594420433044,0.5958002805709839,0.09963668137788773,0.0,0.28650689125061035,0.06037551909685135,0.0,0.5080594420433044,0.5958002805709839,1.0989100441336632,1.0,1.5730137825012207,0.06037551909685135,1.0,0.81,0.424,708.0357270240784,1,0,/home/zhangxu/yolov5-7.0/ga_cache/work_8db987999da260cc
11,0,551,run4_p1798000_e551,0.5080594420433044,0.5958002805709839,0.09963668137788773,0.033474136143922806,0.20149312913417816,0.06037551909685135,0.0,0.5080594420433044,0.5958002805709839,1.0989100441336632,1.0669482722878456,1.4029862582683563,0.06037551909685135,1.0,0.815,0.426,0.0002694129943847656,1,1,/home/zhangxu/yolov5-7.0/ga_cache/work_bf5cb13d827aede5
11,1,552,run4_p1798000_e552,0.5080594420433044,0.5820600986480713,0.09963668137788773,0.033474136143922806,0.20149312913417816,0.06037551909685135,0.0,0.5080594420433044,0.5820600986480713,1.0989100441336632,1.0669482722878456,1.4029862582683563,0.06037551909685135,1.0,0.813,0.426,1130.3904855251312,1,0,/home/zhangxu/yolov5-7.0/ga_cache/work_72e62ad13c6803ee
11,2,553,run4_p1798000_e553,0.6088406443595886,0.5958002805709839,0.09963668137788773,0.19726336002349854,0.11660952866077423,0.06037551909685135,0.0,0.6088406443595886,0.5958002805709839,1.0989100441336632,1.394526720046997,1.2332190573215485,0.06037551909685135,1.0,0.815,0.426,1102.3121292591095,1,0,/home/zhangxu/yolov5-7.0/ga_cache/work_b86ba4ebaaca4d56
11,3,554,run4_p1798000_e554,0.5080594420433044,0.29558801651000977,0.09963668137788773,0.0,0.20149312913417816,0.048539333045482635,0.0,0.5080594420433044,0.29558801651000977,1.0989100441336632,1.0,1.4029862582683563,0.048539333045482635,1.0,0.813,0.428,1066.2387499809265,1,0,/home/zhangxu/yolov5-7.0/ga_cache/work_344a8e619f15eb2b
11,4,555,run4_p1798000_e555,0.5080594420433044,0.29558801651000977,0.09963668137788773,0.0,0.20149312913417816,0.048539333045482635,0.0,0.5080594420433044,0.29558801651000977,1.0989100441336632,1.0,1.4029862582683563,0.048539333045482635,1.0,0.813,0.428,1066.241200208664,1,1,/home/zhangxu/yolov5-7.0/ga_cache/work_344a8e619f15eb2b
11,5,556,run4_p1798000_e556,0.6725867390632629,0.4196759760379791,0.0,0.0,0.3280065655708313,0.13183359801769257,0.2186158448457718,0.6725867390632629,0.4196759760379791,0.8,1.0,1.6560131311416626,0.13183359801769257,1.3279237672686577,0.722,0.363,1128.674001455307,1,0,/home/zhangxu/yolov5-7.0/ga_cache/work_7dabd9bb2ef44067
11,6,557,run4_p1798000_e557,0.5080594420433044,0.5958002805709839,0.09963668137788773,0.033474136143922806,0.20149312913417816,0.06037551909685135,0.0,0.5080594420433044,0.5958002805709839,1.0989100441336632,1.0669482722878456,1.4029862582683563,0.06037551909685135,1.0,0.815,0.426,0.00026869773864746094,1,1,/home/zhangxu/yolov5-7.0/ga_cache/work_bf5cb13d827aede5
11,7,558,run4_p1798000_e558,0.7463217377662659,0.5820600986480713,0.09963668137788773,0.06974083185195923,0.20149312913417816,0.06037551909685135,0.0,0.7463217377662659,0.5820600986480713,1.0989100441336632,1.1394816637039185,1.4029862582683563,0.06037551909685135,1.0,0.813,0.425,1108.7912781238556,1,0,/home/zhangxu/yolov5-7.0/ga_cache/work_68a44ecb87469058
11,8,559,run4_p1798000_e559,0.5080594420433044,0.43730807304382324,0.289192795753479,0.06974083185195923,0.20149312913417816,0.06037551909685135,0.0,0.5080594420433044,0.43730807304382324,1.667578387260437,1.1394816637039185,1.4029862582683563,0.06037551909685135,1.0,0.809,0.426,1134.0281100273132,1,0,/home/zhangxu/yolov5-7.0/ga_cache/work_9e6862bd314e43ef
11,9,560,run4_p1798000_e560,0.5080594420433044,0.5820600986480713,0.09963668137788773,0.033474136143922806,0.20149312913417816,0.06037551909685135,0.0,0.5080594420433044,0.5820600986480713,1.0989100441336632,1.0669482722878456,1.4029862582683563,0.06037551909685135,1.0,0.813,0.426,1130.2513518333435,1,1,/home/zhangxu/yolov5-7.0/ga_cache/work_72e62ad13c6803ee
11,10,561,run4_p1798000_e561,0.5080594420433044,0.5958002805709839,0.09963668137788773,0.033474136143922806,0.20149312913417816,0.06037551909685135,0.0,0.5080594420433044,0.5958002805709839,1.0989100441336632,1.0669482722878456,1.4029862582683563,0.06037551909685135,1.0,0.815,0.426,0.00023102760314941406,1,1,/home/zhangxu/yolov5-7.0/ga_cache/work_bf5cb13d827aede5
11,11,562,run4_p1798000_e562,0.40612316131591797,0.5073994994163513,0.06367434561252594,0.0,0.08081497997045517,0.04193414747714996,0.0,0.40612316131591797,0.5073994994163513,0.9910230368375779,1.0,1.1616299599409103,0.04193414747714996,1.0,0.813,0.425,1127.2227230072021,1,0,/home/zhangxu/yolov5-7.0/ga_cache/work_953acbd056edf4f4
11,12,563,run4_p1798000_e563,0.5080594420433044,0.5958002805709839,0.09963668137788773,0.033474136143922806,0.20149312913417816,0.06037551909685135,0.0,0.5080594420433044,0.5958002805709839,1.0989100441336632,1.0669482722878456,1.4029862582683563,0.06037551909685135,1.0,0.815,0.426,0.0002589225769042969,1,1,/home/zhangxu/yolov5-7.0/ga_cache/work_bf5cb13d827aede5
11,13,564,run4_p1798000_e564,0.5871960520744324,0.5820600986480713,0.09963668137788773,0.033474136143922806,0.06652611494064331,0.06037551909685135,0.0,0.5871960520744324,0.5820600986480713,1.0989100441336632,1.0669482722878456,1.1330522298812866,0.06037551909685135,1.0,0.812,0.425,1122.2104604244232,1,0,/home/zhangxu/yolov5-7.0/ga_cache/work_cc3397ebc7aa882f
11,14,565,run4_p1798000_e565,0.5080594420433044,0.5958002805709839,0.13880199193954468,0.033474136143922806,0.20149312913417816,0.06037551909685135,0.0,0.5080594420433044,0.5958002805709839,1.216405975818634,1.0669482722878456,1.4029862582683563,0.06037551909685135,1.0,0.814,0.425,1098.9954936504364,1,0,/home/zhangxu/yolov5-7.0/ga_cache/work_707e56010be2465b
11,15,566,run4_p1798000_e566,0.5080594420433044,0.5958002805709839,0.09963668137788773,0.033474136143922806,0.20149312913417816,0.06037551909685135,0.0,0.5080594420433044,0.5958002805709839,1.0989100441336632,1.0669482722878456,1.4029862582683563,0.06037551909685135,1.0,0.815,0.426,0.00011110305786132812,1,1,/home/zhangxu/yolov5-7.0/ga_cache/work_bf5cb13d827aede5
11,16,567,run4_p1798000_e567,0.5080594420433044,0.5958002805709839,0.289192795753479,0.033474136143922806,0.20149312913417816,0.06037551909685135,0.0,0.5080594420433044,0.5958002805709839,1.667578387260437,1.0669482722878456,1.4029862582683563,0.06037551909685135,1.0,0.81,0.423,701.3190820217133,1,0,/home/zhangxu/yolov5-7.0/ga_cache/work_038cca629867f20b
11,17,568,run4_p1798000_e568,0.7463217377662659,0.5820600986480713,0.289192795753479,0.06974083185195923,0.20149312913417816,0.06037551909685135,0.0,0.7463217377662659,0.5820600986480713,1.667578387260437,1.1394816637039185,1.4029862582683563,0.06037551909685135,1.0,0.811,0.424,0.0004413127899169922,1,1,/home/zhangxu/yolov5-7.0/ga_cache/work_a431dc94cf5737f5
11,18,569,run4_p1798000_e569,0.6088406443595886,0.5820600986480713,0.09963668137788773,0.19726336002349854,0.11660952866077423,0.06037551909685135,0.0,0.6088406443595886,0.5820600986480713,1.0989100441336632,1.394526720046997,1.2332190573215485,0.06037551909685135,1.0,0.813,0.425,683.8040299415588,1,0,/home/zhangxu/yolov5-7.0/ga_cache/work_2c382f7da8d67698
11,19,570,run4_p1798000_e570,0.5080594420433044,0.5820600986480713,0.09963668137788773,0.033474136143922806,0.20149312913417816,0.06037551909685135,0.0,0.5080594420433044,0.5820600986480713,1.0989100441336632,1.0669482722878456,1.4029862582683563,0.06037551909685135,1.0,0.813,0.426,64.01213788986206,1,1,/home/zhangxu/yolov5-7.0/ga_cache/work_72e62ad13c6803ee
11,20,571,run4_p1798000_e571,0.6548912525177002,0.5958002805709839,0.13880199193954468,0.033474136143922806,0.20149312913417816,0.06037551909685135,0.0,0.6548912525177002,0.5958002805709839,1.216405975818634,1.0669482722878456,1.4029862582683563,0.06037551909685135,1.0,0.81,0.426,1030.2224895954132,1,0,/home/zhangxu/yolov5-7.0/ga_cache/work_fb43aca0042c795f
11,21,572,run4_p1798000_e572,0.5080594420433044,0.5958002805709839,0.09963668137788773,0.033474136143922806,0.20149312913417816,0.06037551909685135,0.0,0.5080594420433044,0.5958002805709839,1.0989100441336632,1.0669482722878456,1.4029862582683563,0.06037551909685135,1.0,0.815,0.426,1005.1726036071777,1,0,/home/zhangxu/yolov5-7.0/ga_cache/work_bf5cb13d827aede5
11,22,573,run4_p1798000_e573,0.5500377416610718,0.5506524443626404,0.0,0.0,0.061432063579559326,0.0,0.0,0.5500377416610718,0.5506524443626404,0.8,1.0,1.1228641271591187,0.0,1.0,0.807,0.422,1013.7234127521515,1,0,/home/zhangxu/yolov5-7.0/ga_cache/work_6cd03166831d6f5a
11,23,574,run4_p1798000_e574,0.5080594420433044,0.29558801651000977,0.09963668137788773,0.0,0.20149312913417816,0.048539333045482635,0.0,0.5080594420433044,0.29558801651000977,1.0989100441336632,1.0,1.4029862582683563,0.048539333045482635,1.0,0.813,0.428,0.00029587745666503906,1,1,/home/zhangxu/yolov5-7.0/ga_cache/work_344a8e619f15eb2b
11,24,575,run4_p1798000_e575,0.5080594420433044,0.5958002805709839,0.09963668137788773,0.033474136143922806,0.20149312913417816,0.06037551909685135,0.0,0.5080594420433044,0.5958002805709839,1.0989100441336632,1.0669482722878456,1.4029862582683563,0.06037551909685135,1.0,0.815,0.426,995.2300655841827,1,1,/home/zhangxu/yolov5-7.0/ga_cache/work_bf5cb13d827aede5
11,25,576,run4_p1798000_e576,0.7463217377662659,0.5820600986480713,0.289192795753479,0.06974083185195923,0.20149312913417816,0.06037551909685135,0.0,0.7463217377662659,0.5820600986480713,1.667578387260437,1.1394816637039185,1.4029862582683563,0.06037551909685135,1.0,0.811,0.424,1029.894302368164,1,0,/home/zhangxu/yolov5-7.0/ga_cache/work_a431dc94cf5737f5
11,26,577,run4_p1798000_e577,0.6907949447631836,0.5925362706184387,0.0,0.0,0.3243575692176819,0.26683345437049866,0.0,0.6907949447631836,0.5925362706184387,0.8,1.0,1.6487151384353638,0.26683345437049866,1.0,0.783,0.402,1024.0161635875702,1,0,/home/zhangxu/yolov5-7.0/ga_cache/work_70674b06d752d580
11,27,578,run4_p1798000_e578,0.5080594420433044,0.5958002805709839,0.09963668137788773,0.06974083185195923,0.20149312913417816,0.06037551909685135,0.0,0.5080594420433044,0.5958002805709839,1.0989100441336632,1.1394816637039185,1.4029862582683563,0.06037551909685135,1.0,0.812,0.426,1026.7790687084198,1,0,/home/zhangxu/yolov5-7.0/ga_cache/work_fbc7fd8ce631a40b
11,28,579,run4_p1798000_e579,0.5080594420433044,0.43730807304382324,0.09963668137788773,0.033474136143922806,0.20149312913417816,0.06037551909685135,0.0,0.5080594420433044,0.43730807304382324,1.0989100441336632,1.0669482722878456,1.4029862582683563,0.06037551909685135,1.0,0.812,0.428,981.9058256149292,1,0,/home/zhangxu/yolov5-7.0/ga_cache/work_37dc5114b8f244f4
11,29,580,run4_p1798000_e580,0.5080594420433044,0.43730807304382324,0.09963668137788773,0.06974083185195923,0.20149312913417816,0.06037551909685135,0.0,0.5080594420433044,0.43730807304382324,1.0989100441336632,1.1394816637039185,1.4029862582683563,0.06037551909685135,1.0,0.814,0.428,0.00016927719116210938,1,1,/home/zhangxu/yolov5-7.0/ga_cache/work_9baf216a62257f5f
11,30,581,run4_p1798000_e581,0.5080594420433044,0.5958002805709839,0.09963668137788773,0.033474136143922806,0.20149312913417816,0.06037551909685135,0.0,0.5080594420433044,0.5958002805709839,1.0989100441336632,1.0669482722878456,1.4029862582683563,0.06037551909685135,1.0,0.815,0.426,974.2245182991028,1,1,/home/zhangxu/yolov5-7.0/ga_cache/work_bf5cb13d827aede5
11,31,582,run4_p1798000_e582,0.5080594420433044,0.5958002805709839,0.09963668137788773,0.033474136143922806,0.20149312913417816,0.06037551909685135,0.0,0.5080594420433044,0.5958002805709839,1.0989100441336632,1.0669482722878456,1.4029862582683563,0.06037551909685135,1.0,0.815,0.426,974.2297580242157,1,1,/home/zhangxu/yolov5-7.0/ga_cache/work_bf5cb13d827aede5
11,32,583,run4_p1798000_e583,0.5871960520744324,0.43730807304382324,0.09963668137788773,0.0,0.28650689125061035,0.048539333045482635,0.0,0.5871960520744324,0.43730807304382324,1.0989100441336632,1.0,1.5730137825012207,0.048539333045482635,1.0,0.813,0.427,1048.414575099945,1,0,/home/zhangxu/yolov5-7.0/ga_cache/work_81fa4820f4e0962d
11,33,584,run4_p1798000_e584,0.5080594420433044,0.5958002805709839,0.09963668137788773,0.0,0.20149312913417816,0.048539333045482635,0.0,0.5080594420433044,0.5958002805709839,1.0989100441336632,1.0,1.4029862582683563,0.048539333045482635,1.0,0.813,0.426,734.1619622707367,1,0,/home/zhangxu/yolov5-7.0/ga_cache/work_5314c526f0d9dd0e
11,34,585,run4_p1798000_e585,0.5080594420433044,0.29558801651000977,0.09963668137788773,0.033474136143922806,0.20149312913417816,0.06037551909685135,0.0,0.5080594420433044,0.29558801651000977,1.0989100441336632,1.0669482722878456,1.4029862582683563,0.06037551909685135,1.0,0.811,0.427,1002.4260230064392,1,0,/home/zhangxu/yolov5-7.0/ga_cache/work_2978a11d8a4f865f
11,35,586,run4_p1798000_e586,0.5080594420433044,0.5820600986480713,0.09963668137788773,0.19726336002349854,0.20149312913417816,0.06037551909685135,0.0,0.5080594420433044,0.5820600986480713,1.0989100441336632,1.394526720046997,1.4029862582683563,0.06037551909685135,1.0,0.815,0.426,1107.6653065681458,1,0,/home/zhangxu/yolov5-7.0/ga_cache/work_63774d3b4d632d5b
11,36,587,run4_p1798000_e587,0.5080594420433044,0.5958002805709839,0.09963668137788773,0.033474136143922806,0.20149312913417816,0.06037551909685135,0.0,0.5080594420433044,0.5958002805709839,1.0989100441336632,1.0669482722878456,1.4029862582683563,0.06037551909685135,1.0,0.815,0.426,0.00032448768615722656,1,1,/home/zhangxu/yolov5-7.0/ga_cache/work_bf5cb13d827aede5
11,37,588,run4_p1798000_e588,0.5871960520744324,0.5958002805709839,0.09963668137788773,0.033474136143922806,0.20149312913417816,0.06037551909685135,0.0,0.5871960520744324,0.5958002805709839,1.0989100441336632,1.0669482722878456,1.4029862582683563,0.06037551909685135,1.0,0.812,0.424,1110.3273730278015,1,0,/home/zhangxu/yolov5-7.0/ga_cache/work_d2777683d13d0423
11,38,589,run4_p1798000_e589,0.5080594420433044,0.5820600986480713,0.09963668137788773,0.0,0.28650689125061035,0.048539333045482635,0.0,0.5080594420433044,0.5820600986480713,1.0989100441336632,1.0,1.5730137825012207,0.048539333045482635,1.0,0.814,0.424,910.3099837303162,1,0,/home/zhangxu/yolov5-7.0/ga_cache/work_808e77f393a13b7a
11,39,590,run4_p1798000_e590,0.5080594420433044,0.5820600986480713,0.09963668137788773,0.033474136143922806,0.20149312913417816,0.06037551909685135,0.0,0.5080594420433044,0.5820600986480713,1.0989100441336632,1.0669482722878456,1.4029862582683563,0.06037551909685135,1.0,0.813,0.426,0.000225067138671875,1,1,/home/zhangxu/yolov5-7.0/ga_cache/work_72e62ad13c6803ee
11,40,591,run4_p1798000_e591,0.5080594420433044,0.5958002805709839,0.13880199193954468,0.033474136143922806,0.20149312913417816,0.06037551909685135,0.0,0.5080594420433044,0.5958002805709839,1.216405975818634,1.0669482722878456,1.4029862582683563,0.06037551909685135,1.0,0.814,0.425,1121.1049146652222,1,0,/home/zhangxu/yolov5-7.0/ga_cache/work_707e56010be2465b
11,41,592,run4_p1798000_e592,0.5871960520744324,0.5958002805709839,0.09963668137788773,0.033474136143922806,0.20149312913417816,0.048539333045482635,0.0,0.5871960520744324,0.5958002805709839,1.0989100441336632,1.0669482722878456,1.4029862582683563,0.048539333045482635,1.0,0.815,0.427,1071.3678631782532,1,0,/home/zhangxu/yolov5-7.0/ga_cache/work_9fb5f2e169606851
11,42,593,run4_p1798000_e593,0.5080594420433044,0.5820600986480713,0.09963668137788773,0.0,0.28650689125061035,0.06037551909685135,0.0,0.5080594420433044,0.5820600986480713,1.0989100441336632,1.0,1.5730137825012207,0.06037551909685135,1.0,0.813,0.425,1106.8746592998505,1,0,/home/zhangxu/yolov5-7.0/ga_cache/work_64f488ce878e305e
11,43,594,run4_p1798000_e594,0.5080594420433044,0.5958002805709839,0.09963668137788773,0.0,0.20149312913417816,0.06037551909685135,0.0,0.5080594420433044,0.5958002805709839,1.0989100441336632,1.0,1.4029862582683563,0.06037551909685135,1.0,0.815,0.426,714.2312657833099,1,0,/home/zhangxu/yolov5-7.0/ga_cache/work_2b9e2321eedfbac2
11,44,595,run4_p1798000_e595,0.5080594420433044,0.29558801651000977,0.09963668137788773,0.033474136143922806,0.20149312913417816,0.048539333045482635,0.0,0.5080594420433044,0.29558801651000977,1.0989100441336632,1.0669482722878456,1.4029862582683563,0.048539333045482635,1.0,0.809,0.428,1105.9882090091705,1,0,/home/zhangxu/yolov5-7.0/ga_cache/work_2668f71bf70a31e3
11,45,596,run4_p1798000_e596,0.5080594420433044,0.5958002805709839,0.09963668137788773,0.033474136143922806,0.20149312913417816,0.06037551909685135,0.0,0.5080594420433044,0.5958002805709839,1.0989100441336632,1.0669482722878456,1.4029862582683563,0.06037551909685135,1.0,0.815,0.426,0.0003287792205810547,1,1,/home/zhangxu/yolov5-7.0/ga_cache/work_bf5cb13d827aede5
11,46,597,run4_p1798000_e597,0.5080594420433044,0.5820600986480713,0.09963668137788773,0.19726336002349854,0.20149312913417816,0.06037551909685135,0.0,0.5080594420433044,0.5820600986480713,1.0989100441336632,1.394526720046997,1.4029862582683563,0.06037551909685135,1.0,0.815,0.426,1060.2628014087677,1,1,/home/zhangxu/yolov5-7.0/ga_cache/work_63774d3b4d632d5b
11,47,598,run4_p1798000_e598,0.5080594420433044,0.5820600986480713,0.13880199193954468,0.033474136143922806,0.20149312913417816,0.06037551909685135,0.0,0.5080594420433044,0.5820600986480713,1.216405975818634,1.0669482722878456,1.4029862582683563,0.06037551909685135,1.0,0.813,0.427,1090.9496939182281,1,0,/home/zhangxu/yolov5-7.0/ga_cache/work_5635bdc6656487b1
11,48,599,run4_p1798000_e599,0.5871960520744324,0.5820600986480713,0.13880199193954468,0.033474136143922806,0.06652611494064331,0.06037551909685135,0.0,0.5871960520744324,0.5820600986480713,1.216405975818634,1.0669482722878456,1.1330522298812866,0.06037551909685135,1.0,0.812,0.426,1097.316120147705,1,0,/home/zhangxu/yolov5-7.0/ga_cache/work_ebaad9cb1377f2ab
11,49,600,run4_p1798000_e600,0.5080594420433044,0.43730807304382324,0.09963668137788773,0.19726336002349854,0.20149312913417816,0.06037551909685135,0.0,0.5080594420433044,0.43730807304382324,1.0989100441336632,1.394526720046997,1.4029862582683563,0.06037551909685135,1.0,0.812,0.426,657.5455567836761,1,0,/home/zhangxu/yolov5-7.0/ga_cache/work_d40ce018868ec167
12,0,601,run4_p1798000_e601,0.5871960520744324,0.5958002805709839,0.09963668137788773,0.033474136143922806,0.20149312913417816,0.048539333045482635,0.0,0.5871960520744324,0.5958002805709839,1.0989100441336632,1.0669482722878456,1.4029862582683563,0.048539333045482635,1.0,0.815,0.427,0.00025963783264160156,1,1,/home/zhangxu/yolov5-7.0/ga_cache/work_9fb5f2e169606851
12,1,602,run4_p1798000_e602,0.5871960520744324,0.43730807304382324,0.09963668137788773,0.0,0.28650689125061035,0.048539333045482635,0.0,0.5871960520744324,0.43730807304382324,1.0989100441336632,1.0,1.5730137825012207,0.048539333045482635,1.0,0.813,0.427,608.7574496269226,1,0,/home/zhangxu/yolov5-7.0/ga_cache/work_81fa4820f4e0962d
12,2,603,run4_p1798000_e603,0.5080594420433044,0.5958002805709839,0.09963668137788773,0.033474136143922806,0.20149312913417816,0.06037551909685135,0.0,0.5080594420433044,0.5958002805709839,1.0989100441336632,1.0669482722878456,1.4029862582683563,0.06037551909685135,1.0,0.815,0.426,694.4049396514893,1,0,/home/zhangxu/yolov5-7.0/ga_cache/work_bf5cb13d827aede5
12,3,604,run4_p1798000_e604,0.5080594420433044,0.43730807304382324,0.09963668137788773,0.033474136143922806,0.20149312913417816,0.06037551909685135,0.0,0.5080594420433044,0.43730807304382324,1.0989100441336632,1.0669482722878456,1.4029862582683563,0.06037551909685135,1.0,0.812,0.428,676.4171295166016,1,0,/home/zhangxu/yolov5-7.0/ga_cache/work_37dc5114b8f244f4
12,4,605,run4_p1798000_e605,0.5080594420433044,0.29558801651000977,0.09963668137788773,0.0,0.20149312913417816,0.048539333045482635,0.0,0.5080594420433044,0.29558801651000977,1.0989100441336632,1.0,1.4029862582683563,0.048539333045482635,1.0,0.813,0.428,673.3487062454224,1,0,/home/zhangxu/yolov5-7.0/ga_cache/work_344a8e619f15eb2b
12,5,606,run4_p1798000_e606,0.5871960520744324,0.5958002805709839,0.09963668137788773,0.033474136143922806,0.20149312913417816,0.048539333045482635,0.0,0.5871960520744324,0.5958002805709839,1.0989100441336632,1.0669482722878456,1.4029862582683563,0.048539333045482635,1.0,0.815,0.427,0.0002512931823730469,1,1,/home/zhangxu/yolov5-7.0/ga_cache/work_9fb5f2e169606851
12,6,607,run4_p1798000_e607,0.5871960520744324,0.5958002805709839,0.09963668137788773,0.033474136143922806,0.20149312913417816,0.048539333045482635,0.0,0.5871960520744324,0.5958002805709839,1.0989100441336632,1.0669482722878456,1.4029862582683563,0.048539333045482635,1.0,0.815,0.427,0.0003294944763183594,1,1,/home/zhangxu/yolov5-7.0/ga_cache/work_9fb5f2e169606851
12,7,608,run4_p1798000_e608,0.5080594420433044,0.5958002805709839,0.09963668137788773,0.033474136143922806,0.20149312913417816,0.06037551909685135,0.0,0.5080594420433044,0.5958002805709839,1.0989100441336632,1.0669482722878456,1.4029862582683563,0.06037551909685135,1.0,0.815,0.426,695.1052017211914,1,1,/home/zhangxu/yolov5-7.0/ga_cache/work_bf5cb13d827aede5
12,8,609,run4_p1798000_e609,0.5080594420433044,0.5958002805709839,0.09963668137788773,0.033474136143922806,0.20149312913417816,0.06037551909685135,0.0,0.5080594420433044,0.5958002805709839,1.0989100441336632,1.0669482722878456,1.4029862582683563,0.06037551909685135,1.0,0.815,0.426,695.1079616546631,1,1,/home/zhangxu/yolov5-7.0/ga_cache/work_bf5cb13d827aede5
12,9,610,run4_p1798000_e610,0.5080594420433044,0.5958002805709839,0.09963668137788773,0.033474136143922806,0.20149312913417816,0.06037551909685135,0.0,0.5080594420433044,0.5958002805709839,1.0989100441336632,1.0669482722878456,1.4029862582683563,0.06037551909685135,1.0,0.815,0.426,695.1033847332001,1,1,/home/zhangxu/yolov5-7.0/ga_cache/work_bf5cb13d827aede5
12,10,611,run4_p1798000_e611,0.5080594420433044,0.5958002805709839,0.09963668137788773,0.033474136143922806,0.20149312913417816,0.06037551909685135,0.0,0.5080594420433044,0.5958002805709839,1.0989100441336632,1.0669482722878456,1.4029862582683563,0.06037551909685135,1.0,0.815,0.426,695.1033930778503,1,1,/home/zhangxu/yolov5-7.0/ga_cache/work_bf5cb13d827aede5
12,11,612,run4_p1798000_e612,0.5080594420433044,0.5958002805709839,0.09963668137788773,0.033474136143922806,0.20149312913417816,0.06037551909685135,0.0,0.5080594420433044,0.5958002805709839,1.0989100441336632,1.0669482722878456,1.4029862582683563,0.06037551909685135,1.0,0.815,0.426,695.1122148036957,1,1,/home/zhangxu/yolov5-7.0/ga_cache/work_bf5cb13d827aede5
12,12,613,run4_p1798000_e613,0.5080594420433044,0.5958002805709839,0.09963668137788773,0.033474136143922806,0.20149312913417816,0.06037551909685135,0.0,0.5080594420433044,0.5958002805709839,1.0989100441336632,1.0669482722878456,1.4029862582683563,0.06037551909685135,1.0,0.815,0.426,695.1042010784149,1,1,/home/zhangxu/yolov5-7.0/ga_cache/work_bf5cb13d827aede5
12,13,614,run4_p1798000_e614,0.5080594420433044,0.5958002805709839,0.09963668137788773,0.033474136143922806,0.20149312913417816,0.06037551909685135,0.0,0.5080594420433044,0.5958002805709839,1.0989100441336632,1.0669482722878456,1.4029862582683563,0.06037551909685135,1.0,0.815,0.426,695.1038031578064,1,1,/home/zhangxu/yolov5-7.0/ga_cache/work_bf5cb13d827aede5
12,14,615,run4_p1798000_e615,0.5080594420433044,0.5958002805709839,0.09963668137788773,0.033474136143922806,0.20149312913417816,0.06037551909685135,0.0,0.5080594420433044,0.5958002805709839,1.0989100441336632,1.0669482722878456,1.4029862582683563,0.06037551909685135,1.0,0.815,0.426,695.10480260849,1,1,/home/zhangxu/yolov5-7.0/ga_cache/work_bf5cb13d827aede5
12,15,616,run4_p1798000_e616,0.5080594420433044,0.5958002805709839,0.13880199193954468,0.033474136143922806,0.20149312913417816,0.06037551909685135,0.0,0.5080594420433044,0.5958002805709839,1.216405975818634,1.0669482722878456,1.4029862582683563,0.06037551909685135,1.0,0.814,0.425,0.0002307891845703125,1,1,/home/zhangxu/yolov5-7.0/ga_cache/work_707e56010be2465b
12,16,617,run4_p1798000_e617,0.5080594420433044,0.5958002805709839,0.09963668137788773,0.0,0.20149312913417816,0.06037551909685135,0.0,0.5080594420433044,0.5958002805709839,1.0989100441336632,1.0,1.4029862582683563,0.06037551909685135,1.0,0.815,0.426,0.00010514259338378906,1,1,/home/zhangxu/yolov5-7.0/ga_cache/work_2b9e2321eedfbac2
12,17,618,run4_p1798000_e618,0.7463217377662659,0.5958002805709839,0.09963668137788773,0.06974083185195923,0.20149312913417816,0.06037551909685135,0.0,0.7463217377662659,0.5958002805709839,1.0989100441336632,1.1394816637039185,1.4029862582683563,0.06037551909685135,1.0,0.813,0.424,668.4868409633636,1,0,/home/zhangxu/yolov5-7.0/ga_cache/work_bc577416dda22a3a
12,18,619,run4_p1798000_e619,0.5080594420433044,0.5820600986480713,0.09963668137788773,0.0,0.20149312913417816,0.06037551909685135,0.0,0.5080594420433044,0.5820600986480713,1.0989100441336632,1.0,1.4029862582683563,0.06037551909685135,1.0,0.814,0.425,1178.241719007492,1,0,/home/zhangxu/yolov5-7.0/ga_cache/work_22c2fd9b215ab513
12,19,620,run4_p1798000_e620,0.5871960520744324,0.43730807304382324,0.09963668137788773,0.033474136143922806,0.20149312913417816,0.06037551909685135,0.0,0.5871960520744324,0.43730807304382324,1.0989100441336632,1.0669482722878456,1.4029862582683563,0.06037551909685135,1.0,0.808,0.426,1189.0666553974152,1,0,/home/zhangxu/yolov5-7.0/ga_cache/work_c585bb72c17f88e3
12,20,621,run4_p1798000_e621,0.5080594420433044,0.5958002805709839,0.13880199193954468,0.0,0.28650689125061035,0.048539333045482635,0.0,0.5080594420433044,0.5958002805709839,1.216405975818634,1.0,1.5730137825012207,0.048539333045482635,1.0,0.813,0.425,1208.5114002227783,1,0,/home/zhangxu/yolov5-7.0/ga_cache/work_c4b428350a75acc4
12,21,622,run4_p1798000_e622,0.6088406443595886,0.5958002805709839,0.09963668137788773,0.19726336002349854,0.11660952866077423,0.06037551909685135,0.0,0.6088406443595886,0.5958002805709839,1.0989100441336632,1.394526720046997,1.2332190573215485,0.06037551909685135,1.0,0.815,0.426,1213.1732773780823,1,0,/home/zhangxu/yolov5-7.0/ga_cache/work_b86ba4ebaaca4d56
12,22,623,run4_p1798000_e623,0.5080594420433044,0.5958002805709839,0.09963668137788773,0.033474136143922806,0.20149312913417816,0.06037551909685135,0.0,0.5080594420433044,0.5958002805709839,1.0989100441336632,1.0669482722878456,1.4029862582683563,0.06037551909685135,1.0,0.815,0.426,0.00015234947204589844,1,1,/home/zhangxu/yolov5-7.0/ga_cache/work_bf5cb13d827aede5
12,23,624,run4_p1798000_e624,0.5080594420433044,0.43730807304382324,0.09963668137788773,0.06974083185195923,0.20149312913417816,0.06037551909685135,0.0,0.5080594420433044,0.43730807304382324,1.0989100441336632,1.1394816637039185,1.4029862582683563,0.06037551909685135,1.0,0.814,0.428,1206.6517560482025,1,0,/home/zhangxu/yolov5-7.0/ga_cache/work_9baf216a62257f5f
12,24,625,run4_p1798000_e625,0.5080594420433044,0.5958002805709839,0.09963668137788773,0.033474136143922806,0.20149312913417816,0.06037551909685135,0.0,0.5080594420433044,0.5958002805709839,1.0989100441336632,1.0669482722878456,1.4029862582683563,0.06037551909685135,1.0,0.815,0.426,0.00014066696166992188,1,1,/home/zhangxu/yolov5-7.0/ga_cache/work_bf5cb13d827aede5
12,25,626,run4_p1798000_e626,0.5080594420433044,0.5958002805709839,0.09963668137788773,0.033474136143922806,0.20149312913417816,0.06037551909685135,0.0,0.5080594420433044,0.5958002805709839,1.0989100441336632,1.0669482722878456,1.4029862582683563,0.06037551909685135,1.0,0.815,0.426,9.298324584960938e-05,1,1,/home/zhangxu/yolov5-7.0/ga_cache/work_bf5cb13d827aede5
12,26,627,run4_p1798000_e627,0.5080594420433044,0.5958002805709839,0.09963668137788773,0.033474136143922806,0.20149312913417816,0.06037551909685135,0.0,0.5080594420433044,0.5958002805709839,1.0989100441336632,1.0669482722878456,1.4029862582683563,0.06037551909685135,1.0,0.815,0.426,8.559226989746094e-05,1,1,/home/zhangxu/yolov5-7.0/ga_cache/work_bf5cb13d827aede5
12,27,628,run4_p1798000_e628,0.5080594420433044,0.5958002805709839,0.09963668137788773,0.0,0.20149312913417816,0.06037551909685135,0.0,0.5080594420433044,0.5958002805709839,1.0989100441336632,1.0,1.4029862582683563,0.06037551909685135,1.0,0.815,0.426,0.00019621849060058594,1,1,/home/zhangxu/yolov5-7.0/ga_cache/work_2b9e2321eedfbac2
12,28,629,run4_p1798000_e629,0.5080594420433044,0.5958002805709839,0.09963668137788773,0.0,0.20149312913417816,0.06037551909685135,0.0,0.5080594420433044,0.5958002805709839,1.0989100441336632,1.0,1.4029862582683563,0.06037551909685135,1.0,0.815,0.426,9.083747863769531e-05,1,1,/home/zhangxu/yolov5-7.0/ga_cache/work_2b9e2321eedfbac2
12,29,630,run4_p1798000_e630,0.5080594420433044,0.5820600986480713,0.13880199193954468,0.033474136143922806,0.20149312913417816,0.06037551909685135,0.0,0.5080594420433044,0.5820600986480713,1.216405975818634,1.0669482722878456,1.4029862582683563,0.06037551909685135,1.0,0.813,0.427,9.250640869140625e-05,1,1,/home/zhangxu/yolov5-7.0/ga_cache/work_5635bdc6656487b1
12,30,631,run4_p1798000_e631,0.5871960520744324,0.5958002805709839,0.09963668137788773,0.033474136143922806,0.20149312913417816,0.048539333045482635,0.0,0.5871960520744324,0.5958002805709839,1.0989100441336632,1.0669482722878456,1.4029862582683563,0.048539333045482635,1.0,0.815,0.427,0.00010395050048828125,1,1,/home/zhangxu/yolov5-7.0/ga_cache/work_9fb5f2e169606851
12,31,632,run4_p1798000_e632,0.5080594420433044,0.5820600986480713,0.09963668137788773,0.19726336002349854,0.20149312913417816,0.06037551909685135,0.0,0.5080594420433044,0.5820600986480713,1.0989100441336632,1.394526720046997,1.4029862582683563,0.06037551909685135,1.0,0.815,0.426,8.487701416015625e-05,1,1,/home/zhangxu/yolov5-7.0/ga_cache/work_63774d3b4d632d5b
12,32,633,run4_p1798000_e633,0.5080594420433044,0.5958002805709839,0.09963668137788773,0.033474136143922806,0.20149312913417816,0.06037551909685135,0.0,0.5080594420433044,0.5958002805709839,1.0989100441336632,1.0669482722878456,1.4029862582683563,0.06037551909685135,1.0,0.815,0.426,8.559226989746094e-05,1,1,/home/zhangxu/yolov5-7.0/ga_cache/work_bf5cb13d827aede5
12,33,634,run4_p1798000_e634,0.5080594420433044,0.5958002805709839,0.09963668137788773,0.033474136143922806,0.20149312913417816,0.06037551909685135,0.0,0.5080594420433044,0.5958002805709839,1.0989100441336632,1.0669482722878456,1.4029862582683563,0.06037551909685135,1.0,0.815,0.426,7.963180541992188e-05,1,1,/home/zhangxu/yolov5-7.0/ga_cache/work_bf5cb13d827aede5
12,34,635,run4_p1798000_e635,0.5080594420433044,0.5958002805709839,0.09963668137788773,0.033474136143922806,0.20149312913417816,0.06037551909685135,0.0,0.5080594420433044,0.5958002805709839,1.0989100441336632,1.0669482722878456,1.4029862582683563,0.06037551909685135,1.0,0.815,0.426,8.20159912109375e-05,1,1,/home/zhangxu/yolov5-7.0/ga_cache/work_bf5cb13d827aede5
12,35,636,run4_p1798000_e636,0.5080594420433044,0.5820600986480713,0.09963668137788773,0.19726336002349854,0.20149312913417816,0.06037551909685135,0.0,0.5080594420433044,0.5820600986480713,1.0989100441336632,1.394526720046997,1.4029862582683563,0.06037551909685135,1.0,0.815,0.426,8.058547973632812e-05,1,1,/home/zhangxu/yolov5-7.0/ga_cache/work_63774d3b4d632d5b
12,36,637,run4_p1798000_e637,0.5080594420433044,0.5820600986480713,0.09963668137788773,0.19726336002349854,0.20149312913417816,0.06037551909685135,0.0,0.5080594420433044,0.5820600986480713,1.0989100441336632,1.394526720046997,1.4029862582683563,0.06037551909685135,1.0,0.815,0.426,0.00016951560974121094,1,1,/home/zhangxu/yolov5-7.0/ga_cache/work_63774d3b4d632d5b
12,37,638,run4_p1798000_e638,0.5080594420433044,0.5958002805709839,0.09963668137788773,0.06974083185195923,0.20149312913417816,0.06037551909685135,0.0,0.5080594420433044,0.5958002805709839,1.0989100441336632,1.1394816637039185,1.4029862582683563,0.06037551909685135,1.0,0.812,0.426,1202.9512329101562,1,0,/home/zhangxu/yolov5-7.0/ga_cache/work_fbc7fd8ce631a40b
12,38,639,run4_p1798000_e639,0.5080594420433044,0.43730807304382324,0.09963668137788773,0.033474136143922806,0.20149312913417816,0.06037551909685135,0.0,0.5080594420433044,0.43730807304382324,1.0989100441336632,1.0669482722878456,1.4029862582683563,0.06037551909685135,1.0,0.812,0.428,0.0001666545867919922,1,1,/home/zhangxu/yolov5-7.0/ga_cache/work_37dc5114b8f244f4
12,39,640,run4_p1798000_e640,0.5080594420433044,0.5958002805709839,0.09963668137788773,0.033474136143922806,0.20149312913417816,0.06037551909685135,0.0,0.5080594420433044,0.5958002805709839,1.0989100441336632,1.0669482722878456,1.4029862582683563,0.06037551909685135,1.0,0.815,0.426,7.796287536621094e-05,1,1,/home/zhangxu/yolov5-7.0/ga_cache/work_bf5cb13d827aede5
12,40,641,run4_p1798000_e641,0.5080594420433044,0.5958002805709839,0.09963668137788773,0.033474136143922806,0.20149312913417816,0.06037551909685135,0.0,0.5080594420433044,0.5958002805709839,1.0989100441336632,1.0669482722878456,1.4029862582683563,0.06037551909685135,1.0,0.815,0.426,7.939338684082031e-05,1,1,/home/zhangxu/yolov5-7.0/ga_cache/work_bf5cb13d827aede5
12,41,642,run4_p1798000_e642,0.5080594420433044,0.5820600986480713,0.09963668137788773,0.033474136143922806,0.20149312913417816,0.06037551909685135,0.0,0.5080594420433044,0.5820600986480713,1.0989100441336632,1.0669482722878456,1.4029862582683563,0.06037551909685135,1.0,0.813,0.426,1091.894519329071,1,0,/home/zhangxu/yolov5-7.0/ga_cache/work_72e62ad13c6803ee
12,42,643,run4_p1798000_e643,0.5080594420433044,0.5958002805709839,0.09963668137788773,0.19726336002349854,0.20149312913417816,0.06037551909685135,0.0,0.5080594420433044,0.5958002805709839,1.0989100441336632,1.394526720046997,1.4029862582683563,0.06037551909685135,1.0,0.811,0.425,1194.9631826877594,1,0,/home/zhangxu/yolov5-7.0/ga_cache/work_7b7b3ec336b4ecec
12,43,644,run4_p1798000_e644,0.5080594420433044,0.5958002805709839,0.09963668137788773,0.033474136143922806,0.11660952866077423,0.06037551909685135,0.0,0.5080594420433044,0.5958002805709839,1.0989100441336632,1.0669482722878456,1.2332190573215485,0.06037551909685135,1.0,0.812,0.424,1172.996170759201,1,0,/home/zhangxu/yolov5-7.0/ga_cache/work_a4dd6972285af805
12,44,645,run4_p1798000_e645,0.6088406443595886,0.5958002805709839,0.09963668137788773,0.19726336002349854,0.20149312913417816,0.06037551909685135,0.0,0.6088406443595886,0.5958002805709839,1.0989100441336632,1.394526720046997,1.4029862582683563,0.06037551909685135,1.0,0.81,0.424,1209.5476052761078,1,0,/home/zhangxu/yolov5-7.0/ga_cache/work_61a07f31e27669cb
12,45,646,run4_p1798000_e646,0.5080594420433044,0.5958002805709839,0.09963668137788773,0.033474136143922806,0.11660952866077423,0.06037551909685135,0.0,0.5080594420433044,0.5958002805709839,1.0989100441336632,1.0669482722878456,1.2332190573215485,0.06037551909685135,1.0,0.812,0.424,1173.2729697227478,1,1,/home/zhangxu/yolov5-7.0/ga_cache/work_a4dd6972285af805
12,46,647,run4_p1798000_e647,0.6088406443595886,0.5958002805709839,0.09963668137788773,0.19726336002349854,0.20149312913417816,0.06037551909685135,0.0,0.6088406443595886,0.5958002805709839,1.0989100441336632,1.394526720046997,1.4029862582683563,0.06037551909685135,1.0,0.81,0.424,627.1457867622375,1,1,/home/zhangxu/yolov5-7.0/ga_cache/work_61a07f31e27669cb
12,47,648,run4_p1798000_e648,0.5871960520744324,0.5820600986480713,0.09963668137788773,0.033474136143922806,0.20149312913417816,0.06037551909685135,0.0,0.5871960520744324,0.5820600986480713,1.0989100441336632,1.0669482722878456,1.4029862582683563,0.06037551909685135,1.0,0.814,0.426,672.7602574825287,1,0,/home/zhangxu/yolov5-7.0/ga_cache/work_0d806ce15889d54b
12,48,649,run4_p1798000_e649,0.5080594420433044,0.5820600986480713,0.09963668137788773,0.19726336002349854,0.06652611494064331,0.06037551909685135,0.0,0.5080594420433044,0.5820600986480713,1.0989100441336632,1.394526720046997,1.1330522298812866,0.06037551909685135,1.0,0.813,0.427,633.660585641861,1,0,/home/zhangxu/yolov5-7.0/ga_cache/work_a2cf7c8b7e43debe
12,49,650,run4_p1798000_e650,0.5080594420433044,0.43730807304382324,0.09963668137788773,0.033474136143922806,0.20149312913417816,0.06037551909685135,0.0,0.5080594420433044,0.43730807304382324,1.0989100441336632,1.0669482722878456,1.4029862582683563,0.06037551909685135,1.0,0.812,0.428,0.000274658203125,1,1,/home/zhangxu/yolov5-7.0/ga_cache/work_37dc5114b8f244f4
13,0,651,run4_p1798000_e651,0.5871960520744324,0.5958002805709839,0.09963668137788773,0.033474136143922806,0.20149312913417816,0.048539333045482635,0.0,0.5871960520744324,0.5958002805709839,1.0989100441336632,1.0669482722878456,1.4029862582683563,0.048539333045482635,1.0,0.815,0.427,807.3004190921783,1,0,/home/zhangxu/yolov5-7.0/ga_cache/work_9fb5f2e169606851
13,1,652,run4_p1798000_e652,0.5871960520744324,0.5820600986480713,0.09963668137788773,0.19726336002349854,0.20149312913417816,0.048539333045482635,0.0,0.5871960520744324,0.5820600986480713,1.0989100441336632,1.394526720046997,1.4029862582683563,0.048539333045482635,1.0,0.814,0.426,783.193042755127,1,0,/home/zhangxu/yolov5-7.0/ga_cache/work_3b16a5ee23c185dd
13,2,653,run4_p1798000_e653,0.5080594420433044,0.5958002805709839,0.09963668137788773,0.033474136143922806,0.20149312913417816,0.06037551909685135,0.0,0.5080594420433044,0.5958002805709839,1.0989100441336632,1.0669482722878456,1.4029862582683563,0.06037551909685135,1.0,0.815,0.426,0.0002646446228027344,1,1,/home/zhangxu/yolov5-7.0/ga_cache/work_bf5cb13d827aede5
13,3,654,run4_p1798000_e654,0.5080594420433044,0.5958002805709839,0.09963668137788773,0.033474136143922806,0.20149312913417816,0.06037551909685135,0.0,0.5080594420433044,0.5958002805709839,1.0989100441336632,1.0669482722878456,1.4029862582683563,0.06037551909685135,1.0,0.815,0.426,0.0003457069396972656,1,1,/home/zhangxu/yolov5-7.0/ga_cache/work_bf5cb13d827aede5
13,4,655,run4_p1798000_e655,0.5080594420433044,0.5958002805709839,0.09963668137788773,0.033474136143922806,0.20149312913417816,0.06037551909685135,0.0,0.5080594420433044,0.5958002805709839,1.0989100441336632,1.0669482722878456,1.4029862582683563,0.06037551909685135,1.0,0.815,0.426,0.0002727508544921875,1,1,/home/zhangxu/yolov5-7.0/ga_cache/work_bf5cb13d827aede5
13,5,656,run4_p1798000_e656,0.5080594420433044,0.5958002805709839,0.09963668137788773,0.0,0.20149312913417816,0.06037551909685135,0.0,0.5080594420433044,0.5958002805709839,1.0989100441336632,1.0,1.4029862582683563,0.06037551909685135,1.0,0.815,0.426,820.7773897647858,1,0,/home/zhangxu/yolov5-7.0/ga_cache/work_2b9e2321eedfbac2
13,6,657,run4_p1798000_e657,0.5080594420433044,0.5958002805709839,0.09963668137788773,0.033474136143922806,0.20149312913417816,0.06037551909685135,0.0,0.5080594420433044,0.5958002805709839,1.0989100441336632,1.0669482722878456,1.4029862582683563,0.06037551909685135,1.0,0.815,0.426,0.00042629241943359375,1,1,/home/zhangxu/yolov5-7.0/ga_cache/work_bf5cb13d827aede5
13,7,658,run4_p1798000_e658,0.5080594420433044,0.5958002805709839,0.09963668137788773,0.0,0.20149312913417816,0.06037551909685135,0.0,0.5080594420433044,0.5958002805709839,1.0989100441336632,1.0,1.4029862582683563,0.06037551909685135,1.0,0.815,0.426,821.1442341804504,1,1,/home/zhangxu/yolov5-7.0/ga_cache/work_2b9e2321eedfbac2
13,8,659,run4_p1798000_e659,0.5080594420433044,0.5958002805709839,0.09963668137788773,0.033474136143922806,0.20149312913417816,0.06037551909685135,0.0,0.5080594420433044,0.5958002805709839,1.0989100441336632,1.0669482722878456,1.4029862582683563,0.06037551909685135,1.0,0.815,0.426,0.0003204345703125,1,1,/home/zhangxu/yolov5-7.0/ga_cache/work_bf5cb13d827aede5
13,9,660,run4_p1798000_e660,0.5080594420433044,0.5958002805709839,0.09963668137788773,0.033474136143922806,0.20149312913417816,0.06037551909685135,0.0,0.5080594420433044,0.5958002805709839,1.0989100441336632,1.0669482722878456,1.4029862582683563,0.06037551909685135,1.0,0.815,0.426,0.00033783912658691406,1,1,/home/zhangxu/yolov5-7.0/ga_cache/work_bf5cb13d827aede5
13,10,661,run4_p1798000_e661,0.5080594420433044,0.5958002805709839,0.09963668137788773,0.0,0.20149312913417816,0.06037551909685135,0.0,0.5080594420433044,0.5958002805709839,1.0989100441336632,1.0,1.4029862582683563,0.06037551909685135,1.0,0.815,0.426,821.1383438110352,1,1,/home/zhangxu/yolov5-7.0/ga_cache/work_2b9e2321eedfbac2
13,11,662,run4_p1798000_e662,0.5080594420433044,0.5958002805709839,0.09963668137788773,0.033474136143922806,0.20149312913417816,0.06037551909685135,0.0,0.5080594420433044,0.5958002805709839,1.0989100441336632,1.0669482722878456,1.4029862582683563,0.06037551909685135,1.0,0.815,0.426,0.00028896331787109375,1,1,/home/zhangxu/yolov5-7.0/ga_cache/work_bf5cb13d827aede5
13,12,663,run4_p1798000_e663,0.5080594420433044,0.5958002805709839,0.09963668137788773,0.033474136143922806,0.20149312913417816,0.06037551909685135,0.0,0.5080594420433044,0.5958002805709839,1.0989100441336632,1.0669482722878456,1.4029862582683563,0.06037551909685135,1.0,0.815,0.426,0.00011229515075683594,1,1,/home/zhangxu/yolov5-7.0/ga_cache/work_bf5cb13d827aede5
13,13,664,run4_p1798000_e664,0.5871960520744324,0.5958002805709839,0.09963668137788773,0.033474136143922806,0.20149312913417816,0.048539333045482635,0.0,0.5871960520744324,0.5958002805709839,1.0989100441336632,1.0669482722878456,1.4029862582683563,0.048539333045482635,1.0,0.815,0.427,807.1350603103638,1,1,/home/zhangxu/yolov5-7.0/ga_cache/work_9fb5f2e169606851
13,14,665,run4_p1798000_e665,0.5871960520744324,0.5958002805709839,0.09963668137788773,0.033474136143922806,0.20149312913417816,0.048539333045482635,0.0,0.5871960520744324,0.5958002805709839,1.0989100441336632,1.0669482722878456,1.4029862582683563,0.048539333045482635,1.0,0.815,0.427,807.1376187801361,1,1,/home/zhangxu/yolov5-7.0/ga_cache/work_9fb5f2e169606851
13,15,666,run4_p1798000_e666,0.5080594420433044,0.5820600986480713,0.13880199193954468,0.033474136143922806,0.20149312913417816,0.06037551909685135,0.0,0.5080594420433044,0.5820600986480713,1.216405975818634,1.0669482722878456,1.4029862582683563,0.06037551909685135,1.0,0.813,0.427,622.8974981307983,1,0,/home/zhangxu/yolov5-7.0/ga_cache/work_5635bdc6656487b1
13,16,667,run4_p1798000_e667,0.5871960520744324,0.5958002805709839,0.09963668137788773,0.033474136143922806,0.20149312913417816,0.048539333045482635,0.0,0.5871960520744324,0.5958002805709839,1.0989100441336632,1.0669482722878456,1.4029862582683563,0.048539333045482635,1.0,0.815,0.427,807.1368715763092,1,1,/home/zhangxu/yolov5-7.0/ga_cache/work_9fb5f2e169606851
13,17,668,run4_p1798000_e668,0.5080594420433044,0.5958002805709839,0.09963668137788773,0.033474136143922806,0.20149312913417816,0.06037551909685135,0.0,0.5080594420433044,0.5958002805709839,1.0989100441336632,1.0669482722878456,1.4029862582683563,0.06037551909685135,1.0,0.815,0.426,0.00020766258239746094,1,1,/home/zhangxu/yolov5-7.0/ga_cache/work_bf5cb13d827aede5
13,18,669,run4_p1798000_e669,0.5871960520744324,0.5958002805709839,0.09963668137788773,0.033474136143922806,0.20149312913417816,0.048539333045482635,0.0,0.5871960520744324,0.5958002805709839,1.0989100441336632,1.0669482722878456,1.4029862582683563,0.048539333045482635,1.0,0.815,0.427,807.1361737251282,1,1,/home/zhangxu/yolov5-7.0/ga_cache/work_9fb5f2e169606851
13,19,670,run4_p1798000_e670,0.5871960520744324,0.5958002805709839,0.09963668137788773,0.19726336002349854,0.20149312913417816,0.048539333045482635,0.0,0.5871960520744324,0.5958002805709839,1.0989100441336632,1.394526720046997,1.4029862582683563,0.048539333045482635,1.0,0.812,0.425,807.6762084960938,1,0,/home/zhangxu/yolov5-7.0/ga_cache/work_028e3437e84f9055
13,20,671,run4_p1798000_e671,0.6088406443595886,0.5958002805709839,0.09963668137788773,0.033474136143922806,0.11660952866077423,0.06037551909685135,0.0,0.6088406443595886,0.5958002805709839,1.0989100441336632,1.0669482722878456,1.2332190573215485,0.06037551909685135,1.0,0.812,0.425,800.0087115764618,1,0,/home/zhangxu/yolov5-7.0/ga_cache/work_b254f0515b84629a
13,21,672,run4_p1798000_e672,0.5080594420433044,0.5958002805709839,0.09963668137788773,0.033474136143922806,0.20149312913417816,0.06037551909685135,0.0,0.5080594420433044,0.5958002805709839,1.0989100441336632,1.0669482722878456,1.4029862582683563,0.06037551909685135,1.0,0.815,0.426,0.00024175643920898438,1,1,/home/zhangxu/yolov5-7.0/ga_cache/work_bf5cb13d827aede5
13,22,673,run4_p1798000_e673,0.5080594420433044,0.5958002805709839,0.09963668137788773,0.033474136143922806,0.20149312913417816,0.06037551909685135,0.0,0.5080594420433044,0.5958002805709839,1.0989100441336632,1.0669482722878456,1.4029862582683563,0.06037551909685135,1.0,0.815,0.426,9.965896606445312e-05,1,1,/home/zhangxu/yolov5-7.0/ga_cache/work_bf5cb13d827aede5
13,23,674,run4_p1798000_e674,0.5080594420433044,0.5958002805709839,0.09963668137788773,0.033474136143922806,0.20149312913417816,0.06037551909685135,0.0,0.5080594420433044,0.5958002805709839,1.0989100441336632,1.0669482722878456,1.4029862582683563,0.06037551909685135,1.0,0.815,0.426,8.749961853027344e-05,1,1,/home/zhangxu/yolov5-7.0/ga_cache/work_bf5cb13d827aede5
13,24,675,run4_p1798000_e675,0.5080594420433044,0.5958002805709839,0.09963668137788773,0.033474136143922806,0.20149312913417816,0.06037551909685135,0.0,0.5080594420433044,0.5958002805709839,1.0989100441336632,1.0669482722878456,1.4029862582683563,0.06037551909685135,1.0,0.815,0.426,8.130073547363281e-05,1,1,/home/zhangxu/yolov5-7.0/ga_cache/work_bf5cb13d827aede5
13,25,676,run4_p1798000_e676,0.5080594420433044,0.5958002805709839,0.09963668137788773,0.033474136143922806,0.20149312913417816,0.06037551909685135,0.0,0.5080594420433044,0.5958002805709839,1.0989100441336632,1.0669482722878456,1.4029862582683563,0.06037551909685135,1.0,0.815,0.426,8.535385131835938e-05,1,1,/home/zhangxu/yolov5-7.0/ga_cache/work_bf5cb13d827aede5
13,26,677,run4_p1798000_e677,0.5080594420433044,0.5958002805709839,0.09963668137788773,0.033474136143922806,0.20149312913417816,0.06037551909685135,0.0,0.5080594420433044,0.5958002805709839,1.0989100441336632,1.0669482722878456,1.4029862582683563,0.06037551909685135,1.0,0.815,0.426,7.915496826171875e-05,1,1,/home/zhangxu/yolov5-7.0/ga_cache/work_bf5cb13d827aede5
13,27,678,run4_p1798000_e678,0.5080594420433044,0.5958002805709839,0.09963668137788773,0.033474136143922806,0.20149312913417816,0.06037551909685135,0.0,0.5080594420433044,0.5958002805709839,1.0989100441336632,1.0669482722878456,1.4029862582683563,0.06037551909685135,1.0,0.815,0.426,7.843971252441406e-05,1,1,/home/zhangxu/yolov5-7.0/ga_cache/work_bf5cb13d827aede5
13,28,679,run4_p1798000_e679,0.6088406443595886,0.5958002805709839,0.09963668137788773,0.19726336002349854,0.11660952866077423,0.06037551909685135,0.0,0.6088406443595886,0.5958002805709839,1.0989100441336632,1.394526720046997,1.2332190573215485,0.06037551909685135,1.0,0.815,0.426,621.862931728363,1,0,/home/zhangxu/yolov5-7.0/ga_cache/work_b86ba4ebaaca4d56
13,29,680,run4_p1798000_e680,0.5080594420433044,0.5958002805709839,0.09963668137788773,0.033474136143922806,0.20149312913417816,0.06037551909685135,0.0,0.5080594420433044,0.5958002805709839,1.0989100441336632,1.0669482722878456,1.4029862582683563,0.06037551909685135,1.0,0.815,0.426,0.0002269744873046875,1,1,/home/zhangxu/yolov5-7.0/ga_cache/work_bf5cb13d827aede5
13,30,681,run4_p1798000_e681,0.5080594420433044,0.5958002805709839,0.09963668137788773,0.033474136143922806,0.20149312913417816,0.06037551909685135,0.0,0.5080594420433044,0.5958002805709839,1.0989100441336632,1.0669482722878456,1.4029862582683563,0.06037551909685135,1.0,0.815,0.426,0.00010132789611816406,1,1,/home/zhangxu/yolov5-7.0/ga_cache/work_bf5cb13d827aede5
13,31,682,run4_p1798000_e682,0.5080594420433044,0.5958002805709839,0.09963668137788773,0.033474136143922806,0.20149312913417816,0.06037551909685135,0.0,0.5080594420433044,0.5958002805709839,1.0989100441336632,1.0669482722878456,1.4029862582683563,0.06037551909685135,1.0,0.815,0.426,9.608268737792969e-05,1,1,/home/zhangxu/yolov5-7.0/ga_cache/work_bf5cb13d827aede5
13,32,683,run4_p1798000_e683,0.5080594420433044,0.5958002805709839,0.09963668137788773,0.033474136143922806,0.20149312913417816,0.06037551909685135,0.0,0.5080594420433044,0.5958002805709839,1.0989100441336632,1.0669482722878456,1.4029862582683563,0.06037551909685135,1.0,0.815,0.426,8.344650268554688e-05,1,1,/home/zhangxu/yolov5-7.0/ga_cache/work_bf5cb13d827aede5
13,33,684,run4_p1798000_e684,0.5871960520744324,0.5820600986480713,0.09963668137788773,0.19726336002349854,0.20149312913417816,0.06037551909685135,0.0,0.5871960520744324,0.5820600986480713,1.0989100441336632,1.394526720046997,1.4029862582683563,0.06037551909685135,1.0,0.809,0.425,671.5655391216278,1,0,/home/zhangxu/yolov5-7.0/ga_cache/work_e3f2f5fb2e0149b8
13,34,685,run4_p1798000_e685,0.5080594420433044,0.5958002805709839,0.09963668137788773,0.033474136143922806,0.20149312913417816,0.048539333045482635,0.0,0.5080594420433044,0.5958002805709839,1.0989100441336632,1.0669482722878456,1.4029862582683563,0.048539333045482635,1.0,0.814,0.425,671.4113919734955,1,0,/home/zhangxu/yolov5-7.0/ga_cache/work_e7ec14953db7735e
13,35,686,run4_p1798000_e686,0.5080594420433044,0.5958002805709839,0.09963668137788773,0.0,0.20149312913417816,0.06037551909685135,0.0,0.5080594420433044,0.5958002805709839,1.0989100441336632,1.0,1.4029862582683563,0.06037551909685135,1.0,0.815,0.426,14.002494096755981,1,1,/home/zhangxu/yolov5-7.0/ga_cache/work_2b9e2321eedfbac2
13,36,687,run4_p1798000_e687,0.5080594420433044,0.5958002805709839,0.09963668137788773,0.0,0.20149312913417816,0.06037551909685135,0.0,0.5080594420433044,0.5958002805709839,1.0989100441336632,1.0,1.4029862582683563,0.06037551909685135,1.0,0.815,0.426,14.001879692077637,1,1,/home/zhangxu/yolov5-7.0/ga_cache/work_2b9e2321eedfbac2
13,37,688,run4_p1798000_e688,0.5080594420433044,0.5958002805709839,0.09963668137788773,0.0,0.20149312913417816,0.06037551909685135,0.0,0.5080594420433044,0.5958002805709839,1.0989100441336632,1.0,1.4029862582683563,0.06037551909685135,1.0,0.815,0.426,14.005446910858154,1,1,/home/zhangxu/yolov5-7.0/ga_cache/work_2b9e2321eedfbac2
13,38,689,run4_p1798000_e689,0.5871960520744324,0.5958002805709839,0.09963668137788773,0.033474136143922806,0.20149312913417816,0.048539333045482635,0.0,0.5871960520744324,0.5958002805709839,1.0989100441336632,1.0669482722878456,1.4029862582683563,0.048539333045482635,1.0,0.815,0.427,0.00015020370483398438,1,1,/home/zhangxu/yolov5-7.0/ga_cache/work_9fb5f2e169606851
13,39,690,run4_p1798000_e690,0.5080594420433044,0.5958002805709839,0.09963668137788773,0.033474136143922806,0.20149312913417816,0.06037551909685135,0.0,0.5080594420433044,0.5958002805709839,1.0989100441336632,1.0669482722878456,1.4029862582683563,0.06037551909685135,1.0,0.815,0.426,0.00010609626770019531,1,1,/home/zhangxu/yolov5-7.0/ga_cache/work_bf5cb13d827aede5
13,40,691,run4_p1798000_e691,0.5080594420433044,0.5958002805709839,0.09963668137788773,0.033474136143922806,0.20149312913417816,0.06037551909685135,0.0,0.5080594420433044,0.5958002805709839,1.0989100441336632,1.0669482722878456,1.4029862582683563,0.06037551909685135,1.0,0.815,0.426,8.535385131835938e-05,1,1,/home/zhangxu/yolov5-7.0/ga_cache/work_bf5cb13d827aede5
13,41,692,run4_p1798000_e692,0.5080594420433044,0.5958002805709839,0.09963668137788773,0.033474136143922806,0.20149312913417816,0.06037551909685135,0.0,0.5080594420433044,0.5958002805709839,1.0989100441336632,1.0669482722878456,1.4029862582683563,0.06037551909685135,1.0,0.815,0.426,7.963180541992188e-05,1,1,/home/zhangxu/yolov5-7.0/ga_cache/work_bf5cb13d827aede5
13,42,693,run4_p1798000_e693,0.5080594420433044,0.5820600986480713,0.09963668137788773,0.19726336002349854,0.20149312913417816,0.06037551909685135,0.0,0.5080594420433044,0.5820600986480713,1.0989100441336632,1.394526720046997,1.4029862582683563,0.06037551909685135,1.0,0.815,0.426,686.2537314891815,1,0,/home/zhangxu/yolov5-7.0/ga_cache/work_63774d3b4d632d5b
13,43,694,run4_p1798000_e694,0.5080594420433044,0.5958002805709839,0.09963668137788773,0.033474136143922806,0.20149312913417816,0.06037551909685135,0.0,0.5080594420433044,0.5958002805709839,1.0989100441336632,1.0669482722878456,1.4029862582683563,0.06037551909685135,1.0,0.815,0.426,0.0003123283386230469,1,1,/home/zhangxu/yolov5-7.0/ga_cache/work_bf5cb13d827aede5
13,44,695,run4_p1798000_e695,0.5871960520744324,0.5958002805709839,0.09963668137788773,0.033474136143922806,0.20149312913417816,0.048539333045482635,0.0,0.5871960520744324,0.5958002805709839,1.0989100441336632,1.0669482722878456,1.4029862582683563,0.048539333045482635,1.0,0.815,0.427,0.0001277923583984375,1,1,/home/zhangxu/yolov5-7.0/ga_cache/work_9fb5f2e169606851
13,45,696,run4_p1798000_e696,0.5080594420433044,0.5958002805709839,0.09963668137788773,0.033474136143922806,0.20149312913417816,0.06037551909685135,0.0,0.5080594420433044,0.5958002805709839,1.0989100441336632,1.0669482722878456,1.4029862582683563,0.06037551909685135,1.0,0.815,0.426,0.00011515617370605469,1,1,/home/zhangxu/yolov5-7.0/ga_cache/work_bf5cb13d827aede5
13,46,697,run4_p1798000_e697,0.5080594420433044,0.5958002805709839,0.09963668137788773,0.033474136143922806,0.20149312913417816,0.06037551909685135,0.0,0.5080594420433044,0.5958002805709839,1.0989100441336632,1.0669482722878456,1.4029862582683563,0.06037551909685135,1.0,0.815,0.426,0.00011992454528808594,1,1,/home/zhangxu/yolov5-7.0/ga_cache/work_bf5cb13d827aede5
13,47,698,run4_p1798000_e698,0.5080594420433044,0.5958002805709839,0.09963668137788773,0.033474136143922806,0.20149312913417816,0.06037551909685135,0.0,0.5080594420433044,0.5958002805709839,1.0989100441336632,1.0669482722878456,1.4029862582683563,0.06037551909685135,1.0,0.815,0.426,0.00010275840759277344,1,1,/home/zhangxu/yolov5-7.0/ga_cache/work_bf5cb13d827aede5
13,48,699,run4_p1798000_e699,0.5080594420433044,0.5820600986480713,0.09963668137788773,0.19726336002349854,0.20149312913417816,0.06037551909685135,0.0,0.5080594420433044,0.5820600986480713,1.0989100441336632,1.394526720046997,1.4029862582683563,0.06037551909685135,1.0,0.815,0.426,686.1043562889099,1,1,/home/zhangxu/yolov5-7.0/ga_cache/work_63774d3b4d632d5b
13,49,700,run4_p1798000_e700,0.5080594420433044,0.5958002805709839,0.09963668137788773,0.033474136143922806,0.20149312913417816,0.06037551909685135,0.0,0.5080594420433044,0.5958002805709839,1.0989100441336632,1.0669482722878456,1.4029862582683563,0.06037551909685135,1.0,0.815,0.426,0.0003173351287841797,1,1,/home/zhangxu/yolov5-7.0/ga_cache/work_bf5cb13d827aede5
14,0,701,run4_p1798000_e701,0.5871960520744324,0.5958002805709839,0.09963668137788773,0.033474136143922806,0.20149312913417816,0.048539333045482635,0.0,0.5871960520744324,0.5958002805709839,1.0989100441336632,1.0669482722878456,1.4029862582683563,0.048539333045482635,1.0,0.815,0.427,0.00030303001403808594,1,1,/home/zhangxu/yolov5-7.0/ga_cache/work_9fb5f2e169606851
14,1,702,run4_p1798000_e702,0.5080594420433044,0.5958002805709839,0.09963668137788773,0.033474136143922806,0.20149312913417816,0.06037551909685135,0.0,0.5080594420433044,0.5958002805709839,1.0989100441336632,1.0669482722878456,1.4029862582683563,0.06037551909685135,1.0,0.815,0.426,0.00030803680419921875,1,1,/home/zhangxu/yolov5-7.0/ga_cache/work_bf5cb13d827aede5
14,2,703,run4_p1798000_e703,0.5080594420433044,0.5958002805709839,0.09963668137788773,0.033474136143922806,0.20149312913417816,0.06037551909685135,0.0,0.5080594420433044,0.5958002805709839,1.0989100441336632,1.0669482722878456,1.4029862582683563,0.06037551909685135,1.0,0.815,0.426,0.0003108978271484375,1,1,/home/zhangxu/yolov5-7.0/ga_cache/work_bf5cb13d827aede5
14,3,704,run4_p1798000_e704,0.5080594420433044,0.5958002805709839,0.09963668137788773,0.033474136143922806,0.20149312913417816,0.06037551909685135,0.0,0.5080594420433044,0.5958002805709839,1.0989100441336632,1.0669482722878456,1.4029862582683563,0.06037551909685135,1.0,0.815,0.426,0.00025010108947753906,1,1,/home/zhangxu/yolov5-7.0/ga_cache/work_bf5cb13d827aede5
14,4,705,run4_p1798000_e705,0.5080594420433044,0.5958002805709839,0.09963668137788773,0.033474136143922806,0.20149312913417816,0.06037551909685135,0.0,0.5080594420433044,0.5958002805709839,1.0989100441336632,1.0669482722878456,1.4029862582683563,0.06037551909685135,1.0,0.815,0.426,0.00022482872009277344,1,1,/home/zhangxu/yolov5-7.0/ga_cache/work_bf5cb13d827aede5
14,5,706,run4_p1798000_e706,0.5080594420433044,0.5958002805709839,0.09963668137788773,0.033474136143922806,0.20149312913417816,0.048539333045482635,0.0,0.5080594420433044,0.5958002805709839,1.0989100441336632,1.0669482722878456,1.4029862582683563,0.048539333045482635,1.0,0.814,0.425,877.4344553947449,1,0,/home/zhangxu/yolov5-7.0/ga_cache/work_e7ec14953db7735e
14,6,707,run4_p1798000_e707,0.5871960520744324,0.5958002805709839,0.09963668137788773,0.033474136143922806,0.20149312913417816,0.06037551909685135,0.0,0.5871960520744324,0.5958002805709839,1.0989100441336632,1.0669482722878456,1.4029862582683563,0.06037551909685135,1.0,0.812,0.424,651.9505832195282,1,0,/home/zhangxu/yolov5-7.0/ga_cache/work_d2777683d13d0423
14,7,708,run4_p1798000_e708,0.5871960520744324,0.5958002805709839,0.09963668137788773,0.033474136143922806,0.20149312913417816,0.048539333045482635,0.0,0.5871960520744324,0.5958002805709839,1.0989100441336632,1.0669482722878456,1.4029862582683563,0.048539333045482635,1.0,0.815,0.427,0.0002505779266357422,1,1,/home/zhangxu/yolov5-7.0/ga_cache/work_9fb5f2e169606851
14,8,709,run4_p1798000_e709,0.5080594420433044,0.5958002805709839,0.09963668137788773,0.033474136143922806,0.20149312913417816,0.06037551909685135,0.0,0.5080594420433044,0.5958002805709839,1.0989100441336632,1.0669482722878456,1.4029862582683563,0.06037551909685135,1.0,0.815,0.426,0.00024509429931640625,1,1,/home/zhangxu/yolov5-7.0/ga_cache/work_bf5cb13d827aede5
14,9,710,run4_p1798000_e710,0.5080594420433044,0.5958002805709839,0.09963668137788773,0.033474136143922806,0.20149312913417816,0.06037551909685135,0.0,0.5080594420433044,0.5958002805709839,1.0989100441336632,1.0669482722878456,1.4029862582683563,0.06037551909685135,1.0,0.815,0.426,0.0002944469451904297,1,1,/home/zhangxu/yolov5-7.0/ga_cache/work_bf5cb13d827aede5
14,10,711,run4_p1798000_e711,0.5080594420433044,0.5958002805709839,0.09963668137788773,0.033474136143922806,0.20149312913417816,0.06037551909685135,0.0,0.5080594420433044,0.5958002805709839,1.0989100441336632,1.0669482722878456,1.4029862582683563,0.06037551909685135,1.0,0.815,0.426,0.00012302398681640625,1,1,/home/zhangxu/yolov5-7.0/ga_cache/work_bf5cb13d827aede5
14,11,712,run4_p1798000_e712,0.5871960520744324,0.5958002805709839,0.09963668137788773,0.033474136143922806,0.20149312913417816,0.048539333045482635,0.0,0.5871960520744324,0.5958002805709839,1.0989100441336632,1.0669482722878456,1.4029862582683563,0.048539333045482635,1.0,0.815,0.427,0.00028634071350097656,1,1,/home/zhangxu/yolov5-7.0/ga_cache/work_9fb5f2e169606851
14,12,713,run4_p1798000_e713,0.5871960520744324,0.5958002805709839,0.09963668137788773,0.033474136143922806,0.20149312913417816,0.048539333045482635,0.0,0.5871960520744324,0.5958002805709839,1.0989100441336632,1.0669482722878456,1.4029862582683563,0.048539333045482635,1.0,0.815,0.427,0.000209808349609375,1,1,/home/zhangxu/yolov5-7.0/ga_cache/work_9fb5f2e169606851
14,13,714,run4_p1798000_e714,0.5871960520744324,0.5958002805709839,0.09963668137788773,0.0,0.20149312913417816,0.048539333045482635,0.0,0.5871960520744324,0.5958002805709839,1.0989100441336632,1.0,1.4029862582683563,0.048539333045482635,1.0,0.814,0.426,877.0475232601166,1,0,/home/zhangxu/yolov5-7.0/ga_cache/work_c11fc54fde4225d3
14,14,715,run4_p1798000_e715,0.5080594420433044,0.5958002805709839,0.09963668137788773,0.033474136143922806,0.20149312913417816,0.06037551909685135,0.0,0.5080594420433044,0.5958002805709839,1.0989100441336632,1.0669482722878456,1.4029862582683563,0.06037551909685135,1.0,0.815,0.426,0.00015854835510253906,1,1,/home/zhangxu/yolov5-7.0/ga_cache/work_bf5cb13d827aede5
14,15,716,run4_p1798000_e716,0.5871960520744324,0.5958002805709839,0.09963668137788773,0.033474136143922806,0.20149312913417816,0.048539333045482635,0.0,0.5871960520744324,0.5958002805709839,1.0989100441336632,1.0669482722878456,1.4029862582683563,0.048539333045482635,1.0,0.815,0.427,0.00011396408081054688,1,1,/home/zhangxu/yolov5-7.0/ga_cache/work_9fb5f2e169606851
14,16,717,run4_p1798000_e717,0.4773334264755249,0.6686092615127563,0.0,0.0,0.3545249104499817,0.005666647106409073,0.06570025533437729,0.4773334264755249,0.6686092615127563,0.8,1.0,1.7090498208999634,0.005666647106409073,1.098550383001566,0.785,0.401,869.8769044876099,1,0,/home/zhangxu/yolov5-7.0/ga_cache/work_4840230909dde67d
14,17,718,run4_p1798000_e718,0.5080594420433044,0.5958002805709839,0.09963668137788773,0.033474136143922806,0.20149312913417816,0.06037551909685135,0.0,0.5080594420433044,0.5958002805709839,1.0989100441336632,1.0669482722878456,1.4029862582683563,0.06037551909685135,1.0,0.815,0.426,9.1552734375e-05,1,1,/home/zhangxu/yolov5-7.0/ga_cache/work_bf5cb13d827aede5
14,18,719,run4_p1798000_e719,0.5871960520744324,0.5958002805709839,0.09963668137788773,0.0,0.20149312913417816,0.048539333045482635,0.0,0.5871960520744324,0.5958002805709839,1.0989100441336632,1.0,1.4029862582683563,0.048539333045482635,1.0,0.814,0.426,877.1643903255463,1,1,/home/zhangxu/yolov5-7.0/ga_cache/work_c11fc54fde4225d3
14,19,720,run4_p1798000_e720,0.5871960520744324,0.5958002805709839,0.09963668137788773,0.033474136143922806,0.20149312913417816,0.048539333045482635,0.0,0.5871960520744324,0.5958002805709839,1.0989100441336632,1.0669482722878456,1.4029862582683563,0.048539333045482635,1.0,0.815,0.427,0.00010609626770019531,1,1,/home/zhangxu/yolov5-7.0/ga_cache/work_9fb5f2e169606851
14,20,721,run4_p1798000_e721,0.5080594420433044,0.5958002805709839,0.09963668137788773,0.0,0.20149312913417816,0.06037551909685135,0.0,0.5080594420433044,0.5958002805709839,1.0989100441336632,1.0,1.4029862582683563,0.06037551909685135,1.0,0.815,0.426,878.7330324649811,1,0,/home/zhangxu/yolov5-7.0/ga_cache/work_2b9e2321eedfbac2
14,21,722,run4_p1798000_e722,0.5080594420433044,0.5958002805709839,0.09963668137788773,0.0,0.20149312913417816,0.06037551909685135,0.0,0.5080594420433044,0.5958002805709839,1.0989100441336632,1.0,1.4029862582683563,0.06037551909685135,1.0,0.815,0.426,879.163899898529,1,1,/home/zhangxu/yolov5-7.0/ga_cache/work_2b9e2321eedfbac2
14,22,723,run4_p1798000_e723,0.5080594420433044,0.5820600986480713,0.09963668137788773,0.19726336002349854,0.20149312913417816,0.06037551909685135,0.0,0.5080594420433044,0.5820600986480713,1.0989100441336632,1.394526720046997,1.4029862582683563,0.06037551909685135,1.0,0.815,0.426,0.00010752677917480469,1,1,/home/zhangxu/yolov5-7.0/ga_cache/work_63774d3b4d632d5b
14,23,724,run4_p1798000_e724,0.5871960520744324,0.5958002805709839,0.09963668137788773,0.033474136143922806,0.20149312913417816,0.048539333045482635,0.0,0.5871960520744324,0.5958002805709839,1.0989100441336632,1.0669482722878456,1.4029862582683563,0.048539333045482635,1.0,0.815,0.427,0.0001304149627685547,1,1,/home/zhangxu/yolov5-7.0/ga_cache/work_9fb5f2e169606851
14,24,725,run4_p1798000_e725,0.5080594420433044,0.5958002805709839,0.09963668137788773,0.033474136143922806,0.20149312913417816,0.06037551909685135,0.0,0.5080594420433044,0.5958002805709839,1.0989100441336632,1.0669482722878456,1.4029862582683563,0.06037551909685135,1.0,0.815,0.426,0.00016808509826660156,1,1,/home/zhangxu/yolov5-7.0/ga_cache/work_bf5cb13d827aede5
14,25,726,run4_p1798000_e726,0.5080594420433044,0.5958002805709839,0.09963668137788773,0.0,0.20149312913417816,0.06037551909685135,0.0,0.5080594420433044,0.5958002805709839,1.0989100441336632,1.0,1.4029862582683563,0.06037551909685135,1.0,0.815,0.426,879.1687173843384,1,1,/home/zhangxu/yolov5-7.0/ga_cache/work_2b9e2321eedfbac2
14,26,727,run4_p1798000_e727,0.5871960520744324,0.5958002805709839,0.09963668137788773,0.033474136143922806,0.20149312913417816,0.048539333045482635,0.0,0.5871960520744324,0.5958002805709839,1.0989100441336632,1.0669482722878456,1.4029862582683563,0.048539333045482635,1.0,0.815,0.427,9.036064147949219e-05,1,1,/home/zhangxu/yolov5-7.0/ga_cache/work_9fb5f2e169606851
14,27,728,run4_p1798000_e728,0.5080594420433044,0.5958002805709839,0.09963668137788773,0.033474136143922806,0.20149312913417816,0.06037551909685135,0.0,0.5080594420433044,0.5958002805709839,1.0989100441336632,1.0669482722878456,1.4029862582683563,0.06037551909685135,1.0,0.815,0.426,9.822845458984375e-05,1,1,/home/zhangxu/yolov5-7.0/ga_cache/work_bf5cb13d827aede5
14,28,729,run4_p1798000_e729,0.5871960520744324,0.5958002805709839,0.09963668137788773,0.033474136143922806,0.20149312913417816,0.048539333045482635,0.0,0.5871960520744324,0.5958002805709839,1.0989100441336632,1.0669482722878456,1.4029862582683563,0.048539333045482635,1.0,0.815,0.427,0.00010991096496582031,1,1,/home/zhangxu/yolov5-7.0/ga_cache/work_9fb5f2e169606851
14,29,730,run4_p1798000_e730,0.5080594420433044,0.5958002805709839,0.09963668137788773,0.033474136143922806,0.20149312913417816,0.06037551909685135,0.0,0.5080594420433044,0.5958002805709839,1.0989100441336632,1.0669482722878456,1.4029862582683563,0.06037551909685135,1.0,0.815,0.426,8.511543273925781e-05,1,1,/home/zhangxu/yolov5-7.0/ga_cache/work_bf5cb13d827aede5
14,30,731,run4_p1798000_e731,0.5871960520744324,0.5958002805709839,0.09963668137788773,0.033474136143922806,0.20149312913417816,0.048539333045482635,0.0,0.5871960520744324,0.5958002805709839,1.0989100441336632,1.0669482722878456,1.4029862582683563,0.048539333045482635,1.0,0.815,0.427,9.655952453613281e-05,1,1,/home/zhangxu/yolov5-7.0/ga_cache/work_9fb5f2e169606851
14,31,732,run4_p1798000_e732,0.5871960520744324,0.5958002805709839,0.09963668137788773,0.033474136143922806,0.20149312913417816,0.06037551909685135,0.0,0.5871960520744324,0.5958002805709839,1.0989100441336632,1.0669482722878456,1.4029862582683563,0.06037551909685135,1.0,0.812,0.424,652.1248874664307,1,1,/home/zhangxu/yolov5-7.0/ga_cache/work_d2777683d13d0423
14,32,733,run4_p1798000_e733,0.5080594420433044,0.5958002805709839,0.09963668137788773,0.0,0.20149312913417816,0.048539333045482635,0.0,0.5080594420433044,0.5958002805709839,1.0989100441336632,1.0,1.4029862582683563,0.048539333045482635,1.0,0.813,0.426,867.885381937027,1,0,/home/zhangxu/yolov5-7.0/ga_cache/work_5314c526f0d9dd0e
14,33,734,run4_p1798000_e734,0.5080594420433044,0.5958002805709839,0.09963668137788773,0.033474136143922806,0.20149312913417816,0.06037551909685135,0.0,0.5080594420433044,0.5958002805709839,1.0989100441336632,1.0669482722878456,1.4029862582683563,0.06037551909685135,1.0,0.815,0.426,8.845329284667969e-05,1,1,/home/zhangxu/yolov5-7.0/ga_cache/work_bf5cb13d827aede5
14,34,735,run4_p1798000_e735,0.5080594420433044,0.5958002805709839,0.09963668137788773,0.033474136143922806,0.20149312913417816,0.06037551909685135,0.0,0.5080594420433044,0.5958002805709839,1.0989100441336632,1.0669482722878456,1.4029862582683563,0.06037551909685135,1.0,0.815,0.426,8.678436279296875e-05,1,1,/home/zhangxu/yolov5-7.0/ga_cache/work_bf5cb13d827aede5
14,35,736,run4_p1798000_e736,0.46967655420303345,0.7528916597366333,0.15574468672275543,0.3697446584701538,0.5647045969963074,0.4293195605278015,0.09330126643180847,0.46967655420303345,0.7528916597366333,1.2672340601682663,1.7394893169403076,2.1294091939926147,0.4293195605278015,1.1399518996477127,0.702,0.351,853.7896230220795,1,0,/home/zhangxu/yolov5-7.0/ga_cache/work_e97244a9d7b0d474
14,36,737,run4_p1798000_e737,0.5871960520744324,0.5958002805709839,0.09963668137788773,0.033474136143922806,0.20149312913417816,0.048539333045482635,0.0,0.5871960520744324,0.5958002805709839,1.0989100441336632,1.0669482722878456,1.4029862582683563,0.048539333045482635,1.0,0.815,0.427,8.106231689453125e-05,1,1,/home/zhangxu/yolov5-7.0/ga_cache/work_9fb5f2e169606851
14,37,738,run4_p1798000_e738,0.5080594420433044,0.5958002805709839,0.09963668137788773,0.033474136143922806,0.20149312913417816,0.048539333045482635,0.0,0.5080594420433044,0.5958002805709839,1.0989100441336632,1.0669482722878456,1.4029862582683563,0.048539333045482635,1.0,0.814,0.425,878.1653933525085,1,1,/home/zhangxu/yolov5-7.0/ga_cache/work_e7ec14953db7735e
14,38,739,run4_p1798000_e739,0.5871960520744324,0.5958002805709839,0.09963668137788773,0.033474136143922806,0.20149312913417816,0.06037551909685135,0.0,0.5871960520744324,0.5958002805709839,1.0989100441336632,1.0669482722878456,1.4029862582683563,0.06037551909685135,1.0,0.812,0.424,0.0002720355987548828,1,1,/home/zhangxu/yolov5-7.0/ga_cache/work_d2777683d13d0423
14,39,740,run4_p1798000_e740,0.5080594420433044,0.5958002805709839,0.09963668137788773,0.033474136143922806,0.20149312913417816,0.048539333045482635,0.0,0.5080594420433044,0.5958002805709839,1.0989100441336632,1.0669482722878456,1.4029862582683563,0.048539333045482635,1.0,0.814,0.425,226.04209780693054,1,1,/home/zhangxu/yolov5-7.0/ga_cache/work_e7ec14953db7735e
14,40,741,run4_p1798000_e741,0.5871960520744324,0.5958002805709839,0.09963668137788773,0.033474136143922806,0.20149312913417816,0.06037551909685135,0.0,0.5871960520744324,0.5958002805709839,1.0989100441336632,1.0669482722878456,1.4029862582683563,0.06037551909685135,1.0,0.812,0.424,0.00017023086547851562,1,1,/home/zhangxu/yolov5-7.0/ga_cache/work_d2777683d13d0423
14,41,742,run4_p1798000_e742,0.5080594420433044,0.5958002805709839,0.09963668137788773,0.033474136143922806,0.20149312913417816,0.06037551909685135,0.0,0.5080594420433044,0.5958002805709839,1.0989100441336632,1.0669482722878456,1.4029862582683563,0.06037551909685135,1.0,0.815,0.426,9.679794311523438e-05,1,1,/home/zhangxu/yolov5-7.0/ga_cache/work_bf5cb13d827aede5
14,42,743,run4_p1798000_e743,0.5080594420433044,0.5958002805709839,0.09963668137788773,0.033474136143922806,0.20149312913417816,0.06037551909685135,0.0,0.5080594420433044,0.5958002805709839,1.0989100441336632,1.0669482722878456,1.4029862582683563,0.06037551909685135,1.0,0.815,0.426,8.893013000488281e-05,1,1,/home/zhangxu/yolov5-7.0/ga_cache/work_bf5cb13d827aede5
14,43,744,run4_p1798000_e744,0.5080594420433044,0.5958002805709839,0.09963668137788773,0.033474136143922806,0.20149312913417816,0.06037551909685135,0.0,0.5080594420433044,0.5958002805709839,1.0989100441336632,1.0669482722878456,1.4029862582683563,0.06037551909685135,1.0,0.815,0.426,7.82012939453125e-05,1,1,/home/zhangxu/yolov5-7.0/ga_cache/work_bf5cb13d827aede5
14,44,745,run4_p1798000_e745,0.5080594420433044,0.5958002805709839,0.09963668137788773,0.033474136143922806,0.20149312913417816,0.06037551909685135,0.0,0.5080594420433044,0.5958002805709839,1.0989100441336632,1.0669482722878456,1.4029862582683563,0.06037551909685135,1.0,0.815,0.426,8.177757263183594e-05,1,1,/home/zhangxu/yolov5-7.0/ga_cache/work_bf5cb13d827aede5
14,45,746,run4_p1798000_e746,0.5080594420433044,0.5958002805709839,0.09963668137788773,0.033474136143922806,0.20149312913417816,0.06037551909685135,0.0,0.5080594420433044,0.5958002805709839,1.0989100441336632,1.0669482722878456,1.4029862582683563,0.06037551909685135,1.0,0.815,0.426,7.987022399902344e-05,1,1,/home/zhangxu/yolov5-7.0/ga_cache/work_bf5cb13d827aede5
14,46,747,run4_p1798000_e747,0.5080594420433044,0.5958002805709839,0.09963668137788773,0.033474136143922806,0.20149312913417816,0.06037551909685135,0.0,0.5080594420433044,0.5958002805709839,1.0989100441336632,1.0669482722878456,1.4029862582683563,0.06037551909685135,1.0,0.815,0.426,7.724761962890625e-05,1,1,/home/zhangxu/yolov5-7.0/ga_cache/work_bf5cb13d827aede5
14,47,748,run4_p1798000_e748,0.5871960520744324,0.5958002805709839,0.09963668137788773,0.033474136143922806,0.20149312913417816,0.048539333045482635,0.0,0.5871960520744324,0.5958002805709839,1.0989100441336632,1.0669482722878456,1.4029862582683563,0.048539333045482635,1.0,0.815,0.427,8.249282836914062e-05,1,1,/home/zhangxu/yolov5-7.0/ga_cache/work_9fb5f2e169606851
14,48,749,run4_p1798000_e749,0.5871960520744324,0.5958002805709839,0.09963668137788773,0.033474136143922806,0.20149312913417816,0.048539333045482635,0.0,0.5871960520744324,0.5958002805709839,1.0989100441336632,1.0669482722878456,1.4029862582683563,0.048539333045482635,1.0,0.815,0.427,7.772445678710938e-05,1,1,/home/zhangxu/yolov5-7.0/ga_cache/work_9fb5f2e169606851
14,49,750,run4_p1798000_e750,0.5080594420433044,0.5958002805709839,0.09963668137788773,0.033474136143922806,0.20149312913417816,0.06037551909685135,0.0,0.5080594420433044,0.5958002805709839,1.0989100441336632,1.0669482722878456,1.4029862582683563,0.06037551909685135,1.0,0.815,0.426,8.153915405273438e-05,1,1,/home/zhangxu/yolov5-7.0/ga_cache/work_bf5cb13d827aede5
15,0,751,run4_p1798000_e751,0.5871960520744324,0.5958002805709839,0.09963668137788773,0.033474136143922806,0.20149312913417816,0.048539333045482635,0.0,0.5871960520744324,0.5958002805709839,1.0989100441336632,1.0669482722878456,1.4029862582683563,0.048539333045482635,1.0,0.815,0.427,0.00027441978454589844,1,1,/home/zhangxu/yolov5-7.0/ga_cache/work_9fb5f2e169606851
15,1,752,run4_p1798000_e752,0.5080594420433044,0.5958002805709839,0.09963668137788773,0.033474136143922806,0.20149312913417816,0.06037551909685135,0.0,0.5080594420433044,0.5958002805709839,1.0989100441336632,1.0669482722878456,1.4029862582683563,0.06037551909685135,1.0,0.815,0.426,0.0003266334533691406,1,1,/home/zhangxu/yolov5-7.0/ga_cache/work_bf5cb13d827aede5
15,2,753,run4_p1798000_e753,0.5080594420433044,0.5958002805709839,0.09963668137788773,0.033474136143922806,0.20149312913417816,0.06037551909685135,0.0,0.5080594420433044,0.5958002805709839,1.0989100441336632,1.0669482722878456,1.4029862582683563,0.06037551909685135,1.0,0.815,0.426,0.00025725364685058594,1,1,/home/zhangxu/yolov5-7.0/ga_cache/work_bf5cb13d827aede5
15,3,754,run4_p1798000_e754,0.5871960520744324,0.5958002805709839,0.09963668137788773,0.033474136143922806,0.20149312913417816,0.048539333045482635,0.0,0.5871960520744324,0.5958002805709839,1.0989100441336632,1.0669482722878456,1.4029862582683563,0.048539333045482635,1.0,0.815,0.427,0.0002446174621582031,1,1,/home/zhangxu/yolov5-7.0/ga_cache/work_9fb5f2e169606851
15,4,755,run4_p1798000_e755,0.5080594420433044,0.5958002805709839,0.09963668137788773,0.0,0.20149312913417816,0.06037551909685135,0.0,0.5080594420433044,0.5958002805709839,1.0989100441336632,1.0,1.4029862582683563,0.06037551909685135,1.0,0.815,0.426,682.2180860042572,1,0,/home/zhangxu/yolov5-7.0/ga_cache/work_2b9e2321eedfbac2
15,5,756,run4_p1798000_e756,0.5871960520744324,0.5958002805709839,0.09963668137788773,0.033474136143922806,0.20149312913417816,0.048539333045482635,0.0,0.5871960520744324,0.5958002805709839,1.0989100441336632,1.0669482722878456,1.4029862582683563,0.048539333045482635,1.0,0.815,0.427,0.00023627281188964844,1,1,/home/zhangxu/yolov5-7.0/ga_cache/work_9fb5f2e169606851
15,6,757,run4_p1798000_e757,0.5871960520744324,0.5958002805709839,0.09963668137788773,0.033474136143922806,0.20149312913417816,0.048539333045482635,0.0,0.5871960520744324,0.5958002805709839,1.0989100441336632,1.0669482722878456,1.4029862582683563,0.048539333045482635,1.0,0.815,0.427,0.0002567768096923828,1,1,/home/zhangxu/yolov5-7.0/ga_cache/work_9fb5f2e169606851
15,7,758,run4_p1798000_e758,0.5871960520744324,0.5958002805709839,0.09963668137788773,0.033474136143922806,0.20149312913417816,0.048539333045482635,0.0,0.5871960520744324,0.5958002805709839,1.0989100441336632,1.0669482722878456,1.4029862582683563,0.048539333045482635,1.0,0.815,0.427,0.00022459030151367188,1,1,/home/zhangxu/yolov5-7.0/ga_cache/work_9fb5f2e169606851
15,8,759,run4_p1798000_e759,0.5871960520744324,0.5958002805709839,0.09963668137788773,0.033474136143922806,0.20149312913417816,0.048539333045482635,0.0,0.5871960520744324,0.5958002805709839,1.0989100441336632,1.0669482722878456,1.4029862582683563,0.048539333045482635,1.0,0.815,0.427,0.0002231597900390625,1,1,/home/zhangxu/yolov5-7.0/ga_cache/work_9fb5f2e169606851
15,9,760,run4_p1798000_e760,0.5080594420433044,0.5958002805709839,0.09963668137788773,0.0,0.20149312913417816,0.048539333045482635,0.0,0.5080594420433044,0.5958002805709839,1.0989100441336632,1.0,1.4029862582683563,0.048539333045482635,1.0,0.813,0.426,689.5399115085602,1,0,/home/zhangxu/yolov5-7.0/ga_cache/work_5314c526f0d9dd0e
15,10,761,run4_p1798000_e761,0.5871960520744324,0.5958002805709839,0.09963668137788773,0.033474136143922806,0.20149312913417816,0.06037551909685135,0.0,0.5871960520744324,0.5958002805709839,1.0989100441336632,1.0669482722878456,1.4029862582683563,0.06037551909685135,1.0,0.812,0.424,0.00011467933654785156,1,1,/home/zhangxu/yolov5-7.0/ga_cache/work_d2777683d13d0423
15,11,762,run4_p1798000_e762,0.5080594420433044,0.5958002805709839,0.09963668137788773,0.033474136143922806,0.20149312913417816,0.06037551909685135,0.0,0.5080594420433044,0.5958002805709839,1.0989100441336632,1.0669482722878456,1.4029862582683563,0.06037551909685135,1.0,0.815,0.426,0.0002415180206298828,1,1,/home/zhangxu/yolov5-7.0/ga_cache/work_bf5cb13d827aede5
15,12,763,run4_p1798000_e763,0.5871960520744324,0.5958002805709839,0.09963668137788773,0.033474136143922806,0.20149312913417816,0.048539333045482635,0.0,0.5871960520744324,0.5958002805709839,1.0989100441336632,1.0669482722878456,1.4029862582683563,0.048539333045482635,1.0,0.815,0.427,0.00021529197692871094,1,1,/home/zhangxu/yolov5-7.0/ga_cache/work_9fb5f2e169606851
15,13,764,run4_p1798000_e764,0.5080594420433044,0.5958002805709839,0.09963668137788773,0.033474136143922806,0.20149312913417816,0.06037551909685135,0.0,0.5080594420433044,0.5958002805709839,1.0989100441336632,1.0669482722878456,1.4029862582683563,0.06037551909685135,1.0,0.815,0.426,0.00010609626770019531,1,1,/home/zhangxu/yolov5-7.0/ga_cache/work_bf5cb13d827aede5
15,14,765,run4_p1798000_e765,0.5871960520744324,0.5958002805709839,0.09963668137788773,0.033474136143922806,0.20149312913417816,0.048539333045482635,0.0,0.5871960520744324,0.5958002805709839,1.0989100441336632,1.0669482722878456,1.4029862582683563,0.048539333045482635,1.0,0.815,0.427,0.00010395050048828125,1,1,/home/zhangxu/yolov5-7.0/ga_cache/work_9fb5f2e169606851
15,15,766,run4_p1798000_e766,0.5871960520744324,0.5958002805709839,0.09963668137788773,0.033474136143922806,0.20149312913417816,0.06037551909685135,0.0,0.5871960520744324,0.5958002805709839,1.0989100441336632,1.0669482722878456,1.4029862582683563,0.06037551909685135,1.0,0.812,0.424,0.0001087188720703125,1,1,/home/zhangxu/yolov5-7.0/ga_cache/work_d2777683d13d0423
15,16,767,run4_p1798000_e767,0.5080594420433044,0.5958002805709839,0.09963668137788773,0.033474136143922806,0.20149312913417816,0.048539333045482635,0.0,0.5080594420433044,0.5958002805709839,1.0989100441336632,1.0669482722878456,1.4029862582683563,0.048539333045482635,1.0,0.814,0.425,0.00011467933654785156,1,1,/home/zhangxu/yolov5-7.0/ga_cache/work_e7ec14953db7735e
15,17,768,run4_p1798000_e768,0.5080594420433044,0.5958002805709839,0.09963668137788773,0.033474136143922806,0.20149312913417816,0.06037551909685135,0.0,0.5080594420433044,0.5958002805709839,1.0989100441336632,1.0669482722878456,1.4029862582683563,0.06037551909685135,1.0,0.815,0.426,9.584426879882812e-05,1,1,/home/zhangxu/yolov5-7.0/ga_cache/work_bf5cb13d827aede5
15,18,769,run4_p1798000_e769,0.5871960520744324,0.5958002805709839,0.09963668137788773,0.033474136143922806,0.20149312913417816,0.048539333045482635,0.0,0.5871960520744324,0.5958002805709839,1.0989100441336632,1.0669482722878456,1.4029862582683563,0.048539333045482635,1.0,0.815,0.427,0.00010538101196289062,1,1,/home/zhangxu/yolov5-7.0/ga_cache/work_9fb5f2e169606851
15,19,770,run4_p1798000_e770,0.5871960520744324,0.5958002805709839,0.09963668137788773,0.033474136143922806,0.20149312913417816,0.048539333045482635,0.0,0.5871960520744324,0.5958002805709839,1.0989100441336632,1.0669482722878456,1.4029862582683563,0.048539333045482635,1.0,0.815,0.427,0.00011014938354492188,1,1,/home/zhangxu/yolov5-7.0/ga_cache/work_9fb5f2e169606851
15,20,771,run4_p1798000_e771,0.5871960520744324,0.5958002805709839,0.09963668137788773,0.033474136143922806,0.20149312913417816,0.048539333045482635,0.0,0.5871960520744324,0.5958002805709839,1.0989100441336632,1.0669482722878456,1.4029862582683563,0.048539333045482635,1.0,0.815,0.427,9.894371032714844e-05,1,1,/home/zhangxu/yolov5-7.0/ga_cache/work_9fb5f2e169606851
15,21,772,run4_p1798000_e772,0.5871960520744324,0.5958002805709839,0.09963668137788773,0.033474136143922806,0.20149312913417816,0.048539333045482635,0.0,0.5871960520744324,0.5958002805709839,1.0989100441336632,1.0669482722878456,1.4029862582683563,0.048539333045482635,1.0,0.815,0.427,8.893013000488281e-05,1,1,/home/zhangxu/yolov5-7.0/ga_cache/work_9fb5f2e169606851
15,22,773,run4_p1798000_e773,0.5871960520744324,0.5958002805709839,0.09963668137788773,0.033474136143922806,0.20149312913417816,0.048539333045482635,0.0,0.5871960520744324,0.5958002805709839,1.0989100441336632,1.0669482722878456,1.4029862582683563,0.048539333045482635,1.0,0.815,0.427,9.942054748535156e-05,1,1,/home/zhangxu/yolov5-7.0/ga_cache/work_9fb5f2e169606851
15,23,774,run4_p1798000_e774,0.5871960520744324,0.5958002805709839,0.09963668137788773,0.033474136143922806,0.20149312913417816,0.048539333045482635,0.0,0.5871960520744324,0.5958002805709839,1.0989100441336632,1.0669482722878456,1.4029862582683563,0.048539333045482635,1.0,0.815,0.427,0.00011610984802246094,1,1,/home/zhangxu/yolov5-7.0/ga_cache/work_9fb5f2e169606851
15,24,775,run4_p1798000_e775,0.5080594420433044,0.5958002805709839,0.09963668137788773,0.033474136143922806,0.20149312913417816,0.06037551909685135,0.0,0.5080594420433044,0.5958002805709839,1.0989100441336632,1.0669482722878456,1.4029862582683563,0.06037551909685135,1.0,0.815,0.426,9.131431579589844e-05,1,1,/home/zhangxu/yolov5-7.0/ga_cache/work_bf5cb13d827aede5
15,25,776,run4_p1798000_e776,0.5871960520744324,0.5958002805709839,0.09963668137788773,0.033474136143922806,0.20149312913417816,0.048539333045482635,0.0,0.5871960520744324,0.5958002805709839,1.0989100441336632,1.0669482722878456,1.4029862582683563,0.048539333045482635,1.0,0.815,0.427,8.988380432128906e-05,1,1,/home/zhangxu/yolov5-7.0/ga_cache/work_9fb5f2e169606851
15,26,777,run4_p1798000_e777,0.5871960520744324,0.5958002805709839,0.09963668137788773,0.033474136143922806,0.20149312913417816,0.048539333045482635,0.0,0.5871960520744324,0.5958002805709839,1.0989100441336632,1.0669482722878456,1.4029862582683563,0.048539333045482635,1.0,0.815,0.427,0.0001087188720703125,1,1,/home/zhangxu/yolov5-7.0/ga_cache/work_9fb5f2e169606851
15,27,778,run4_p1798000_e778,0.5871960520744324,0.5958002805709839,0.09963668137788773,0.033474136143922806,0.20149312913417816,0.06037551909685135,0.0,0.5871960520744324,0.5958002805709839,1.0989100441336632,1.0669482722878456,1.4029862582683563,0.06037551909685135,1.0,0.812,0.424,0.00011682510375976562,1,1,/home/zhangxu/yolov5-7.0/ga_cache/work_d2777683d13d0423
15,28,779,run4_p1798000_e779,0.5080594420433044,0.5958002805709839,0.09963668137788773,0.033474136143922806,0.20149312913417816,0.048539333045482635,0.0,0.5080594420433044,0.5958002805709839,1.0989100441336632,1.0669482722878456,1.4029862582683563,0.048539333045482635,1.0,0.814,0.425,9.918212890625e-05,1,1,/home/zhangxu/yolov5-7.0/ga_cache/work_e7ec14953db7735e
15,29,780,run4_p1798000_e780,0.5080594420433044,0.5958002805709839,0.09963668137788773,0.033474136143922806,0.20149312913417816,0.048539333045482635,0.0,0.5080594420433044,0.5958002805709839,1.0989100441336632,1.0669482722878456,1.4029862582683563,0.048539333045482635,1.0,0.814,0.425,9.34600830078125e-05,1,1,/home/zhangxu/yolov5-7.0/ga_cache/work_e7ec14953db7735e
15,30,781,run4_p1798000_e781,0.5871960520744324,0.5958002805709839,0.09963668137788773,0.033474136143922806,0.20149312913417816,0.06037551909685135,0.0,0.5871960520744324,0.5958002805709839,1.0989100441336632,1.0669482722878456,1.4029862582683563,0.06037551909685135,1.0,0.812,0.424,0.0001010894775390625,1,1,/home/zhangxu/yolov5-7.0/ga_cache/work_d2777683d13d0423
15,31,782,run4_p1798000_e782,0.5080594420433044,0.5958002805709839,0.09963668137788773,0.033474136143922806,0.20149312913417816,0.06037551909685135,0.0,0.5080594420433044,0.5958002805709839,1.0989100441336632,1.0669482722878456,1.4029862582683563,0.06037551909685135,1.0,0.815,0.426,8.988380432128906e-05,1,1,/home/zhangxu/yolov5-7.0/ga_cache/work_bf5cb13d827aede5
15,32,783,run4_p1798000_e783,0.5080594420433044,0.5958002805709839,0.09963668137788773,0.033474136143922806,0.20149312913417816,0.06037551909685135,0.0,0.5080594420433044,0.5958002805709839,1.0989100441336632,1.0669482722878456,1.4029862582683563,0.06037551909685135,1.0,0.815,0.426,8.535385131835938e-05,1,1,/home/zhangxu/yolov5-7.0/ga_cache/work_bf5cb13d827aede5
15,33,784,run4_p1798000_e784,0.5871960520744324,0.5958002805709839,0.09963668137788773,0.033474136143922806,0.20149312913417816,0.048539333045482635,0.0,0.5871960520744324,0.5958002805709839,1.0989100441336632,1.0669482722878456,1.4029862582683563,0.048539333045482635,1.0,0.815,0.427,9.250640869140625e-05,1,1,/home/zhangxu/yolov5-7.0/ga_cache/work_9fb5f2e169606851
15,34,785,run4_p1798000_e785,0.5871960520744324,0.5958002805709839,0.09963668137788773,0.033474136143922806,0.20149312913417816,0.048539333045482635,0.0,0.5871960520744324,0.5958002805709839,1.0989100441336632,1.0669482722878456,1.4029862582683563,0.048539333045482635,1.0,0.815,0.427,8.535385131835938e-05,1,1,/home/zhangxu/yolov5-7.0/ga_cache/work_9fb5f2e169606851
15,35,786,run4_p1798000_e786,0.5871960520744324,0.5958002805709839,0.09963668137788773,0.033474136143922806,0.20149312913417816,0.048539333045482635,0.0,0.5871960520744324,0.5958002805709839,1.0989100441336632,1.0669482722878456,1.4029862582683563,0.048539333045482635,1.0,0.815,0.427,8.797645568847656e-05,1,1,/home/zhangxu/yolov5-7.0/ga_cache/work_9fb5f2e169606851
15,36,787,run4_p1798000_e787,0.5871960520744324,0.5958002805709839,0.09963668137788773,0.033474136143922806,0.20149312913417816,0.048539333045482635,0.0,0.5871960520744324,0.5958002805709839,1.0989100441336632,1.0669482722878456,1.4029862582683563,0.048539333045482635,1.0,0.815,0.427,9.584426879882812e-05,1,1,/home/zhangxu/yolov5-7.0/ga_cache/work_9fb5f2e169606851
15,37,788,run4_p1798000_e788,0.5871960520744324,0.5958002805709839,0.09963668137788773,0.033474136143922806,0.20149312913417816,0.048539333045482635,0.0,0.5871960520744324,0.5958002805709839,1.0989100441336632,1.0669482722878456,1.4029862582683563,0.048539333045482635,1.0,0.815,0.427,8.630752563476562e-05,1,1,/home/zhangxu/yolov5-7.0/ga_cache/work_9fb5f2e169606851
15,38,789,run4_p1798000_e789,0.5871960520744324,0.5958002805709839,0.09963668137788773,0.033474136143922806,0.20149312913417816,0.048539333045482635,0.0,0.5871960520744324,0.5958002805709839,1.0989100441336632,1.0669482722878456,1.4029862582683563,0.048539333045482635,1.0,0.815,0.427,8.96453857421875e-05,1,1,/home/zhangxu/yolov5-7.0/ga_cache/work_9fb5f2e169606851
15,39,790,run4_p1798000_e790,0.5871960520744324,0.5958002805709839,0.09963668137788773,0.033474136143922806,0.20149312913417816,0.048539333045482635,0.0,0.5871960520744324,0.5958002805709839,1.0989100441336632,1.0669482722878456,1.4029862582683563,0.048539333045482635,1.0,0.815,0.427,9.393692016601562e-05,1,1,/home/zhangxu/yolov5-7.0/ga_cache/work_9fb5f2e169606851
15,40,791,run4_p1798000_e791,0.5871960520744324,0.5958002805709839,0.09963668137788773,0.033474136143922806,0.20149312913417816,0.048539333045482635,0.0,0.5871960520744324,0.5958002805709839,1.0989100441336632,1.0669482722878456,1.4029862582683563,0.048539333045482635,1.0,0.815,0.427,0.0001087188720703125,1,1,/home/zhangxu/yolov5-7.0/ga_cache/work_9fb5f2e169606851
15,41,792,run4_p1798000_e792,0.5080594420433044,0.5958002805709839,0.09963668137788773,0.033474136143922806,0.20149312913417816,0.06037551909685135,0.0,0.5080594420433044,0.5958002805709839,1.0989100441336632,1.0669482722878456,1.4029862582683563,0.06037551909685135,1.0,0.815,0.426,8.058547973632812e-05,1,1,/home/zhangxu/yolov5-7.0/ga_cache/work_bf5cb13d827aede5
15,42,793,run4_p1798000_e793,0.5871960520744324,0.5958002805709839,0.09963668137788773,0.0,0.20149312913417816,0.048539333045482635,0.0,0.5871960520744324,0.5958002805709839,1.0989100441336632,1.0,1.4029862582683563,0.048539333045482635,1.0,0.814,0.426,615.1634359359741,1,0,/home/zhangxu/yolov5-7.0/ga_cache/work_c11fc54fde4225d3
15,43,794,run4_p1798000_e794,0.5871960520744324,0.5958002805709839,0.09963668137788773,0.033474136143922806,0.20149312913417816,0.048539333045482635,0.0,0.5871960520744324,0.5958002805709839,1.0989100441336632,1.0669482722878456,1.4029862582683563,0.048539333045482635,1.0,0.815,0.427,8.58306884765625e-05,1,1,/home/zhangxu/yolov5-7.0/ga_cache/work_9fb5f2e169606851
15,44,795,run4_p1798000_e795,0.5080594420433044,0.5958002805709839,0.09963668137788773,0.033474136143922806,0.20149312913417816,0.06037551909685135,0.0,0.5080594420433044,0.5958002805709839,1.0989100441336632,1.0669482722878456,1.4029862582683563,0.06037551909685135,1.0,0.815,0.426,8.845329284667969e-05,1,1,/home/zhangxu/yolov5-7.0/ga_cache/work_bf5cb13d827aede5
15,45,796,run4_p1798000_e796,0.5871960520744324,0.5958002805709839,0.09963668137788773,0.033474136143922806,0.20149312913417816,0.048539333045482635,0.0,0.5871960520744324,0.5958002805709839,1.0989100441336632,1.0669482722878456,1.4029862582683563,0.048539333045482635,1.0,0.815,0.427,8.368492126464844e-05,1,1,/home/zhangxu/yolov5-7.0/ga_cache/work_9fb5f2e169606851
15,46,797,run4_p1798000_e797,0.5871960520744324,0.5958002805709839,0.09963668137788773,0.033474136143922806,0.20149312913417816,0.048539333045482635,0.0,0.5871960520744324,0.5958002805709839,1.0989100441336632,1.0669482722878456,1.4029862582683563,0.048539333045482635,1.0,0.815,0.427,8.273124694824219e-05,1,1,/home/zhangxu/yolov5-7.0/ga_cache/work_9fb5f2e169606851
15,47,798,run4_p1798000_e798,0.5080594420433044,0.5958002805709839,0.09963668137788773,0.033474136143922806,0.20149312913417816,0.048539333045482635,0.0,0.5080594420433044,0.5958002805709839,1.0989100441336632,1.0669482722878456,1.4029862582683563,0.048539333045482635,1.0,0.814,0.425,8.416175842285156e-05,1,1,/home/zhangxu/yolov5-7.0/ga_cache/work_e7ec14953db7735e
15,48,799,run4_p1798000_e799,0.5871960520744324,0.5958002805709839,0.09963668137788773,0.033474136143922806,0.20149312913417816,0.06037551909685135,0.0,0.5871960520744324,0.5958002805709839,1.0989100441336632,1.0669482722878456,1.4029862582683563,0.06037551909685135,1.0,0.812,0.424,9.179115295410156e-05,1,1,/home/zhangxu/yolov5-7.0/ga_cache/work_d2777683d13d0423
15,49,800,run4_p1798000_e800,0.5871960520744324,0.5820600986480713,0.09963668137788773,0.19726336002349854,0.20149312913417816,0.048539333045482635,0.0,0.5871960520744324,0.5820600986480713,1.0989100441336632,1.394526720046997,1.4029862582683563,0.048539333045482635,1.0,0.814,0.426,678.3155629634857,1,0,/home/zhangxu/yolov5-7.0/ga_cache/work_3b16a5ee23c185dd
16,0,801,run4_p1798000_e801,0.5871960520744324,0.5958002805709839,0.09963668137788773,0.033474136143922806,0.20149312913417816,0.048539333045482635,0.0,0.5871960520744324,0.5958002805709839,1.0989100441336632,1.0669482722878456,1.4029862582683563,0.048539333045482635,1.0,0.815,0.427,0.00027370452880859375,1,1,/home/zhangxu/yolov5-7.0/ga_cache/work_9fb5f2e169606851
16,1,802,run4_p1798000_e802,0.5871960520744324,0.5958002805709839,0.09963668137788773,0.033474136143922806,0.20149312913417816,0.048539333045482635,0.0,0.5871960520744324,0.5958002805709839,1.0989100441336632,1.0669482722878456,1.4029862582683563,0.048539333045482635,1.0,0.815,0.427,0.00022983551025390625,1,1,/home/zhangxu/yolov5-7.0/ga_cache/work_9fb5f2e169606851
16,2,803,run4_p1798000_e803,0.5871960520744324,0.5958002805709839,0.09963668137788773,0.033474136143922806,0.20149312913417816,0.048539333045482635,0.0,0.5871960520744324,0.5958002805709839,1.0989100441336632,1.0669482722878456,1.4029862582683563,0.048539333045482635,1.0,0.815,0.427,0.00023031234741210938,1,1,/home/zhangxu/yolov5-7.0/ga_cache/work_9fb5f2e169606851
16,3,804,run4_p1798000_e804,0.5080594420433044,0.5958002805709839,0.09963668137788773,0.033474136143922806,0.20149312913417816,0.048539333045482635,0.0,0.5080594420433044,0.5958002805709839,1.0989100441336632,1.0669482722878456,1.4029862582683563,0.048539333045482635,1.0,0.814,0.425,0.0002753734588623047,1,1,/home/zhangxu/yolov5-7.0/ga_cache/work_e7ec14953db7735e
16,4,805,run4_p1798000_e805,0.5871960520744324,0.5958002805709839,0.09963668137788773,0.033474136143922806,0.20149312913417816,0.06037551909685135,0.0,0.5871960520744324,0.5958002805709839,1.0989100441336632,1.0669482722878456,1.4029862582683563,0.06037551909685135,1.0,0.812,0.424,0.00022220611572265625,1,1,/home/zhangxu/yolov5-7.0/ga_cache/work_d2777683d13d0423
16,5,806,run4_p1798000_e806,0.5871960520744324,0.5958002805709839,0.09963668137788773,0.033474136143922806,0.20149312913417816,0.048539333045482635,0.0,0.5871960520744324,0.5958002805709839,1.0989100441336632,1.0669482722878456,1.4029862582683563,0.048539333045482635,1.0,0.815,0.427,0.00022411346435546875,1,1,/home/zhangxu/yolov5-7.0/ga_cache/work_9fb5f2e169606851
16,6,807,run4_p1798000_e807,0.5871960520744324,0.5958002805709839,0.09963668137788773,0.033474136143922806,0.20149312913417816,0.048539333045482635,0.0,0.5871960520744324,0.5958002805709839,1.0989100441336632,1.0669482722878456,1.4029862582683563,0.048539333045482635,1.0,0.815,0.427,0.00028014183044433594,1,1,/home/zhangxu/yolov5-7.0/ga_cache/work_9fb5f2e169606851
16,7,808,run4_p1798000_e808,0.5871960520744324,0.5958002805709839,0.09963668137788773,0.033474136143922806,0.20149312913417816,0.048539333045482635,0.0,0.5871960520744324,0.5958002805709839,1.0989100441336632,1.0669482722878456,1.4029862582683563,0.048539333045482635,1.0,0.815,0.427,0.00024700164794921875,1,1,/home/zhangxu/yolov5-7.0/ga_cache/work_9fb5f2e169606851
16,8,809,run4_p1798000_e809,0.5871960520744324,0.5958002805709839,0.09963668137788773,0.033474136143922806,0.20149312913417816,0.048539333045482635,0.0,0.5871960520744324,0.5958002805709839,1.0989100441336632,1.0669482722878456,1.4029862582683563,0.048539333045482635,1.0,0.815,0.427,0.00027942657470703125,1,1,/home/zhangxu/yolov5-7.0/ga_cache/work_9fb5f2e169606851
16,9,810,run4_p1798000_e810,0.5871960520744324,0.5958002805709839,0.09963668137788773,0.033474136143922806,0.20149312913417816,0.048539333045482635,0.0,0.5871960520744324,0.5958002805709839,1.0989100441336632,1.0669482722878456,1.4029862582683563,0.048539333045482635,1.0,0.815,0.427,0.00010514259338378906,1,1,/home/zhangxu/yolov5-7.0/ga_cache/work_9fb5f2e169606851
16,10,811,run4_p1798000_e811,0.5871960520744324,0.5958002805709839,0.09963668137788773,0.033474136143922806,0.20149312913417816,0.048539333045482635,0.0,0.5871960520744324,0.5958002805709839,1.0989100441336632,1.0669482722878456,1.4029862582683563,0.048539333045482635,1.0,0.815,0.427,0.00026702880859375,1,1,/home/zhangxu/yolov5-7.0/ga_cache/work_9fb5f2e169606851
16,11,812,run4_p1798000_e812,0.5871960520744324,0.5958002805709839,0.09963668137788773,0.033474136143922806,0.20149312913417816,0.048539333045482635,0.0,0.5871960520744324,0.5958002805709839,1.0989100441336632,1.0669482722878456,1.4029862582683563,0.048539333045482635,1.0,0.815,0.427,0.0002453327178955078,1,1,/home/zhangxu/yolov5-7.0/ga_cache/work_9fb5f2e169606851
16,12,813,run4_p1798000_e813,0.5871960520744324,0.5958002805709839,0.09963668137788773,0.033474136143922806,0.20149312913417816,0.048539333045482635,0.0,0.5871960520744324,0.5958002805709839,1.0989100441336632,1.0669482722878456,1.4029862582683563,0.048539333045482635,1.0,0.815,0.427,0.00012946128845214844,1,1,/home/zhangxu/yolov5-7.0/ga_cache/work_9fb5f2e169606851
16,13,814,run4_p1798000_e814,0.5871960520744324,0.5958002805709839,0.09963668137788773,0.033474136143922806,0.20149312913417816,0.048539333045482635,0.0,0.5871960520744324,0.5958002805709839,1.0989100441336632,1.0669482722878456,1.4029862582683563,0.048539333045482635,1.0,0.815,0.427,0.0001266002655029297,1,1,/home/zhangxu/yolov5-7.0/ga_cache/work_9fb5f2e169606851
16,14,815,run4_p1798000_e815,0.5871960520744324,0.5958002805709839,0.09963668137788773,0.033474136143922806,0.20149312913417816,0.048539333045482635,0.0,0.5871960520744324,0.5958002805709839,1.0989100441336632,1.0669482722878456,1.4029862582683563,0.048539333045482635,1.0,0.815,0.427,0.00023436546325683594,1,1,/home/zhangxu/yolov5-7.0/ga_cache/work_9fb5f2e169606851
16,15,816,run4_p1798000_e816,0.5871960520744324,0.5958002805709839,0.09963668137788773,0.033474136143922806,0.20149312913417816,0.048539333045482635,0.0,0.5871960520744324,0.5958002805709839,1.0989100441336632,1.0669482722878456,1.4029862582683563,0.048539333045482635,1.0,0.815,0.427,0.00010585784912109375,1,1,/home/zhangxu/yolov5-7.0/ga_cache/work_9fb5f2e169606851
16,16,817,run4_p1798000_e817,0.5871960520744324,0.5958002805709839,0.09963668137788773,0.033474136143922806,0.20149312913417816,0.048539333045482635,0.0,0.5871960520744324,0.5958002805709839,1.0989100441336632,1.0669482722878456,1.4029862582683563,0.048539333045482635,1.0,0.815,0.427,0.00010967254638671875,1,1,/home/zhangxu/yolov5-7.0/ga_cache/work_9fb5f2e169606851
16,17,818,run4_p1798000_e818,0.5871960520744324,0.5958002805709839,0.09963668137788773,0.033474136143922806,0.20149312913417816,0.048539333045482635,0.0,0.5871960520744324,0.5958002805709839,1.0989100441336632,1.0669482722878456,1.4029862582683563,0.048539333045482635,1.0,0.815,0.427,0.0001087188720703125,1,1,/home/zhangxu/yolov5-7.0/ga_cache/work_9fb5f2e169606851
16,18,819,run4_p1798000_e819,0.5871960520744324,0.5958002805709839,0.09963668137788773,0.033474136143922806,0.20149312913417816,0.048539333045482635,0.0,0.5871960520744324,0.5958002805709839,1.0989100441336632,1.0669482722878456,1.4029862582683563,0.048539333045482635,1.0,0.815,0.427,9.298324584960938e-05,1,1,/home/zhangxu/yolov5-7.0/ga_cache/work_9fb5f2e169606851
16,19,820,run4_p1798000_e820,0.5871960520744324,0.5958002805709839,0.09963668137788773,0.033474136143922806,0.20149312913417816,0.048539333045482635,0.0,0.5871960520744324,0.5958002805709839,1.0989100441336632,1.0669482722878456,1.4029862582683563,0.048539333045482635,1.0,0.815,0.427,9.036064147949219e-05,1,1,/home/zhangxu/yolov5-7.0/ga_cache/work_9fb5f2e169606851
16,20,821,run4_p1798000_e821,0.5871960520744324,0.5958002805709839,0.09963668137788773,0.033474136143922806,0.20149312913417816,0.048539333045482635,0.0,0.5871960520744324,0.5958002805709839,1.0989100441336632,1.0669482722878456,1.4029862582683563,0.048539333045482635,1.0,0.815,0.427,8.797645568847656e-05,1,1,/home/zhangxu/yolov5-7.0/ga_cache/work_9fb5f2e169606851
16,21,822,run4_p1798000_e822,0.5871960520744324,0.5958002805709839,0.09963668137788773,0.033474136143922806,0.20149312913417816,0.048539333045482635,0.0,0.5871960520744324,0.5958002805709839,1.0989100441336632,1.0669482722878456,1.4029862582683563,0.048539333045482635,1.0,0.815,0.427,0.00010466575622558594,1,1,/home/zhangxu/yolov5-7.0/ga_cache/work_9fb5f2e169606851
16,22,823,run4_p1798000_e823,0.5871960520744324,0.5958002805709839,0.09963668137788773,0.033474136143922806,0.20149312913417816,0.048539333045482635,0.0,0.5871960520744324,0.5958002805709839,1.0989100441336632,1.0669482722878456,1.4029862582683563,0.048539333045482635,1.0,0.815,0.427,0.00011348724365234375,1,1,/home/zhangxu/yolov5-7.0/ga_cache/work_9fb5f2e169606851
16,23,824,run4_p1798000_e824,0.5871960520744324,0.5958002805709839,0.09963668137788773,0.033474136143922806,0.20149312913417816,0.048539333045482635,0.0,0.5871960520744324,0.5958002805709839,1.0989100441336632,1.0669482722878456,1.4029862582683563,0.048539333045482635,1.0,0.815,0.427,8.96453857421875e-05,1,1,/home/zhangxu/yolov5-7.0/ga_cache/work_9fb5f2e169606851
16,24,825,run4_p1798000_e825,0.5871960520744324,0.5958002805709839,0.09963668137788773,0.033474136143922806,0.20149312913417816,0.048539333045482635,0.0,0.5871960520744324,0.5958002805709839,1.0989100441336632,1.0669482722878456,1.4029862582683563,0.048539333045482635,1.0,0.815,0.427,9.012222290039062e-05,1,1,/home/zhangxu/yolov5-7.0/ga_cache/work_9fb5f2e169606851
16,25,826,run4_p1798000_e826,0.5871960520744324,0.5958002805709839,0.09963668137788773,0.033474136143922806,0.20149312913417816,0.048539333045482635,0.0,0.5871960520744324,0.5958002805709839,1.0989100441336632,1.0669482722878456,1.4029862582683563,0.048539333045482635,1.0,0.815,0.427,0.00010228157043457031,1,1,/home/zhangxu/yolov5-7.0/ga_cache/work_9fb5f2e169606851
16,26,827,run4_p1798000_e827,0.5871960520744324,0.5958002805709839,0.09963668137788773,0.033474136143922806,0.20149312913417816,0.048539333045482635,0.0,0.5871960520744324,0.5958002805709839,1.0989100441336632,1.0669482722878456,1.4029862582683563,0.048539333045482635,1.0,0.815,0.427,9.512901306152344e-05,1,1,/home/zhangxu/yolov5-7.0/ga_cache/work_9fb5f2e169606851
16,27,828,run4_p1798000_e828,0.5871960520744324,0.5958002805709839,0.09963668137788773,0.033474136143922806,0.20149312913417816,0.048539333045482635,0.0,0.5871960520744324,0.5958002805709839,1.0989100441336632,1.0669482722878456,1.4029862582683563,0.048539333045482635,1.0,0.815,0.427,0.00010585784912109375,1,1,/home/zhangxu/yolov5-7.0/ga_cache/work_9fb5f2e169606851
16,28,829,run4_p1798000_e829,0.5871960520744324,0.5958002805709839,0.09963668137788773,0.033474136143922806,0.20149312913417816,0.048539333045482635,0.0,0.5871960520744324,0.5958002805709839,1.0989100441336632,1.0669482722878456,1.4029862582683563,0.048539333045482635,1.0,0.815,0.427,8.344650268554688e-05,1,1,/home/zhangxu/yolov5-7.0/ga_cache/work_9fb5f2e169606851
16,29,830,run4_p1798000_e830,0.5871960520744324,0.5958002805709839,0.09963668137788773,0.033474136143922806,0.20149312913417816,0.048539333045482635,0.0,0.5871960520744324,0.5958002805709839,1.0989100441336632,1.0669482722878456,1.4029862582683563,0.048539333045482635,1.0,0.815,0.427,0.00012302398681640625,1,1,/home/zhangxu/yolov5-7.0/ga_cache/work_9fb5f2e169606851
16,30,831,run4_p1798000_e831,0.5109884738922119,0.6701191663742065,0.3322036862373352,0.28672897815704346,0.36198246479034424,0.0,0.02523808181285858,0.5109884738922119,0.6701191663742065,1.7966110587120057,1.573457956314087,1.7239649295806885,0.0,1.0378571227192879,0.798,0.414,633.0173115730286,1,0,/home/zhangxu/yolov5-7.0/ga_cache/work_35e2004fdce76689
16,31,832,run4_p1798000_e832,0.5871960520744324,0.5958002805709839,0.09963668137788773,0.033474136143922806,0.20149312913417816,0.048539333045482635,0.0,0.5871960520744324,0.5958002805709839,1.0989100441336632,1.0669482722878456,1.4029862582683563,0.048539333045482635,1.0,0.815,0.427,0.00010824203491210938,1,1,/home/zhangxu/yolov5-7.0/ga_cache/work_9fb5f2e169606851
16,32,833,run4_p1798000_e833,0.5871960520744324,0.5958002805709839,0.09963668137788773,0.033474136143922806,0.20149312913417816,0.048539333045482635,0.0,0.5871960520744324,0.5958002805709839,1.0989100441336632,1.0669482722878456,1.4029862582683563,0.048539333045482635,1.0,0.815,0.427,9.512901306152344e-05,1,1,/home/zhangxu/yolov5-7.0/ga_cache/work_9fb5f2e169606851
16,33,834,run4_p1798000_e834,0.5871960520744324,0.5958002805709839,0.09963668137788773,0.033474136143922806,0.20149312913417816,0.048539333045482635,0.0,0.5871960520744324,0.5958002805709839,1.0989100441336632,1.0669482722878456,1.4029862582683563,0.048539333045482635,1.0,0.815,0.427,8.869171142578125e-05,1,1,/home/zhangxu/yolov5-7.0/ga_cache/work_9fb5f2e169606851
16,34,835,run4_p1798000_e835,0.5871960520744324,0.5958002805709839,0.09963668137788773,0.033474136143922806,0.20149312913417816,0.048539333045482635,0.0,0.5871960520744324,0.5958002805709839,1.0989100441336632,1.0669482722878456,1.4029862582683563,0.048539333045482635,1.0,0.815,0.427,8.606910705566406e-05,1,1,/home/zhangxu/yolov5-7.0/ga_cache/work_9fb5f2e169606851
16,35,836,run4_p1798000_e836,0.5871960520744324,0.5958002805709839,0.09963668137788773,0.033474136143922806,0.20149312913417816,0.048539333045482635,0.0,0.5871960520744324,0.5958002805709839,1.0989100441336632,1.0669482722878456,1.4029862582683563,0.048539333045482635,1.0,0.815,0.427,8.940696716308594e-05,1,1,/home/zhangxu/yolov5-7.0/ga_cache/work_9fb5f2e169606851
16,36,837,run4_p1798000_e837,0.5871960520744324,0.5958002805709839,0.09963668137788773,0.033474136143922806,0.20149312913417816,0.048539333045482635,0.0,0.5871960520744324,0.5958002805709839,1.0989100441336632,1.0669482722878456,1.4029862582683563,0.048539333045482635,1.0,0.815,0.427,9.822845458984375e-05,1,1,/home/zhangxu/yolov5-7.0/ga_cache/work_9fb5f2e169606851
16,37,838,run4_p1798000_e838,0.5080594420433044,0.5958002805709839,0.09963668137788773,0.033474136143922806,0.20149312913417816,0.06037551909685135,0.0,0.5080594420433044,0.5958002805709839,1.0989100441336632,1.0669482722878456,1.4029862582683563,0.06037551909685135,1.0,0.815,0.426,0.00010728836059570312,1,1,/home/zhangxu/yolov5-7.0/ga_cache/work_bf5cb13d827aede5
16,38,839,run4_p1798000_e839,0.5871960520744324,0.5958002805709839,0.09963668137788773,0.033474136143922806,0.20149312913417816,0.048539333045482635,0.0,0.5871960520744324,0.5958002805709839,1.0989100441336632,1.0669482722878456,1.4029862582683563,0.048539333045482635,1.0,0.815,0.427,8.606910705566406e-05,1,1,/home/zhangxu/yolov5-7.0/ga_cache/work_9fb5f2e169606851
16,39,840,run4_p1798000_e840,0.5871960520744324,0.5958002805709839,0.09963668137788773,0.033474136143922806,0.20149312913417816,0.048539333045482635,0.0,0.5871960520744324,0.5958002805709839,1.0989100441336632,1.0669482722878456,1.4029862582683563,0.048539333045482635,1.0,0.815,0.427,0.0001010894775390625,1,1,/home/zhangxu/yolov5-7.0/ga_cache/work_9fb5f2e169606851
16,40,841,run4_p1798000_e841,0.5871960520744324,0.5958002805709839,0.09963668137788773,0.033474136143922806,0.20149312913417816,0.048539333045482635,0.0,0.5871960520744324,0.5958002805709839,1.0989100441336632,1.0669482722878456,1.4029862582683563,0.048539333045482635,1.0,0.815,0.427,9.298324584960938e-05,1,1,/home/zhangxu/yolov5-7.0/ga_cache/work_9fb5f2e169606851
16,41,842,run4_p1798000_e842,0.5871960520744324,0.5958002805709839,0.09963668137788773,0.033474136143922806,0.20149312913417816,0.048539333045482635,0.0,0.5871960520744324,0.5958002805709839,1.0989100441336632,1.0669482722878456,1.4029862582683563,0.048539333045482635,1.0,0.815,0.427,0.00010728836059570312,1,1,/home/zhangxu/yolov5-7.0/ga_cache/work_9fb5f2e169606851
16,42,843,run4_p1798000_e843,0.5080594420433044,0.5958002805709839,0.09963668137788773,0.033474136143922806,0.20149312913417816,0.06037551909685135,0.0,0.5080594420433044,0.5958002805709839,1.0989100441336632,1.0669482722878456,1.4029862582683563,0.06037551909685135,1.0,0.815,0.426,9.250640869140625e-05,1,1,/home/zhangxu/yolov5-7.0/ga_cache/work_bf5cb13d827aede5
16,43,844,run4_p1798000_e844,0.5871960520744324,0.5958002805709839,0.09963668137788773,0.033474136143922806,0.20149312913417816,0.048539333045482635,0.0,0.5871960520744324,0.5958002805709839,1.0989100441336632,1.0669482722878456,1.4029862582683563,0.048539333045482635,1.0,0.815,0.427,8.225440979003906e-05,1,1,/home/zhangxu/yolov5-7.0/ga_cache/work_9fb5f2e169606851
16,44,845,run4_p1798000_e845,0.5871960520744324,0.5958002805709839,0.09963668137788773,0.033474136143922806,0.20149312913417816,0.048539333045482635,0.0,0.5871960520744324,0.5958002805709839,1.0989100441336632,1.0669482722878456,1.4029862582683563,0.048539333045482635,1.0,0.815,0.427,8.821487426757812e-05,1,1,/home/zhangxu/yolov5-7.0/ga_cache/work_9fb5f2e169606851
16,45,846,run4_p1798000_e846,0.5871960520744324,0.5958002805709839,0.09963668137788773,0.033474136143922806,0.20149312913417816,0.048539333045482635,0.0,0.5871960520744324,0.5958002805709839,1.0989100441336632,1.0669482722878456,1.4029862582683563,0.048539333045482635,1.0,0.815,0.427,9.226799011230469e-05,1,1,/home/zhangxu/yolov5-7.0/ga_cache/work_9fb5f2e169606851
16,46,847,run4_p1798000_e847,0.5871960520744324,0.5958002805709839,0.09963668137788773,0.033474136143922806,0.20149312913417816,0.048539333045482635,0.0,0.5871960520744324,0.5958002805709839,1.0989100441336632,1.0669482722878456,1.4029862582683563,0.048539333045482635,1.0,0.815,0.427,8.869171142578125e-05,1,1,/home/zhangxu/yolov5-7.0/ga_cache/work_9fb5f2e169606851
16,47,848,run4_p1798000_e848,0.5871960520744324,0.5958002805709839,0.09963668137788773,0.033474136143922806,0.20149312913417816,0.048539333045482635,0.0,0.5871960520744324,0.5958002805709839,1.0989100441336632,1.0669482722878456,1.4029862582683563,0.048539333045482635,1.0,0.815,0.427,8.58306884765625e-05,1,1,/home/zhangxu/yolov5-7.0/ga_cache/work_9fb5f2e169606851
16,48,849,run4_p1798000_e849,0.5871960520744324,0.5958002805709839,0.09963668137788773,0.033474136143922806,0.20149312913417816,0.048539333045482635,0.0,0.5871960520744324,0.5958002805709839,1.0989100441336632,1.0669482722878456,1.4029862582683563,0.048539333045482635,1.0,0.815,0.427,8.225440979003906e-05,1,1,/home/zhangxu/yolov5-7.0/ga_cache/work_9fb5f2e169606851
16,49,850,run4_p1798000_e850,0.41581958532333374,0.47951874136924744,0.0,0.0,0.37778395414352417,0.18357741832733154,0.0,0.41581958532333374,0.47951874136924744,0.8,1.0,1.7555679082870483,0.18357741832733154,1.0,0.799,0.413,630.5724029541016,1,0,/home/zhangxu/yolov5-7.0/ga_cache/work_39741230b2cff945
17,0,851,run4_p1798000_e851,0.5871960520744324,0.5958002805709839,0.09963668137788773,0.033474136143922806,0.20149312913417816,0.048539333045482635,0.0,0.5871960520744324,0.5958002805709839,1.0989100441336632,1.0669482722878456,1.4029862582683563,0.048539333045482635,1.0,0.815,0.427,0.00027680397033691406,1,1,/home/zhangxu/yolov5-7.0/ga_cache/work_9fb5f2e169606851
17,1,852,run4_p1798000_e852,0.5871960520744324,0.5958002805709839,0.09963668137788773,0.033474136143922806,0.20149312913417816,0.048539333045482635,0.0,0.5871960520744324,0.5958002805709839,1.0989100441336632,1.0669482722878456,1.4029862582683563,0.048539333045482635,1.0,0.815,0.427,0.00022983551025390625,1,1,/home/zhangxu/yolov5-7.0/ga_cache/work_9fb5f2e169606851
17,2,853,run4_p1798000_e853,0.5871960520744324,0.5958002805709839,0.09963668137788773,0.033474136143922806,0.20149312913417816,0.048539333045482635,0.0,0.5871960520744324,0.5958002805709839,1.0989100441336632,1.0669482722878456,1.4029862582683563,0.048539333045482635,1.0,0.815,0.427,0.0002486705780029297,1,1,/home/zhangxu/yolov5-7.0/ga_cache/work_9fb5f2e169606851
17,3,854,run4_p1798000_e854,0.5871960520744324,0.5958002805709839,0.09963668137788773,0.033474136143922806,0.20149312913417816,0.048539333045482635,0.0,0.5871960520744324,0.5958002805709839,1.0989100441336632,1.0669482722878456,1.4029862582683563,0.048539333045482635,1.0,0.815,0.427,0.0002567768096923828,1,1,/home/zhangxu/yolov5-7.0/ga_cache/work_9fb5f2e169606851
17,4,855,run4_p1798000_e855,0.5871960520744324,0.5958002805709839,0.09963668137788773,0.033474136143922806,0.20149312913417816,0.048539333045482635,0.0,0.5871960520744324,0.5958002805709839,1.0989100441336632,1.0669482722878456,1.4029862582683563,0.048539333045482635,1.0,0.815,0.427,0.00022983551025390625,1,1,/home/zhangxu/yolov5-7.0/ga_cache/work_9fb5f2e169606851
17,5,856,run4_p1798000_e856,0.5871960520744324,0.5958002805709839,0.09963668137788773,0.033474136143922806,0.20149312913417816,0.048539333045482635,0.0,0.5871960520744324,0.5958002805709839,1.0989100441336632,1.0669482722878456,1.4029862582683563,0.048539333045482635,1.0,0.815,0.427,0.0002334117889404297,1,1,/home/zhangxu/yolov5-7.0/ga_cache/work_9fb5f2e169606851
17,6,857,run4_p1798000_e857,0.5871960520744324,0.5958002805709839,0.09963668137788773,0.033474136143922806,0.20149312913417816,0.048539333045482635,0.0,0.5871960520744324,0.5958002805709839,1.0989100441336632,1.0669482722878456,1.4029862582683563,0.048539333045482635,1.0,0.815,0.427,0.0002224445343017578,1,1,/home/zhangxu/yolov5-7.0/ga_cache/work_9fb5f2e169606851
17,7,858,run4_p1798000_e858,0.5871960520744324,0.5958002805709839,0.09963668137788773,0.033474136143922806,0.20149312913417816,0.048539333045482635,0.0,0.5871960520744324,0.5958002805709839,1.0989100441336632,1.0669482722878456,1.4029862582683563,0.048539333045482635,1.0,0.815,0.427,0.00026535987854003906,1,1,/home/zhangxu/yolov5-7.0/ga_cache/work_9fb5f2e169606851
17,8,859,run4_p1798000_e859,0.5871960520744324,0.5958002805709839,0.09963668137788773,0.033474136143922806,0.20149312913417816,0.048539333045482635,0.0,0.5871960520744324,0.5958002805709839,1.0989100441336632,1.0669482722878456,1.4029862582683563,0.048539333045482635,1.0,0.815,0.427,0.00022482872009277344,1,1,/home/zhangxu/yolov5-7.0/ga_cache/work_9fb5f2e169606851
17,9,860,run4_p1798000_e860,0.5871960520744324,0.5958002805709839,0.09963668137788773,0.033474136143922806,0.20149312913417816,0.048539333045482635,0.0,0.5871960520744324,0.5958002805709839,1.0989100441336632,1.0669482722878456,1.4029862582683563,0.048539333045482635,1.0,0.815,0.427,0.00010371208190917969,1,1,/home/zhangxu/yolov5-7.0/ga_cache/work_9fb5f2e169606851
17,10,861,run4_p1798000_e861,0.5871960520744324,0.5958002805709839,0.09963668137788773,0.033474136143922806,0.20149312913417816,0.048539333045482635,0.0,0.5871960520744324,0.5958002805709839,1.0989100441336632,1.0669482722878456,1.4029862582683563,0.048539333045482635,1.0,0.815,0.427,0.0002396106719970703,1,1,/home/zhangxu/yolov5-7.0/ga_cache/work_9fb5f2e169606851
17,11,862,run4_p1798000_e862,0.5871960520744324,0.5958002805709839,0.09963668137788773,0.033474136143922806,0.20149312913417816,0.048539333045482635,0.0,0.5871960520744324,0.5958002805709839,1.0989100441336632,1.0669482722878456,1.4029862582683563,0.048539333045482635,1.0,0.815,0.427,0.0002548694610595703,1,1,/home/zhangxu/yolov5-7.0/ga_cache/work_9fb5f2e169606851
17,12,863,run4_p1798000_e863,0.5871960520744324,0.5958002805709839,0.09963668137788773,0.033474136143922806,0.20149312913417816,0.048539333045482635,0.0,0.5871960520744324,0.5958002805709839,1.0989100441336632,1.0669482722878456,1.4029862582683563,0.048539333045482635,1.0,0.815,0.427,0.00010347366333007812,1,1,/home/zhangxu/yolov5-7.0/ga_cache/work_9fb5f2e169606851
17,13,864,run4_p1798000_e864,0.5871960520744324,0.5958002805709839,0.09963668137788773,0.033474136143922806,0.20149312913417816,0.048539333045482635,0.0,0.5871960520744324,0.5958002805709839,1.0989100441336632,1.0669482722878456,1.4029862582683563,0.048539333045482635,1.0,0.815,0.427,0.00024962425231933594,1,1,/home/zhangxu/yolov5-7.0/ga_cache/work_9fb5f2e169606851
17,14,865,run4_p1798000_e865,0.5871960520744324,0.5958002805709839,0.09963668137788773,0.033474136143922806,0.20149312913417816,0.048539333045482635,0.0,0.5871960520744324,0.5958002805709839,1.0989100441336632,1.0669482722878456,1.4029862582683563,0.048539333045482635,1.0,0.815,0.427,0.00010466575622558594,1,1,/home/zhangxu/yolov5-7.0/ga_cache/work_9fb5f2e169606851
17,15,866,run4_p1798000_e866,0.5871960520744324,0.5958002805709839,0.09963668137788773,0.033474136143922806,0.20149312913417816,0.048539333045482635,0.0,0.5871960520744324,0.5958002805709839,1.0989100441336632,1.0669482722878456,1.4029862582683563,0.048539333045482635,1.0,0.815,0.427,8.869171142578125e-05,1,1,/home/zhangxu/yolov5-7.0/ga_cache/work_9fb5f2e169606851
17,16,867,run4_p1798000_e867,0.5871960520744324,0.5958002805709839,0.09963668137788773,0.033474136143922806,0.20149312913417816,0.048539333045482635,0.0,0.5871960520744324,0.5958002805709839,1.0989100441336632,1.0669482722878456,1.4029862582683563,0.048539333045482635,1.0,0.815,0.427,0.00010228157043457031,1,1,/home/zhangxu/yolov5-7.0/ga_cache/work_9fb5f2e169606851
17,17,868,run4_p1798000_e868,0.5871960520744324,0.5958002805709839,0.09963668137788773,0.033474136143922806,0.20149312913417816,0.048539333045482635,0.0,0.5871960520744324,0.5958002805709839,1.0989100441336632,1.0669482722878456,1.4029862582683563,0.048539333045482635,1.0,0.815,0.427,0.00010514259338378906,1,1,/home/zhangxu/yolov5-7.0/ga_cache/work_9fb5f2e169606851
17,18,869,run4_p1798000_e869,0.5871960520744324,0.5958002805709839,0.09963668137788773,0.033474136143922806,0.20149312913417816,0.048539333045482635,0.0,0.5871960520744324,0.5958002805709839,1.0989100441336632,1.0669482722878456,1.4029862582683563,0.048539333045482635,1.0,0.815,0.427,0.00010180473327636719,1,1,/home/zhangxu/yolov5-7.0/ga_cache/work_9fb5f2e169606851
17,19,870,run4_p1798000_e870,0.5871960520744324,0.5958002805709839,0.09963668137788773,0.033474136143922806,0.20149312913417816,0.048539333045482635,0.0,0.5871960520744324,0.5958002805709839,1.0989100441336632,1.0669482722878456,1.4029862582683563,0.048539333045482635,1.0,0.815,0.427,0.00010466575622558594,1,1,/home/zhangxu/yolov5-7.0/ga_cache/work_9fb5f2e169606851
17,20,871,run4_p1798000_e871,0.5871960520744324,0.5958002805709839,0.09963668137788773,0.033474136143922806,0.20149312913417816,0.048539333045482635,0.0,0.5871960520744324,0.5958002805709839,1.0989100441336632,1.0669482722878456,1.4029862582683563,0.048539333045482635,1.0,0.815,0.427,8.893013000488281e-05,1,1,/home/zhangxu/yolov5-7.0/ga_cache/work_9fb5f2e169606851
17,21,872,run4_p1798000_e872,0.5871960520744324,0.5958002805709839,0.09963668137788773,0.033474136143922806,0.20149312913417816,0.048539333045482635,0.0,0.5871960520744324,0.5958002805709839,1.0989100441336632,1.0669482722878456,1.4029862582683563,0.048539333045482635,1.0,0.815,0.427,8.797645568847656e-05,1,1,/home/zhangxu/yolov5-7.0/ga_cache/work_9fb5f2e169606851
17,22,873,run4_p1798000_e873,0.5871960520744324,0.5958002805709839,0.09963668137788773,0.033474136143922806,0.20149312913417816,0.048539333045482635,0.0,0.5871960520744324,0.5958002805709839,1.0989100441336632,1.0669482722878456,1.4029862582683563,0.048539333045482635,1.0,0.815,0.427,8.821487426757812e-05,1,1,/home/zhangxu/yolov5-7.0/ga_cache/work_9fb5f2e169606851
17,23,874,run4_p1798000_e874,0.5871960520744324,0.5958002805709839,0.09963668137788773,0.033474136143922806,0.20149312913417816,0.048539333045482635,0.0,0.5871960520744324,0.5958002805709839,1.0989100441336632,1.0669482722878456,1.4029862582683563,0.048539333045482635,1.0,0.815,0.427,0.00010514259338378906,1,1,/home/zhangxu/yolov5-7.0/ga_cache/work_9fb5f2e169606851
17,24,875,run4_p1798000_e875,0.5871960520744324,0.5958002805709839,0.09963668137788773,0.033474136143922806,0.20149312913417816,0.048539333045482635,0.0,0.5871960520744324,0.5958002805709839,1.0989100441336632,1.0669482722878456,1.4029862582683563,0.048539333045482635,1.0,0.815,0.427,0.00010037422180175781,1,1,/home/zhangxu/yolov5-7.0/ga_cache/work_9fb5f2e169606851
17,25,876,run4_p1798000_e876,0.5871960520744324,0.5958002805709839,0.09963668137788773,0.033474136143922806,0.20149312913417816,0.048539333045482635,0.0,0.5871960520744324,0.5958002805709839,1.0989100441336632,1.0669482722878456,1.4029862582683563,0.048539333045482635,1.0,0.815,0.427,8.797645568847656e-05,1,1,/home/zhangxu/yolov5-7.0/ga_cache/work_9fb5f2e169606851
17,26,877,run4_p1798000_e877,0.5871960520744324,0.5958002805709839,0.09963668137788773,0.033474136143922806,0.20149312913417816,0.048539333045482635,0.0,0.5871960520744324,0.5958002805709839,1.0989100441336632,1.0669482722878456,1.4029862582683563,0.048539333045482635,1.0,0.815,0.427,9.894371032714844e-05,1,1,/home/zhangxu/yolov5-7.0/ga_cache/work_9fb5f2e169606851
17,27,878,run4_p1798000_e878,0.5871960520744324,0.5958002805709839,0.09963668137788773,0.033474136143922806,0.20149312913417816,0.048539333045482635,0.0,0.5871960520744324,0.5958002805709839,1.0989100441336632,1.0669482722878456,1.4029862582683563,0.048539333045482635,1.0,0.815,0.427,0.0001010894775390625,1,1,/home/zhangxu/yolov5-7.0/ga_cache/work_9fb5f2e169606851
17,28,879,run4_p1798000_e879,0.5871960520744324,0.5958002805709839,0.09963668137788773,0.033474136143922806,0.20149312913417816,0.048539333045482635,0.0,0.5871960520744324,0.5958002805709839,1.0989100441336632,1.0669482722878456,1.4029862582683563,0.048539333045482635,1.0,0.815,0.427,9.202957153320312e-05,1,1,/home/zhangxu/yolov5-7.0/ga_cache/work_9fb5f2e169606851
17,29,880,run4_p1798000_e880,0.5871960520744324,0.5958002805709839,0.09963668137788773,0.033474136143922806,0.20149312913417816,0.048539333045482635,0.0,0.5871960520744324,0.5958002805709839,1.0989100441336632,1.0669482722878456,1.4029862582683563,0.048539333045482635,1.0,0.815,0.427,9.322166442871094e-05,1,1,/home/zhangxu/yolov5-7.0/ga_cache/work_9fb5f2e169606851
17,30,881,run4_p1798000_e881,0.5871960520744324,0.5958002805709839,0.09963668137788773,0.033474136143922806,0.20149312913417816,0.048539333045482635,0.0,0.5871960520744324,0.5958002805709839,1.0989100441336632,1.0669482722878456,1.4029862582683563,0.048539333045482635,1.0,0.815,0.427,9.179115295410156e-05,1,1,/home/zhangxu/yolov5-7.0/ga_cache/work_9fb5f2e169606851
17,31,882,run4_p1798000_e882,0.5871960520744324,0.5958002805709839,0.09963668137788773,0.033474136143922806,0.20149312913417816,0.048539333045482635,0.0,0.5871960520744324,0.5958002805709839,1.0989100441336632,1.0669482722878456,1.4029862582683563,0.048539333045482635,1.0,0.815,0.427,8.749961853027344e-05,1,1,/home/zhangxu/yolov5-7.0/ga_cache/work_9fb5f2e169606851
17,32,883,run4_p1798000_e883,0.5871960520744324,0.5958002805709839,0.09963668137788773,0.033474136143922806,0.20149312913417816,0.048539333045482635,0.0,0.5871960520744324,0.5958002805709839,1.0989100441336632,1.0669482722878456,1.4029862582683563,0.048539333045482635,1.0,0.815,0.427,8.20159912109375e-05,1,1,/home/zhangxu/yolov5-7.0/ga_cache/work_9fb5f2e169606851
17,33,884,run4_p1798000_e884,0.5871960520744324,0.5958002805709839,0.09963668137788773,0.033474136143922806,0.20149312913417816,0.048539333045482635,0.0,0.5871960520744324,0.5958002805709839,1.0989100441336632,1.0669482722878456,1.4029862582683563,0.048539333045482635,1.0,0.815,0.427,0.000148773193359375,1,1,/home/zhangxu/yolov5-7.0/ga_cache/work_9fb5f2e169606851
17,34,885,run4_p1798000_e885,0.5871960520744324,0.5958002805709839,0.09963668137788773,0.033474136143922806,0.20149312913417816,0.048539333045482635,0.0,0.5871960520744324,0.5958002805709839,1.0989100441336632,1.0669482722878456,1.4029862582683563,0.048539333045482635,1.0,0.815,0.427,0.0001232624053955078,1,1,/home/zhangxu/yolov5-7.0/ga_cache/work_9fb5f2e169606851
17,35,886,run4_p1798000_e886,0.5871960520744324,0.5958002805709839,0.09963668137788773,0.033474136143922806,0.20149312913417816,0.048539333045482635,0.0,0.5871960520744324,0.5958002805709839,1.0989100441336632,1.0669482722878456,1.4029862582683563,0.048539333045482635,1.0,0.815,0.427,0.00010895729064941406,1,1,/home/zhangxu/yolov5-7.0/ga_cache/work_9fb5f2e169606851
17,36,887,run4_p1798000_e887,0.5871960520744324,0.5958002805709839,0.09963668137788773,0.033474136143922806,0.20149312913417816,0.048539333045482635,0.0,0.5871960520744324,0.5958002805709839,1.0989100441336632,1.0669482722878456,1.4029862582683563,0.048539333045482635,1.0,0.815,0.427,0.00011873245239257812,1,1,/home/zhangxu/yolov5-7.0/ga_cache/work_9fb5f2e169606851
17,37,888,run4_p1798000_e888,0.5871960520744324,0.5958002805709839,0.09963668137788773,0.033474136143922806,0.20149312913417816,0.048539333045482635,0.0,0.5871960520744324,0.5958002805709839,1.0989100441336632,1.0669482722878456,1.4029862582683563,0.048539333045482635,1.0,0.815,0.427,0.00010967254638671875,1,1,/home/zhangxu/yolov5-7.0/ga_cache/work_9fb5f2e169606851
17,38,889,run4_p1798000_e889,0.5125771164894104,0.6061735153198242,0.0,0.0,0.5100979804992676,0.0,0.0,0.5125771164894104,0.6061735153198242,0.8,1.0,2.020195960998535,0.0,1.0,0.803,0.415,590.3714895248413,1,0,/home/zhangxu/yolov5-7.0/ga_cache/work_51a24a21b9d17323
17,39,890,run4_p1798000_e890,0.5871960520744324,0.5958002805709839,0.09963668137788773,0.033474136143922806,0.20149312913417816,0.048539333045482635,0.0,0.5871960520744324,0.5958002805709839,1.0989100441336632,1.0669482722878456,1.4029862582683563,0.048539333045482635,1.0,0.815,0.427,8.559226989746094e-05,1,1,/home/zhangxu/yolov5-7.0/ga_cache/work_9fb5f2e169606851
17,40,891,run4_p1798000_e891,0.5871960520744324,0.5958002805709839,0.09963668137788773,0.033474136143922806,0.20149312913417816,0.048539333045482635,0.0,0.5871960520744324,0.5958002805709839,1.0989100441336632,1.0669482722878456,1.4029862582683563,0.048539333045482635,1.0,0.815,0.427,9.5367431640625e-05,1,1,/home/zhangxu/yolov5-7.0/ga_cache/work_9fb5f2e169606851
17,41,892,run4_p1798000_e892,0.5871960520744324,0.5958002805709839,0.09963668137788773,0.033474136143922806,0.20149312913417816,0.048539333045482635,0.0,0.5871960520744324,0.5958002805709839,1.0989100441336632,1.0669482722878456,1.4029862582683563,0.048539333045482635,1.0,0.815,0.427,8.344650268554688e-05,1,1,/home/zhangxu/yolov5-7.0/ga_cache/work_9fb5f2e169606851
17,42,893,run4_p1798000_e893,0.5871960520744324,0.5958002805709839,0.09963668137788773,0.033474136143922806,0.20149312913417816,0.048539333045482635,0.0,0.5871960520744324,0.5958002805709839,1.0989100441336632,1.0669482722878456,1.4029862582683563,0.048539333045482635,1.0,0.815,0.427,8.630752563476562e-05,1,1,/home/zhangxu/yolov5-7.0/ga_cache/work_9fb5f2e169606851
17,43,894,run4_p1798000_e894,0.5871960520744324,0.5958002805709839,0.09963668137788773,0.033474136143922806,0.20149312913417816,0.048539333045482635,0.0,0.5871960520744324,0.5958002805709839,1.0989100441336632,1.0669482722878456,1.4029862582683563,0.048539333045482635,1.0,0.815,0.427,8.678436279296875e-05,1,1,/home/zhangxu/yolov5-7.0/ga_cache/work_9fb5f2e169606851
17,44,895,run4_p1798000_e895,0.5871960520744324,0.5958002805709839,0.09963668137788773,0.033474136143922806,0.20149312913417816,0.048539333045482635,0.0,0.5871960520744324,0.5958002805709839,1.0989100441336632,1.0669482722878456,1.4029862582683563,0.048539333045482635,1.0,0.815,0.427,8.082389831542969e-05,1,1,/home/zhangxu/yolov5-7.0/ga_cache/work_9fb5f2e169606851
17,45,896,run4_p1798000_e896,0.5871960520744324,0.5958002805709839,0.09963668137788773,0.033474136143922806,0.20149312913417816,0.048539333045482635,0.0,0.5871960520744324,0.5958002805709839,1.0989100441336632,1.0669482722878456,1.4029862582683563,0.048539333045482635,1.0,0.815,0.427,7.987022399902344e-05,1,1,/home/zhangxu/yolov5-7.0/ga_cache/work_9fb5f2e169606851
17,46,897,run4_p1798000_e897,0.5871960520744324,0.5958002805709839,0.09963668137788773,0.033474136143922806,0.20149312913417816,0.048539333045482635,0.0,0.5871960520744324,0.5958002805709839,1.0989100441336632,1.0669482722878456,1.4029862582683563,0.048539333045482635,1.0,0.815,0.427,8.845329284667969e-05,1,1,/home/zhangxu/yolov5-7.0/ga_cache/work_9fb5f2e169606851
17,47,898,run4_p1798000_e898,0.5871960520744324,0.5958002805709839,0.09963668137788773,0.033474136143922806,0.20149312913417816,0.048539333045482635,0.0,0.5871960520744324,0.5958002805709839,1.0989100441336632,1.0669482722878456,1.4029862582683563,0.048539333045482635,1.0,0.815,0.427,8.368492126464844e-05,1,1,/home/zhangxu/yolov5-7.0/ga_cache/work_9fb5f2e169606851
17,48,899,run4_p1798000_e899,0.5871960520744324,0.5958002805709839,0.09963668137788773,0.033474136143922806,0.20149312913417816,0.048539333045482635,0.0,0.5871960520744324,0.5958002805709839,1.0989100441336632,1.0669482722878456,1.4029862582683563,0.048539333045482635,1.0,0.815,0.427,9.560585021972656e-05,1,1,/home/zhangxu/yolov5-7.0/ga_cache/work_9fb5f2e169606851
17,49,900,run4_p1798000_e900,0.5871960520744324,0.5958002805709839,0.09963668137788773,0.033474136143922806,0.20149312913417816,0.048539333045482635,0.0,0.5871960520744324,0.5958002805709839,1.0989100441336632,1.0669482722878456,1.4029862582683563,0.048539333045482635,1.0,0.815,0.427,8.392333984375e-05,1,1,/home/zhangxu/yolov5-7.0/ga_cache/work_9fb5f2e169606851
18,0,901,run4_p1798000_e901,0.5871960520744324,0.5958002805709839,0.09963668137788773,0.033474136143922806,0.20149312913417816,0.048539333045482635,0.0,0.5871960520744324,0.5958002805709839,1.0989100441336632,1.0669482722878456,1.4029862582683563,0.048539333045482635,1.0,0.815,0.427,0.0003058910369873047,1,1,/home/zhangxu/yolov5-7.0/ga_cache/work_9fb5f2e169606851
18,1,902,run4_p1798000_e902,0.5871960520744324,0.5958002805709839,0.09963668137788773,0.033474136143922806,0.20149312913417816,0.048539333045482635,0.0,0.5871960520744324,0.5958002805709839,1.0989100441336632,1.0669482722878456,1.4029862582683563,0.048539333045482635,1.0,0.815,0.427,0.00024008750915527344,1,1,/home/zhangxu/yolov5-7.0/ga_cache/work_9fb5f2e169606851
18,2,903,run4_p1798000_e903,0.5871960520744324,0.5958002805709839,0.09963668137788773,0.033474136143922806,0.20149312913417816,0.048539333045482635,0.0,0.5871960520744324,0.5958002805709839,1.0989100441336632,1.0669482722878456,1.4029862582683563,0.048539333045482635,1.0,0.815,0.427,0.000232696533203125,1,1,/home/zhangxu/yolov5-7.0/ga_cache/work_9fb5f2e169606851
18,3,904,run4_p1798000_e904,0.5871960520744324,0.5958002805709839,0.09963668137788773,0.033474136143922806,0.20149312913417816,0.048539333045482635,0.0,0.5871960520744324,0.5958002805709839,1.0989100441336632,1.0669482722878456,1.4029862582683563,0.048539333045482635,1.0,0.815,0.427,0.00022220611572265625,1,1,/home/zhangxu/yolov5-7.0/ga_cache/work_9fb5f2e169606851
18,4,905,run4_p1798000_e905,0.5871960520744324,0.5958002805709839,0.09963668137788773,0.033474136143922806,0.20149312913417816,0.048539333045482635,0.0,0.5871960520744324,0.5958002805709839,1.0989100441336632,1.0669482722878456,1.4029862582683563,0.048539333045482635,1.0,0.815,0.427,0.00023055076599121094,1,1,/home/zhangxu/yolov5-7.0/ga_cache/work_9fb5f2e169606851
18,5,906,run4_p1798000_e906,0.5871960520744324,0.5958002805709839,0.09963668137788773,0.033474136143922806,0.20149312913417816,0.048539333045482635,0.0,0.5871960520744324,0.5958002805709839,1.0989100441336632,1.0669482722878456,1.4029862582683563,0.048539333045482635,1.0,0.815,0.427,0.00025272369384765625,1,1,/home/zhangxu/yolov5-7.0/ga_cache/work_9fb5f2e169606851
18,6,907,run4_p1798000_e907,0.5871960520744324,0.5958002805709839,0.09963668137788773,0.033474136143922806,0.20149312913417816,0.048539333045482635,0.0,0.5871960520744324,0.5958002805709839,1.0989100441336632,1.0669482722878456,1.4029862582683563,0.048539333045482635,1.0,0.815,0.427,0.00024318695068359375,1,1,/home/zhangxu/yolov5-7.0/ga_cache/work_9fb5f2e169606851
18,7,908,run4_p1798000_e908,0.5871960520744324,0.5958002805709839,0.09963668137788773,0.033474136143922806,0.20149312913417816,0.048539333045482635,0.0,0.5871960520744324,0.5958002805709839,1.0989100441336632,1.0669482722878456,1.4029862582683563,0.048539333045482635,1.0,0.815,0.427,0.00022745132446289062,1,1,/home/zhangxu/yolov5-7.0/ga_cache/work_9fb5f2e169606851
18,8,909,run4_p1798000_e909,0.5871960520744324,0.5958002805709839,0.09963668137788773,0.033474136143922806,0.20149312913417816,0.048539333045482635,0.0,0.5871960520744324,0.5958002805709839,1.0989100441336632,1.0669482722878456,1.4029862582683563,0.048539333045482635,1.0,0.815,0.427,0.00026607513427734375,1,1,/home/zhangxu/yolov5-7.0/ga_cache/work_9fb5f2e169606851
18,9,910,run4_p1798000_e910,0.5871960520744324,0.5958002805709839,0.09963668137788773,0.033474136143922806,0.20149312913417816,0.048539333045482635,0.0,0.5871960520744324,0.5958002805709839,1.0989100441336632,1.0669482722878456,1.4029862582683563,0.048539333045482635,1.0,0.815,0.427,0.00010585784912109375,1,1,/home/zhangxu/yolov5-7.0/ga_cache/work_9fb5f2e169606851
18,10,911,run4_p1798000_e911,0.5871960520744324,0.5958002805709839,0.09963668137788773,0.033474136143922806,0.20149312913417816,0.048539333045482635,0.0,0.5871960520744324,0.5958002805709839,1.0989100441336632,1.0669482722878456,1.4029862582683563,0.048539333045482635,1.0,0.815,0.427,0.00026345252990722656,1,1,/home/zhangxu/yolov5-7.0/ga_cache/work_9fb5f2e169606851
18,11,912,run4_p1798000_e912,0.5871960520744324,0.5958002805709839,0.09963668137788773,0.033474136143922806,0.20149312913417816,0.048539333045482635,0.0,0.5871960520744324,0.5958002805709839,1.0989100441336632,1.0669482722878456,1.4029862582683563,0.048539333045482635,1.0,0.815,0.427,0.00010728836059570312,1,1,/home/zhangxu/yolov5-7.0/ga_cache/work_9fb5f2e169606851
18,12,913,run4_p1798000_e913,0.5871960520744324,0.5958002805709839,0.09963668137788773,0.033474136143922806,0.20149312913417816,0.048539333045482635,0.0,0.5871960520744324,0.5958002805709839,1.0989100441336632,1.0669482722878456,1.4029862582683563,0.048539333045482635,1.0,0.815,0.427,0.0002474784851074219,1,1,/home/zhangxu/yolov5-7.0/ga_cache/work_9fb5f2e169606851
18,13,914,run4_p1798000_e914,0.5871960520744324,0.5958002805709839,0.09963668137788773,0.033474136143922806,0.20149312913417816,0.048539333045482635,0.0,0.5871960520744324,0.5958002805709839,1.0989100441336632,1.0669482722878456,1.4029862582683563,0.048539333045482635,1.0,0.815,0.427,0.0001087188720703125,1,1,/home/zhangxu/yolov5-7.0/ga_cache/work_9fb5f2e169606851
18,14,915,run4_p1798000_e915,0.5871960520744324,0.5958002805709839,0.09963668137788773,0.033474136143922806,0.20149312913417816,0.048539333045482635,0.0,0.5871960520744324,0.5958002805709839,1.0989100441336632,1.0669482722878456,1.4029862582683563,0.048539333045482635,1.0,0.815,0.427,0.00010180473327636719,1,1,/home/zhangxu/yolov5-7.0/ga_cache/work_9fb5f2e169606851
18,15,916,run4_p1798000_e916,0.5871960520744324,0.5958002805709839,0.09963668137788773,0.033474136143922806,0.20149312913417816,0.048539333045482635,0.0,0.5871960520744324,0.5958002805709839,1.0989100441336632,1.0669482722878456,1.4029862582683563,0.048539333045482635,1.0,0.815,0.427,0.00010538101196289062,1,1,/home/zhangxu/yolov5-7.0/ga_cache/work_9fb5f2e169606851
18,16,917,run4_p1798000_e917,0.5871960520744324,0.5958002805709839,0.09963668137788773,0.033474136143922806,0.20149312913417816,0.048539333045482635,0.0,0.5871960520744324,0.5958002805709839,1.0989100441336632,1.0669482722878456,1.4029862582683563,0.048539333045482635,1.0,0.815,0.427,0.0002205371856689453,1,1,/home/zhangxu/yolov5-7.0/ga_cache/work_9fb5f2e169606851
18,17,918,run4_p1798000_e918,0.5871960520744324,0.5958002805709839,0.09963668137788773,0.033474136143922806,0.20149312913417816,0.048539333045482635,0.0,0.5871960520744324,0.5958002805709839,1.0989100441336632,1.0669482722878456,1.4029862582683563,0.048539333045482635,1.0,0.815,0.427,8.940696716308594e-05,1,1,/home/zhangxu/yolov5-7.0/ga_cache/work_9fb5f2e169606851
18,18,919,run4_p1798000_e919,0.5871960520744324,0.5958002805709839,0.09963668137788773,0.033474136143922806,0.20149312913417816,0.048539333045482635,0.0,0.5871960520744324,0.5958002805709839,1.0989100441336632,1.0669482722878456,1.4029862582683563,0.048539333045482635,1.0,0.815,0.427,0.00010585784912109375,1,1,/home/zhangxu/yolov5-7.0/ga_cache/work_9fb5f2e169606851
18,19,920,run4_p1798000_e920,0.5871960520744324,0.5958002805709839,0.09963668137788773,0.033474136143922806,0.20149312913417816,0.048539333045482635,0.0,0.5871960520744324,0.5958002805709839,1.0989100441336632,1.0669482722878456,1.4029862582683563,0.048539333045482635,1.0,0.815,0.427,9.250640869140625e-05,1,1,/home/zhangxu/yolov5-7.0/ga_cache/work_9fb5f2e169606851
18,20,921,run4_p1798000_e921,0.5871960520744324,0.5958002805709839,0.09963668137788773,0.033474136143922806,0.20149312913417816,0.048539333045482635,0.0,0.5871960520744324,0.5958002805709839,1.0989100441336632,1.0669482722878456,1.4029862582683563,0.048539333045482635,1.0,0.815,0.427,0.00010561943054199219,1,1,/home/zhangxu/yolov5-7.0/ga_cache/work_9fb5f2e169606851
18,21,922,run4_p1798000_e922,0.5871960520744324,0.5958002805709839,0.09963668137788773,0.033474136143922806,0.20149312913417816,0.048539333045482635,0.0,0.5871960520744324,0.5958002805709839,1.0989100441336632,1.0669482722878456,1.4029862582683563,0.048539333045482635,1.0,0.815,0.427,0.00010657310485839844,1,1,/home/zhangxu/yolov5-7.0/ga_cache/work_9fb5f2e169606851
18,22,923,run4_p1798000_e923,0.5871960520744324,0.5958002805709839,0.09963668137788773,0.033474136143922806,0.20149312913417816,0.048539333045482635,0.0,0.5871960520744324,0.5958002805709839,1.0989100441336632,1.0669482722878456,1.4029862582683563,0.048539333045482635,1.0,0.815,0.427,8.630752563476562e-05,1,1,/home/zhangxu/yolov5-7.0/ga_cache/work_9fb5f2e169606851
18,23,924,run4_p1798000_e924,0.5871960520744324,0.5958002805709839,0.09963668137788773,0.033474136143922806,0.20149312913417816,0.048539333045482635,0.0,0.5871960520744324,0.5958002805709839,1.0989100441336632,1.0669482722878456,1.4029862582683563,0.048539333045482635,1.0,0.815,0.427,9.131431579589844e-05,1,1,/home/zhangxu/yolov5-7.0/ga_cache/work_9fb5f2e169606851
18,24,925,run4_p1798000_e925,0.5871960520744324,0.5958002805709839,0.09963668137788773,0.033474136143922806,0.20149312913417816,0.048539333045482635,0.0,0.5871960520744324,0.5958002805709839,1.0989100441336632,1.0669482722878456,1.4029862582683563,0.048539333045482635,1.0,0.815,0.427,8.749961853027344e-05,1,1,/home/zhangxu/yolov5-7.0/ga_cache/work_9fb5f2e169606851
18,25,926,run4_p1798000_e926,0.5871960520744324,0.5958002805709839,0.09963668137788773,0.033474136143922806,0.20149312913417816,0.048539333045482635,0.0,0.5871960520744324,0.5958002805709839,1.0989100441336632,1.0669482722878456,1.4029862582683563,0.048539333045482635,1.0,0.815,0.427,9.036064147949219e-05,1,1,/home/zhangxu/yolov5-7.0/ga_cache/work_9fb5f2e169606851
18,26,927,run4_p1798000_e927,0.5871960520744324,0.5958002805709839,0.09963668137788773,0.033474136143922806,0.20149312913417816,0.048539333045482635,0.0,0.5871960520744324,0.5958002805709839,1.0989100441336632,1.0669482722878456,1.4029862582683563,0.048539333045482635,1.0,0.815,0.427,9.131431579589844e-05,1,1,/home/zhangxu/yolov5-7.0/ga_cache/work_9fb5f2e169606851
18,27,928,run4_p1798000_e928,0.5871960520744324,0.5958002805709839,0.09963668137788773,0.033474136143922806,0.20149312913417816,0.048539333045482635,0.0,0.5871960520744324,0.5958002805709839,1.0989100441336632,1.0669482722878456,1.4029862582683563,0.048539333045482635,1.0,0.815,0.427,0.00010633468627929688,1,1,/home/zhangxu/yolov5-7.0/ga_cache/work_9fb5f2e169606851
18,28,929,run4_p1798000_e929,0.5871960520744324,0.5958002805709839,0.09963668137788773,0.033474136143922806,0.20149312913417816,0.048539333045482635,0.0,0.5871960520744324,0.5958002805709839,1.0989100441336632,1.0669482722878456,1.4029862582683563,0.048539333045482635,1.0,0.815,0.427,8.702278137207031e-05,1,1,/home/zhangxu/yolov5-7.0/ga_cache/work_9fb5f2e169606851
18,29,930,run4_p1798000_e930,0.5871960520744324,0.5958002805709839,0.09963668137788773,0.033474136143922806,0.20149312913417816,0.048539333045482635,0.0,0.5871960520744324,0.5958002805709839,1.0989100441336632,1.0669482722878456,1.4029862582683563,0.048539333045482635,1.0,0.815,0.427,8.940696716308594e-05,1,1,/home/zhangxu/yolov5-7.0/ga_cache/work_9fb5f2e169606851
18,30,931,run4_p1798000_e931,0.5871960520744324,0.5958002805709839,0.09963668137788773,0.033474136143922806,0.20149312913417816,0.048539333045482635,0.0,0.5871960520744324,0.5958002805709839,1.0989100441336632,1.0669482722878456,1.4029862582683563,0.048539333045482635,1.0,0.815,0.427,8.130073547363281e-05,1,1,/home/zhangxu/yolov5-7.0/ga_cache/work_9fb5f2e169606851
18,31,932,run4_p1798000_e932,0.5871960520744324,0.5958002805709839,0.09963668137788773,0.033474136143922806,0.20149312913417816,0.048539333045482635,0.0,0.5871960520744324,0.5958002805709839,1.0989100441336632,1.0669482722878456,1.4029862582683563,0.048539333045482635,1.0,0.815,0.427,0.00012683868408203125,1,1,/home/zhangxu/yolov5-7.0/ga_cache/work_9fb5f2e169606851
18,32,933,run4_p1798000_e933,0.5871960520744324,0.5958002805709839,0.09963668137788773,0.033474136143922806,0.20149312913417816,0.048539333045482635,0.0,0.5871960520744324,0.5958002805709839,1.0989100441336632,1.0669482722878456,1.4029862582683563,0.048539333045482635,1.0,0.815,0.427,8.344650268554688e-05,1,1,/home/zhangxu/yolov5-7.0/ga_cache/work_9fb5f2e169606851
18,33,934,run4_p1798000_e934,0.5871960520744324,0.5958002805709839,0.09963668137788773,0.033474136143922806,0.20149312913417816,0.048539333045482635,0.0,0.5871960520744324,0.5958002805709839,1.0989100441336632,1.0669482722878456,1.4029862582683563,0.048539333045482635,1.0,0.815,0.427,0.00010657310485839844,1,1,/home/zhangxu/yolov5-7.0/ga_cache/work_9fb5f2e169606851
18,34,935,run4_p1798000_e935,0.5871960520744324,0.5958002805709839,0.09963668137788773,0.033474136143922806,0.20149312913417816,0.048539333045482635,0.0,0.5871960520744324,0.5958002805709839,1.0989100441336632,1.0669482722878456,1.4029862582683563,0.048539333045482635,1.0,0.815,0.427,0.00011754035949707031,1,1,/home/zhangxu/yolov5-7.0/ga_cache/work_9fb5f2e169606851
18,35,936,run4_p1798000_e936,0.5871960520744324,0.5958002805709839,0.09963668137788773,0.033474136143922806,0.20149312913417816,0.048539333045482635,0.0,0.5871960520744324,0.5958002805709839,1.0989100441336632,1.0669482722878456,1.4029862582683563,0.048539333045482635,1.0,0.815,0.427,0.00015306472778320312,1,1,/home/zhangxu/yolov5-7.0/ga_cache/work_9fb5f2e169606851
18,36,937,run4_p1798000_e937,0.5871960520744324,0.5958002805709839,0.09963668137788773,0.033474136143922806,0.20149312913417816,0.048539333045482635,0.0,0.5871960520744324,0.5958002805709839,1.0989100441336632,1.0669482722878456,1.4029862582683563,0.048539333045482635,1.0,0.815,0.427,0.00012493133544921875,1,1,/home/zhangxu/yolov5-7.0/ga_cache/work_9fb5f2e169606851
18,37,938,run4_p1798000_e938,0.5871960520744324,0.5958002805709839,0.09963668137788773,0.033474136143922806,0.20149312913417816,0.048539333045482635,0.0,0.5871960520744324,0.5958002805709839,1.0989100441336632,1.0669482722878456,1.4029862582683563,0.048539333045482635,1.0,0.815,0.427,0.00011610984802246094,1,1,/home/zhangxu/yolov5-7.0/ga_cache/work_9fb5f2e169606851
18,38,939,run4_p1798000_e939,0.5871960520744324,0.5958002805709839,0.09963668137788773,0.033474136143922806,0.20149312913417816,0.048539333045482635,0.0,0.5871960520744324,0.5958002805709839,1.0989100441336632,1.0669482722878456,1.4029862582683563,0.048539333045482635,1.0,0.815,0.427,0.0001125335693359375,1,1,/home/zhangxu/yolov5-7.0/ga_cache/work_9fb5f2e169606851
18,39,940,run4_p1798000_e940,0.5871960520744324,0.5958002805709839,0.09963668137788773,0.033474136143922806,0.20149312913417816,0.048539333045482635,0.0,0.5871960520744324,0.5958002805709839,1.0989100441336632,1.0669482722878456,1.4029862582683563,0.048539333045482635,1.0,0.815,0.427,0.00010418891906738281,1,1,/home/zhangxu/yolov5-7.0/ga_cache/work_9fb5f2e169606851
18,40,941,run4_p1798000_e941,0.5871960520744324,0.5958002805709839,0.09963668137788773,0.033474136143922806,0.20149312913417816,0.048539333045482635,0.0,0.5871960520744324,0.5958002805709839,1.0989100441336632,1.0669482722878456,1.4029862582683563,0.048539333045482635,1.0,0.815,0.427,9.012222290039062e-05,1,1,/home/zhangxu/yolov5-7.0/ga_cache/work_9fb5f2e169606851
18,41,942,run4_p1798000_e942,0.5871960520744324,0.5958002805709839,0.09963668137788773,0.033474136143922806,0.20149312913417816,0.048539333045482635,0.0,0.5871960520744324,0.5958002805709839,1.0989100441336632,1.0669482722878456,1.4029862582683563,0.048539333045482635,1.0,0.815,0.427,9.012222290039062e-05,1,1,/home/zhangxu/yolov5-7.0/ga_cache/work_9fb5f2e169606851
18,42,943,run4_p1798000_e943,0.5871960520744324,0.5958002805709839,0.09963668137788773,0.033474136143922806,0.20149312913417816,0.048539333045482635,0.0,0.5871960520744324,0.5958002805709839,1.0989100441336632,1.0669482722878456,1.4029862582683563,0.048539333045482635,1.0,0.815,0.427,8.392333984375e-05,1,1,/home/zhangxu/yolov5-7.0/ga_cache/work_9fb5f2e169606851
18,43,944,run4_p1798000_e944,0.5871960520744324,0.5958002805709839,0.09963668137788773,0.033474136143922806,0.20149312913417816,0.048539333045482635,0.0,0.5871960520744324,0.5958002805709839,1.0989100441336632,1.0669482722878456,1.4029862582683563,0.048539333045482635,1.0,0.815,0.427,7.987022399902344e-05,1,1,/home/zhangxu/yolov5-7.0/ga_cache/work_9fb5f2e169606851
18,44,945,run4_p1798000_e945,0.5871960520744324,0.5958002805709839,0.09963668137788773,0.033474136143922806,0.20149312913417816,0.048539333045482635,0.0,0.5871960520744324,0.5958002805709839,1.0989100441336632,1.0669482722878456,1.4029862582683563,0.048539333045482635,1.0,0.815,0.427,8.153915405273438e-05,1,1,/home/zhangxu/yolov5-7.0/ga_cache/work_9fb5f2e169606851
18,45,946,run4_p1798000_e946,0.5871960520744324,0.5958002805709839,0.09963668137788773,0.033474136143922806,0.20149312913417816,0.048539333045482635,0.0,0.5871960520744324,0.5958002805709839,1.0989100441336632,1.0669482722878456,1.4029862582683563,0.048539333045482635,1.0,0.815,0.427,9.34600830078125e-05,1,1,/home/zhangxu/yolov5-7.0/ga_cache/work_9fb5f2e169606851
18,46,947,run4_p1798000_e947,0.5871960520744324,0.5958002805709839,0.09963668137788773,0.033474136143922806,0.20149312913417816,0.048539333045482635,0.0,0.5871960520744324,0.5958002805709839,1.0989100441336632,1.0669482722878456,1.4029862582683563,0.048539333045482635,1.0,0.815,0.427,8.869171142578125e-05,1,1,/home/zhangxu/yolov5-7.0/ga_cache/work_9fb5f2e169606851
18,47,948,run4_p1798000_e948,0.5871960520744324,0.5958002805709839,0.09963668137788773,0.033474136143922806,0.20149312913417816,0.048539333045482635,0.0,0.5871960520744324,0.5958002805709839,1.0989100441336632,1.0669482722878456,1.4029862582683563,0.048539333045482635,1.0,0.815,0.427,8.0108642578125e-05,1,1,/home/zhangxu/yolov5-7.0/ga_cache/work_9fb5f2e169606851
18,48,949,run4_p1798000_e949,0.5871960520744324,0.5958002805709839,0.09963668137788773,0.033474136143922806,0.20149312913417816,0.048539333045482635,0.0,0.5871960520744324,0.5958002805709839,1.0989100441336632,1.0669482722878456,1.4029862582683563,0.048539333045482635,1.0,0.815,0.427,9.036064147949219e-05,1,1,/home/zhangxu/yolov5-7.0/ga_cache/work_9fb5f2e169606851
18,49,950,run4_p1798000_e950,0.5871960520744324,0.5958002805709839,0.09963668137788773,0.033474136143922806,0.20149312913417816,0.048539333045482635,0.0,0.5871960520744324,0.5958002805709839,1.0989100441336632,1.0669482722878456,1.4029862582683563,0.048539333045482635,1.0,0.815,0.427,8.368492126464844e-05,1,1,/home/zhangxu/yolov5-7.0/ga_cache/work_9fb5f2e169606851
19,0,951,run4_p1798000_e951,0.5871960520744324,0.5958002805709839,0.09963668137788773,0.033474136143922806,0.20149312913417816,0.048539333045482635,0.0,0.5871960520744324,0.5958002805709839,1.0989100441336632,1.0669482722878456,1.4029862582683563,0.048539333045482635,1.0,0.815,0.427,0.00017833709716796875,1,1,/home/zhangxu/yolov5-7.0/ga_cache/work_9fb5f2e169606851
19,1,952,run4_p1798000_e952,0.5871960520744324,0.5958002805709839,0.09963668137788773,0.033474136143922806,0.20149312913417816,0.048539333045482635,0.0,0.5871960520744324,0.5958002805709839,1.0989100441336632,1.0669482722878456,1.4029862582683563,0.048539333045482635,1.0,0.815,0.427,0.00016689300537109375,1,1,/home/zhangxu/yolov5-7.0/ga_cache/work_9fb5f2e169606851
19,2,953,run4_p1798000_e953,0.5871960520744324,0.5958002805709839,0.09963668137788773,0.033474136143922806,0.20149312913417816,0.048539333045482635,0.0,0.5871960520744324,0.5958002805709839,1.0989100441336632,1.0669482722878456,1.4029862582683563,0.048539333045482635,1.0,0.815,0.427,0.00013709068298339844,1,1,/home/zhangxu/yolov5-7.0/ga_cache/work_9fb5f2e169606851
19,3,954,run4_p1798000_e954,0.5871960520744324,0.5958002805709839,0.09963668137788773,0.033474136143922806,0.20149312913417816,0.048539333045482635,0.0,0.5871960520744324,0.5958002805709839,1.0989100441336632,1.0669482722878456,1.4029862582683563,0.048539333045482635,1.0,0.815,0.427,0.00021219253540039062,1,1,/home/zhangxu/yolov5-7.0/ga_cache/work_9fb5f2e169606851
19,4,955,run4_p1798000_e955,0.5871960520744324,0.5958002805709839,0.09963668137788773,0.033474136143922806,0.20149312913417816,0.048539333045482635,0.0,0.5871960520744324,0.5958002805709839,1.0989100441336632,1.0669482722878456,1.4029862582683563,0.048539333045482635,1.0,0.815,0.427,0.00013375282287597656,1,1,/home/zhangxu/yolov5-7.0/ga_cache/work_9fb5f2e169606851
19,5,956,run4_p1798000_e956,0.5871960520744324,0.5958002805709839,0.09963668137788773,0.033474136143922806,0.20149312913417816,0.048539333045482635,0.0,0.5871960520744324,0.5958002805709839,1.0989100441336632,1.0669482722878456,1.4029862582683563,0.048539333045482635,1.0,0.815,0.427,0.0002503395080566406,1,1,/home/zhangxu/yolov5-7.0/ga_cache/work_9fb5f2e169606851
19,6,957,run4_p1798000_e957,0.5871960520744324,0.5958002805709839,0.09963668137788773,0.033474136143922806,0.20149312913417816,0.048539333045482635,0.0,0.5871960520744324,0.5958002805709839,1.0989100441336632,1.0669482722878456,1.4029862582683563,0.048539333045482635,1.0,0.815,0.427,0.0001399517059326172,1,1,/home/zhangxu/yolov5-7.0/ga_cache/work_9fb5f2e169606851
19,7,958,run4_p1798000_e958,0.5871960520744324,0.5958002805709839,0.09963668137788773,0.033474136143922806,0.20149312913417816,0.048539333045482635,0.0,0.5871960520744324,0.5958002805709839,1.0989100441336632,1.0669482722878456,1.4029862582683563,0.048539333045482635,1.0,0.815,0.427,0.0001800060272216797,1,1,/home/zhangxu/yolov5-7.0/ga_cache/work_9fb5f2e169606851
19,8,959,run4_p1798000_e959,0.5871960520744324,0.5958002805709839,0.09963668137788773,0.033474136143922806,0.20149312913417816,0.048539333045482635,0.0,0.5871960520744324,0.5958002805709839,1.0989100441336632,1.0669482722878456,1.4029862582683563,0.048539333045482635,1.0,0.815,0.427,0.0003771781921386719,1,1,/home/zhangxu/yolov5-7.0/ga_cache/work_9fb5f2e169606851
19,9,960,run4_p1798000_e960,0.5871960520744324,0.5958002805709839,0.09963668137788773,0.033474136143922806,0.20149312913417816,0.048539333045482635,0.0,0.5871960520744324,0.5958002805709839,1.0989100441336632,1.0669482722878456,1.4029862582683563,0.048539333045482635,1.0,0.815,0.427,0.00034880638122558594,1,1,/home/zhangxu/yolov5-7.0/ga_cache/work_9fb5f2e169606851
19,10,961,run4_p1798000_e961,0.5871960520744324,0.5958002805709839,0.09963668137788773,0.033474136143922806,0.20149312913417816,0.048539333045482635,0.0,0.5871960520744324,0.5958002805709839,1.0989100441336632,1.0669482722878456,1.4029862582683563,0.048539333045482635,1.0,0.815,0.427,0.00016951560974121094,1,1,/home/zhangxu/yolov5-7.0/ga_cache/work_9fb5f2e169606851
19,11,962,run4_p1798000_e962,0.5871960520744324,0.5958002805709839,0.09963668137788773,0.033474136143922806,0.20149312913417816,0.048539333045482635,0.0,0.5871960520744324,0.5958002805709839,1.0989100441336632,1.0669482722878456,1.4029862582683563,0.048539333045482635,1.0,0.815,0.427,0.00013065338134765625,1,1,/home/zhangxu/yolov5-7.0/ga_cache/work_9fb5f2e169606851
19,12,963,run4_p1798000_e963,0.5871960520744324,0.5958002805709839,0.09963668137788773,0.033474136143922806,0.20149312913417816,0.048539333045482635,0.0,0.5871960520744324,0.5958002805709839,1.0989100441336632,1.0669482722878456,1.4029862582683563,0.048539333045482635,1.0,0.815,0.427,0.00019097328186035156,1,1,/home/zhangxu/yolov5-7.0/ga_cache/work_9fb5f2e169606851
19,13,964,run4_p1798000_e964,0.5871960520744324,0.5958002805709839,0.09963668137788773,0.033474136143922806,0.20149312913417816,0.048539333045482635,0.0,0.5871960520744324,0.5958002805709839,1.0989100441336632,1.0669482722878456,1.4029862582683563,0.048539333045482635,1.0,0.815,0.427,0.0004990100860595703,1,1,/home/zhangxu/yolov5-7.0/ga_cache/work_9fb5f2e169606851
19,14,965,run4_p1798000_e965,0.5871960520744324,0.5958002805709839,0.09963668137788773,0.033474136143922806,0.20149312913417816,0.048539333045482635,0.0,0.5871960520744324,0.5958002805709839,1.0989100441336632,1.0669482722878456,1.4029862582683563,0.048539333045482635,1.0,0.815,0.427,0.00040268898010253906,1,1,/home/zhangxu/yolov5-7.0/ga_cache/work_9fb5f2e169606851
19,15,966,run4_p1798000_e966,0.5871960520744324,0.5958002805709839,0.09963668137788773,0.033474136143922806,0.20149312913417816,0.048539333045482635,0.0,0.5871960520744324,0.5958002805709839,1.0989100441336632,1.0669482722878456,1.4029862582683563,0.048539333045482635,1.0,0.815,0.427,0.00032711029052734375,1,1,/home/zhangxu/yolov5-7.0/ga_cache/work_9fb5f2e169606851
19,16,967,run4_p1798000_e967,0.5871960520744324,0.5958002805709839,0.09963668137788773,0.033474136143922806,0.20149312913417816,0.048539333045482635,0.0,0.5871960520744324,0.5958002805709839,1.0989100441336632,1.0669482722878456,1.4029862582683563,0.048539333045482635,1.0,0.815,0.427,0.0004127025604248047,1,1,/home/zhangxu/yolov5-7.0/ga_cache/work_9fb5f2e169606851
19,17,968,run4_p1798000_e968,0.5871960520744324,0.5958002805709839,0.09963668137788773,0.033474136143922806,0.20149312913417816,0.048539333045482635,0.0,0.5871960520744324,0.5958002805709839,1.0989100441336632,1.0669482722878456,1.4029862582683563,0.048539333045482635,1.0,0.815,0.427,0.0002713203430175781,1,1,/home/zhangxu/yolov5-7.0/ga_cache/work_9fb5f2e169606851
19,18,969,run4_p1798000_e969,0.5871960520744324,0.5958002805709839,0.09963668137788773,0.033474136143922806,0.20149312913417816,0.048539333045482635,0.0,0.5871960520744324,0.5958002805709839,1.0989100441336632,1.0669482722878456,1.4029862582683563,0.048539333045482635,1.0,0.815,0.427,0.00019240379333496094,1,1,/home/zhangxu/yolov5-7.0/ga_cache/work_9fb5f2e169606851
19,19,970,run4_p1798000_e970,0.5871960520744324,0.5958002805709839,0.09963668137788773,0.033474136143922806,0.20149312913417816,0.048539333045482635,0.0,0.5871960520744324,0.5958002805709839,1.0989100441336632,1.0669482722878456,1.4029862582683563,0.048539333045482635,1.0,0.815,0.427,0.00010919570922851562,1,1,/home/zhangxu/yolov5-7.0/ga_cache/work_9fb5f2e169606851
19,20,971,run4_p1798000_e971,0.5871960520744324,0.5958002805709839,0.09963668137788773,0.033474136143922806,0.20149312913417816,0.048539333045482635,0.0,0.5871960520744324,0.5958002805709839,1.0989100441336632,1.0669482722878456,1.4029862582683563,0.048539333045482635,1.0,0.815,0.427,0.0002872943878173828,1,1,/home/zhangxu/yolov5-7.0/ga_cache/work_9fb5f2e169606851
19,21,972,run4_p1798000_e972,0.5871960520744324,0.5958002805709839,0.09963668137788773,0.033474136143922806,0.20149312913417816,0.048539333045482635,0.0,0.5871960520744324,0.5958002805709839,1.0989100441336632,1.0669482722878456,1.4029862582683563,0.048539333045482635,1.0,0.815,0.427,0.0006945133209228516,1,1,/home/zhangxu/yolov5-7.0/ga_cache/work_9fb5f2e169606851
19,22,973,run4_p1798000_e973,0.5871960520744324,0.5958002805709839,0.09963668137788773,0.033474136143922806,0.20149312913417816,0.048539333045482635,0.0,0.5871960520744324,0.5958002805709839,1.0989100441336632,1.0669482722878456,1.4029862582683563,0.048539333045482635,1.0,0.815,0.427,0.00010395050048828125,1,1,/home/zhangxu/yolov5-7.0/ga_cache/work_9fb5f2e169606851
19,23,974,run4_p1798000_e974,0.5871960520744324,0.5958002805709839,0.09963668137788773,0.033474136143922806,0.20149312913417816,0.048539333045482635,0.0,0.5871960520744324,0.5958002805709839,1.0989100441336632,1.0669482722878456,1.4029862582683563,0.048539333045482635,1.0,0.815,0.427,0.00010585784912109375,1,1,/home/zhangxu/yolov5-7.0/ga_cache/work_9fb5f2e169606851
19,24,975,run4_p1798000_e975,0.5871960520744324,0.5958002805709839,0.09963668137788773,0.033474136143922806,0.20149312913417816,0.048539333045482635,0.0,0.5871960520744324,0.5958002805709839,1.0989100441336632,1.0669482722878456,1.4029862582683563,0.048539333045482635,1.0,0.815,0.427,8.821487426757812e-05,1,1,/home/zhangxu/yolov5-7.0/ga_cache/work_9fb5f2e169606851
19,25,976,run4_p1798000_e976,0.5871960520744324,0.5958002805709839,0.09963668137788773,0.033474136143922806,0.20149312913417816,0.048539333045482635,0.0,0.5871960520744324,0.5958002805709839,1.0989100441336632,1.0669482722878456,1.4029862582683563,0.048539333045482635,1.0,0.815,0.427,9.703636169433594e-05,1,1,/home/zhangxu/yolov5-7.0/ga_cache/work_9fb5f2e169606851
19,26,977,run4_p1798000_e977,0.5871960520744324,0.5958002805709839,0.09963668137788773,0.033474136143922806,0.20149312913417816,0.048539333045482635,0.0,0.5871960520744324,0.5958002805709839,1.0989100441336632,1.0669482722878456,1.4029862582683563,0.048539333045482635,1.0,0.815,0.427,0.0002880096435546875,1,1,/home/zhangxu/yolov5-7.0/ga_cache/work_9fb5f2e169606851
19,27,978,run4_p1798000_e978,0.5871960520744324,0.5958002805709839,0.09963668137788773,0.033474136143922806,0.20149312913417816,0.048539333045482635,0.0,0.5871960520744324,0.5958002805709839,1.0989100441336632,1.0669482722878456,1.4029862582683563,0.048539333045482635,1.0,0.815,0.427,0.0001010894775390625,1,1,/home/zhangxu/yolov5-7.0/ga_cache/work_9fb5f2e169606851
19,28,979,run4_p1798000_e979,0.5871960520744324,0.5958002805709839,0.09963668137788773,0.033474136143922806,0.20149312913417816,0.048539333045482635,0.0,0.5871960520744324,0.5958002805709839,1.0989100441336632,1.0669482722878456,1.4029862582683563,0.048539333045482635,1.0,0.815,0.427,0.00010967254638671875,1,1,/home/zhangxu/yolov5-7.0/ga_cache/work_9fb5f2e169606851
19,29,980,run4_p1798000_e980,0.5871960520744324,0.5958002805709839,0.09963668137788773,0.033474136143922806,0.20149312913417816,0.048539333045482635,0.0,0.5871960520744324,0.5958002805709839,1.0989100441336632,1.0669482722878456,1.4029862582683563,0.048539333045482635,1.0,0.815,0.427,0.00015974044799804688,1,1,/home/zhangxu/yolov5-7.0/ga_cache/work_9fb5f2e169606851
19,30,981,run4_p1798000_e981,0.5871960520744324,0.5958002805709839,0.09963668137788773,0.033474136143922806,0.20149312913417816,0.048539333045482635,0.0,0.5871960520744324,0.5958002805709839,1.0989100441336632,1.0669482722878456,1.4029862582683563,0.048539333045482635,1.0,0.815,0.427,0.00010561943054199219,1,1,/home/zhangxu/yolov5-7.0/ga_cache/work_9fb5f2e169606851
19,31,982,run4_p1798000_e982,0.5871960520744324,0.5958002805709839,0.09963668137788773,0.033474136143922806,0.20149312913417816,0.048539333045482635,0.0,0.5871960520744324,0.5958002805709839,1.0989100441336632,1.0669482722878456,1.4029862582683563,0.048539333045482635,1.0,0.815,0.427,8.845329284667969e-05,1,1,/home/zhangxu/yolov5-7.0/ga_cache/work_9fb5f2e169606851
19,32,983,run4_p1798000_e983,0.5871960520744324,0.5958002805709839,0.09963668137788773,0.033474136143922806,0.20149312913417816,0.048539333045482635,0.0,0.5871960520744324,0.5958002805709839,1.0989100441336632,1.0669482722878456,1.4029862582683563,0.048539333045482635,1.0,0.815,0.427,8.463859558105469e-05,1,1,/home/zhangxu/yolov5-7.0/ga_cache/work_9fb5f2e169606851
19,33,984,run4_p1798000_e984,0.5871960520744324,0.5958002805709839,0.09963668137788773,0.033474136143922806,0.20149312913417816,0.048539333045482635,0.0,0.5871960520744324,0.5958002805709839,1.0989100441336632,1.0669482722878456,1.4029862582683563,0.048539333045482635,1.0,0.815,0.427,0.000141143798828125,1,1,/home/zhangxu/yolov5-7.0/ga_cache/work_9fb5f2e169606851
19,34,985,run4_p1798000_e985,0.5871960520744324,0.5958002805709839,0.09963668137788773,0.033474136143922806,0.20149312913417816,0.048539333045482635,0.0,0.5871960520744324,0.5958002805709839,1.0989100441336632,1.0669482722878456,1.4029862582683563,0.048539333045482635,1.0,0.815,0.427,9.417533874511719e-05,1,1,/home/zhangxu/yolov5-7.0/ga_cache/work_9fb5f2e169606851
19,35,986,run4_p1798000_e986,0.5871960520744324,0.5958002805709839,0.09963668137788773,0.033474136143922806,0.20149312913417816,0.048539333045482635,0.0,0.5871960520744324,0.5958002805709839,1.0989100441336632,1.0669482722878456,1.4029862582683563,0.048539333045482635,1.0,0.815,0.427,8.559226989746094e-05,1,1,/home/zhangxu/yolov5-7.0/ga_cache/work_9fb5f2e169606851
19,36,987,run4_p1798000_e987,0.5871960520744324,0.5958002805709839,0.09963668137788773,0.033474136143922806,0.20149312913417816,0.048539333045482635,0.0,0.5871960520744324,0.5958002805709839,1.0989100441336632,1.0669482722878456,1.4029862582683563,0.048539333045482635,1.0,0.815,0.427,9.226799011230469e-05,1,1,/home/zhangxu/yolov5-7.0/ga_cache/work_9fb5f2e169606851
19,37,988,run4_p1798000_e988,0.5871960520744324,0.5958002805709839,0.09963668137788773,0.033474136143922806,0.20149312913417816,0.048539333045482635,0.0,0.5871960520744324,0.5958002805709839,1.0989100441336632,1.0669482722878456,1.4029862582683563,0.048539333045482635,1.0,0.815,0.427,9.989738464355469e-05,1,1,/home/zhangxu/yolov5-7.0/ga_cache/work_9fb5f2e169606851
19,38,989,run4_p1798000_e989,0.5871960520744324,0.5958002805709839,0.09963668137788773,0.033474136143922806,0.20149312913417816,0.048539333045482635,0.0,0.5871960520744324,0.5958002805709839,1.0989100441336632,1.0669482722878456,1.4029862582683563,0.048539333045482635,1.0,0.815,0.427,9.584426879882812e-05,1,1,/home/zhangxu/yolov5-7.0/ga_cache/work_9fb5f2e169606851
19,39,990,run4_p1798000_e990,0.5871960520744324,0.5958002805709839,0.09963668137788773,0.033474136143922806,0.20149312913417816,0.048539333045482635,0.0,0.5871960520744324,0.5958002805709839,1.0989100441336632,1.0669482722878456,1.4029862582683563,0.048539333045482635,1.0,0.815,0.427,9.918212890625e-05,1,1,/home/zhangxu/yolov5-7.0/ga_cache/work_9fb5f2e169606851
19,40,991,run4_p1798000_e991,0.5871960520744324,0.5958002805709839,0.09963668137788773,0.033474136143922806,0.20149312913417816,0.048539333045482635,0.0,0.5871960520744324,0.5958002805709839,1.0989100441336632,1.0669482722878456,1.4029862582683563,0.048539333045482635,1.0,0.815,0.427,9.107589721679688e-05,1,1,/home/zhangxu/yolov5-7.0/ga_cache/work_9fb5f2e169606851
19,41,992,run4_p1798000_e992,0.5871960520744324,0.5958002805709839,0.09963668137788773,0.033474136143922806,0.20149312913417816,0.048539333045482635,0.0,0.5871960520744324,0.5958002805709839,1.0989100441336632,1.0669482722878456,1.4029862582683563,0.048539333045482635,1.0,0.815,0.427,8.821487426757812e-05,1,1,/home/zhangxu/yolov5-7.0/ga_cache/work_9fb5f2e169606851
19,42,993,run4_p1798000_e993,0.5871960520744324,0.5958002805709839,0.09963668137788773,0.033474136143922806,0.20149312913417816,0.048539333045482635,0.0,0.5871960520744324,0.5958002805709839,1.0989100441336632,1.0669482722878456,1.4029862582683563,0.048539333045482635,1.0,0.815,0.427,8.440017700195312e-05,1,1,/home/zhangxu/yolov5-7.0/ga_cache/work_9fb5f2e169606851
19,43,994,run4_p1798000_e994,0.5871960520744324,0.5958002805709839,0.09963668137788773,0.033474136143922806,0.20149312913417816,0.048539333045482635,0.0,0.5871960520744324,0.5958002805709839,1.0989100441336632,1.0669482722878456,1.4029862582683563,0.048539333045482635,1.0,0.815,0.427,0.00014495849609375,1,1,/home/zhangxu/yolov5-7.0/ga_cache/work_9fb5f2e169606851
19,44,995,run4_p1798000_e995,0.5871960520744324,0.5958002805709839,0.09963668137788773,0.033474136143922806,0.20149312913417816,0.048539333045482635,0.0,0.5871960520744324,0.5958002805709839,1.0989100441336632,1.0669482722878456,1.4029862582683563,0.048539333045482635,1.0,0.815,0.427,0.00011181831359863281,1,1,/home/zhangxu/yolov5-7.0/ga_cache/work_9fb5f2e169606851
19,45,996,run4_p1798000_e996,0.5871960520744324,0.5958002805709839,0.09963668137788773,0.033474136143922806,0.20149312913417816,0.048539333045482635,0.0,0.5871960520744324,0.5958002805709839,1.0989100441336632,1.0669482722878456,1.4029862582683563,0.048539333045482635,1.0,0.815,0.427,8.821487426757812e-05,1,1,/home/zhangxu/yolov5-7.0/ga_cache/work_9fb5f2e169606851
19,46,997,run4_p1798000_e997,0.5871960520744324,0.5958002805709839,0.09963668137788773,0.033474136143922806,0.20149312913417816,0.048539333045482635,0.0,0.5871960520744324,0.5958002805709839,1.0989100441336632,1.0669482722878456,1.4029862582683563,0.048539333045482635,1.0,0.815,0.427,8.630752563476562e-05,1,1,/home/zhangxu/yolov5-7.0/ga_cache/work_9fb5f2e169606851
19,47,998,run4_p1798000_e998,0.5871960520744324,0.5958002805709839,0.09963668137788773,0.033474136143922806,0.20149312913417816,0.048539333045482635,0.0,0.5871960520744324,0.5958002805709839,1.0989100441336632,1.0669482722878456,1.4029862582683563,0.048539333045482635,1.0,0.815,0.427,0.0006098747253417969,1,1,/home/zhangxu/yolov5-7.0/ga_cache/work_9fb5f2e169606851
19,48,999,run4_p1798000_e999,0.5871960520744324,0.5958002805709839,0.09963668137788773,0.033474136143922806,0.20149312913417816,0.048539333045482635,0.0,0.5871960520744324,0.5958002805709839,1.0989100441336632,1.0669482722878456,1.4029862582683563,0.048539333045482635,1.0,0.815,0.427,0.00013589859008789062,1,1,/home/zhangxu/yolov5-7.0/ga_cache/work_9fb5f2e169606851
19,49,1000,run4_p1798000_e1000,0.5871960520744324,0.5958002805709839,0.09963668137788773,0.033474136143922806,0.20149312913417816,0.048539333045482635,0.0,0.5871960520744324,0.5958002805709839,1.0989100441336632,1.0669482722878456,1.4029862582683563,0.048539333045482635,1.0,0.815,0.427,0.0005207061767578125,1,1,/home/zhangxu/yolov5-7.0/ga_cache/work_9fb5f2e169606851
20,0,1001,run4_p1798000_e1001,0.5871960520744324,0.5958002805709839,0.09963668137788773,0.033474136143922806,0.20149312913417816,0.048539333045482635,0.0,0.5871960520744324,0.5958002805709839,1.0989100441336632,1.0669482722878456,1.4029862582683563,0.048539333045482635,1.0,0.815,0.427,0.00010633468627929688,1,1,/home/zhangxu/yolov5-7.0/ga_cache/work_9fb5f2e169606851
20,1,1002,run4_p1798000_e1002,0.5871960520744324,0.5958002805709839,0.09963668137788773,0.033474136143922806,0.20149312913417816,0.048539333045482635,0.0,0.5871960520744324,0.5958002805709839,1.0989100441336632,1.0669482722878456,1.4029862582683563,0.048539333045482635,1.0,0.815,0.427,9.5367431640625e-05,1,1,/home/zhangxu/yolov5-7.0/ga_cache/work_9fb5f2e169606851
20,2,1003,run4_p1798000_e1003,0.5871960520744324,0.5958002805709839,0.09963668137788773,0.033474136143922806,0.20149312913417816,0.048539333045482635,0.0,0.5871960520744324,0.5958002805709839,1.0989100441336632,1.0669482722878456,1.4029862582683563,0.048539333045482635,1.0,0.815,0.427,9.059906005859375e-05,1,1,/home/zhangxu/yolov5-7.0/ga_cache/work_9fb5f2e169606851
20,3,1004,run4_p1798000_e1004,0.5871960520744324,0.5958002805709839,0.09963668137788773,0.033474136143922806,0.20149312913417816,0.048539333045482635,0.0,0.5871960520744324,0.5958002805709839,1.0989100441336632,1.0669482722878456,1.4029862582683563,0.048539333045482635,1.0,0.815,0.427,0.00023865699768066406,1,1,/home/zhangxu/yolov5-7.0/ga_cache/work_9fb5f2e169606851
20,4,1005,run4_p1798000_e1005,0.5871960520744324,0.5958002805709839,0.09963668137788773,0.033474136143922806,0.20149312913417816,0.048539333045482635,0.0,0.5871960520744324,0.5958002805709839,1.0989100441336632,1.0669482722878456,1.4029862582683563,0.048539333045482635,1.0,0.815,0.427,0.00012946128845214844,1,1,/home/zhangxu/yolov5-7.0/ga_cache/work_9fb5f2e169606851
20,5,1006,run4_p1798000_e1006,0.5871960520744324,0.5958002805709839,0.09963668137788773,0.033474136143922806,0.20149312913417816,0.048539333045482635,0.0,0.5871960520744324,0.5958002805709839,1.0989100441336632,1.0669482722878456,1.4029862582683563,0.048539333045482635,1.0,0.815,0.427,0.00010251998901367188,1,1,/home/zhangxu/yolov5-7.0/ga_cache/work_9fb5f2e169606851
20,6,1007,run4_p1798000_e1007,0.5871960520744324,0.5958002805709839,0.09963668137788773,0.033474136143922806,0.20149312913417816,0.048539333045482635,0.0,0.5871960520744324,0.5958002805709839,1.0989100441336632,1.0669482722878456,1.4029862582683563,0.048539333045482635,1.0,0.815,0.427,0.0002319812774658203,1,1,/home/zhangxu/yolov5-7.0/ga_cache/work_9fb5f2e169606851
20,7,1008,run4_p1798000_e1008,0.5871960520744324,0.5958002805709839,0.09963668137788773,0.033474136143922806,0.20149312913417816,0.048539333045482635,0.0,0.5871960520744324,0.5958002805709839,1.0989100441336632,1.0669482722878456,1.4029862582683563,0.048539333045482635,1.0,0.815,0.427,7.987022399902344e-05,1,1,/home/zhangxu/yolov5-7.0/ga_cache/work_9fb5f2e169606851
20,8,1009,run4_p1798000_e1009,0.5871960520744324,0.5958002805709839,0.09963668137788773,0.033474136143922806,0.20149312913417816,0.048539333045482635,0.0,0.5871960520744324,0.5958002805709839,1.0989100441336632,1.0669482722878456,1.4029862582683563,0.048539333045482635,1.0,0.815,0.427,8.535385131835938e-05,1,1,/home/zhangxu/yolov5-7.0/ga_cache/work_9fb5f2e169606851
20,9,1010,run4_p1798000_e1010,0.5871960520744324,0.5958002805709839,0.09963668137788773,0.033474136143922806,0.20149312913417816,0.048539333045482635,0.0,0.5871960520744324,0.5958002805709839,1.0989100441336632,1.0669482722878456,1.4029862582683563,0.048539333045482635,1.0,0.815,0.427,0.00011873245239257812,1,1,/home/zhangxu/yolov5-7.0/ga_cache/work_9fb5f2e169606851
20,10,1011,run4_p1798000_e1011,0.5871960520744324,0.5958002805709839,0.09963668137788773,0.033474136143922806,0.20149312913417816,0.048539333045482635,0.0,0.5871960520744324,0.5958002805709839,1.0989100441336632,1.0669482722878456,1.4029862582683563,0.048539333045482635,1.0,0.815,0.427,0.00010967254638671875,1,1,/home/zhangxu/yolov5-7.0/ga_cache/work_9fb5f2e169606851
20,11,1012,run4_p1798000_e1012,0.5871960520744324,0.5958002805709839,0.09963668137788773,0.033474136143922806,0.20149312913417816,0.048539333045482635,0.0,0.5871960520744324,0.5958002805709839,1.0989100441336632,1.0669482722878456,1.4029862582683563,0.048539333045482635,1.0,0.815,0.427,0.0001246929168701172,1,1,/home/zhangxu/yolov5-7.0/ga_cache/work_9fb5f2e169606851
20,12,1013,run4_p1798000_e1013,0.5871960520744324,0.5958002805709839,0.09963668137788773,0.033474136143922806,0.20149312913417816,0.048539333045482635,0.0,0.5871960520744324,0.5958002805709839,1.0989100441336632,1.0669482722878456,1.4029862582683563,0.048539333045482635,1.0,0.815,0.427,8.702278137207031e-05,1,1,/home/zhangxu/yolov5-7.0/ga_cache/work_9fb5f2e169606851
20,13,1014,run4_p1798000_e1014,0.5871960520744324,0.5958002805709839,0.09963668137788773,0.033474136143922806,0.20149312913417816,0.048539333045482635,0.0,0.5871960520744324,0.5958002805709839,1.0989100441336632,1.0669482722878456,1.4029862582683563,0.048539333045482635,1.0,0.815,0.427,0.00024771690368652344,1,1,/home/zhangxu/yolov5-7.0/ga_cache/work_9fb5f2e169606851
20,14,1015,run4_p1798000_e1015,0.5871960520744324,0.5958002805709839,0.09963668137788773,0.033474136143922806,0.20149312913417816,0.048539333045482635,0.0,0.5871960520744324,0.5958002805709839,1.0989100441336632,1.0669482722878456,1.4029862582683563,0.048539333045482635,1.0,0.815,0.427,8.630752563476562e-05,1,1,/home/zhangxu/yolov5-7.0/ga_cache/work_9fb5f2e169606851
20,15,1016,run4_p1798000_e1016,0.5871960520744324,0.5958002805709839,0.09963668137788773,0.033474136143922806,0.20149312913417816,0.048539333045482635,0.0,0.5871960520744324,0.5958002805709839,1.0989100441336632,1.0669482722878456,1.4029862582683563,0.048539333045482635,1.0,0.815,0.427,0.00016498565673828125,1,1,/home/zhangxu/yolov5-7.0/ga_cache/work_9fb5f2e169606851
20,16,1017,run4_p1798000_e1017,0.5871960520744324,0.5958002805709839,0.09963668137788773,0.033474136143922806,0.20149312913417816,0.048539333045482635,0.0,0.5871960520744324,0.5958002805709839,1.0989100441336632,1.0669482722878456,1.4029862582683563,0.048539333045482635,1.0,0.815,0.427,8.082389831542969e-05,1,1,/home/zhangxu/yolov5-7.0/ga_cache/work_9fb5f2e169606851
20,17,1018,run4_p1798000_e1018,0.5871960520744324,0.5958002805709839,0.09963668137788773,0.033474136143922806,0.20149312913417816,0.048539333045482635,0.0,0.5871960520744324,0.5958002805709839,1.0989100441336632,1.0669482722878456,1.4029862582683563,0.048539333045482635,1.0,0.815,0.427,9.72747802734375e-05,1,1,/home/zhangxu/yolov5-7.0/ga_cache/work_9fb5f2e169606851
20,18,1019,run4_p1798000_e1019,0.5871960520744324,0.5958002805709839,0.09963668137788773,0.033474136143922806,0.20149312913417816,0.048539333045482635,0.0,0.5871960520744324,0.5958002805709839,1.0989100441336632,1.0669482722878456,1.4029862582683563,0.048539333045482635,1.0,0.815,0.427,8.630752563476562e-05,1,1,/home/zhangxu/yolov5-7.0/ga_cache/work_9fb5f2e169606851
20,19,1020,run4_p1798000_e1020,0.5871960520744324,0.5958002805709839,0.09963668137788773,0.033474136143922806,0.20149312913417816,0.048539333045482635,0.0,0.5871960520744324,0.5958002805709839,1.0989100441336632,1.0669482722878456,1.4029862582683563,0.048539333045482635,1.0,0.815,0.427,9.012222290039062e-05,1,1,/home/zhangxu/yolov5-7.0/ga_cache/work_9fb5f2e169606851
20,20,1021,run4_p1798000_e1021,0.5871960520744324,0.5958002805709839,0.09963668137788773,0.033474136143922806,0.20149312913417816,0.048539333045482635,0.0,0.5871960520744324,0.5958002805709839,1.0989100441336632,1.0669482722878456,1.4029862582683563,0.048539333045482635,1.0,0.815,0.427,9.584426879882812e-05,1,1,/home/zhangxu/yolov5-7.0/ga_cache/work_9fb5f2e169606851
20,21,1022,run4_p1798000_e1022,0.5871960520744324,0.5958002805709839,0.09963668137788773,0.033474136143922806,0.20149312913417816,0.048539333045482635,0.0,0.5871960520744324,0.5958002805709839,1.0989100441336632,1.0669482722878456,1.4029862582683563,0.048539333045482635,1.0,0.815,0.427,8.630752563476562e-05,1,1,/home/zhangxu/yolov5-7.0/ga_cache/work_9fb5f2e169606851
20,22,1023,run4_p1798000_e1023,0.5871960520744324,0.5958002805709839,0.09963668137788773,0.033474136143922806,0.20149312913417816,0.048539333045482635,0.0,0.5871960520744324,0.5958002805709839,1.0989100441336632,1.0669482722878456,1.4029862582683563,0.048539333045482635,1.0,0.815,0.427,9.465217590332031e-05,1,1,/home/zhangxu/yolov5-7.0/ga_cache/work_9fb5f2e169606851
20,23,1024,run4_p1798000_e1024,0.5871960520744324,0.5958002805709839,0.09963668137788773,0.033474136143922806,0.20149312913417816,0.048539333045482635,0.0,0.5871960520744324,0.5958002805709839,1.0989100441336632,1.0669482722878456,1.4029862582683563,0.048539333045482635,1.0,0.815,0.427,0.000102996826171875,1,1,/home/zhangxu/yolov5-7.0/ga_cache/work_9fb5f2e169606851
20,24,1025,run4_p1798000_e1025,0.5871960520744324,0.5958002805709839,0.09963668137788773,0.033474136143922806,0.20149312913417816,0.048539333045482635,0.0,0.5871960520744324,0.5958002805709839,1.0989100441336632,1.0669482722878456,1.4029862582683563,0.048539333045482635,1.0,0.815,0.427,7.82012939453125e-05,1,1,/home/zhangxu/yolov5-7.0/ga_cache/work_9fb5f2e169606851
20,25,1026,run4_p1798000_e1026,0.5871960520744324,0.5958002805709839,0.09963668137788773,0.033474136143922806,0.20149312913417816,0.048539333045482635,0.0,0.5871960520744324,0.5958002805709839,1.0989100441336632,1.0669482722878456,1.4029862582683563,0.048539333045482635,1.0,0.815,0.427,8.320808410644531e-05,1,1,/home/zhangxu/yolov5-7.0/ga_cache/work_9fb5f2e169606851
20,26,1027,run4_p1798000_e1027,0.5871960520744324,0.5958002805709839,0.09963668137788773,0.033474136143922806,0.20149312913417816,0.048539333045482635,0.0,0.5871960520744324,0.5958002805709839,1.0989100441336632,1.0669482722878456,1.4029862582683563,0.048539333045482635,1.0,0.815,0.427,8.368492126464844e-05,1,1,/home/zhangxu/yolov5-7.0/ga_cache/work_9fb5f2e169606851
20,27,1028,run4_p1798000_e1028,0.5871960520744324,0.5958002805709839,0.09963668137788773,0.033474136143922806,0.20149312913417816,0.048539333045482635,0.0,0.5871960520744324,0.5958002805709839,1.0989100441336632,1.0669482722878456,1.4029862582683563,0.048539333045482635,1.0,0.815,0.427,9.584426879882812e-05,1,1,/home/zhangxu/yolov5-7.0/ga_cache/work_9fb5f2e169606851
20,28,1029,run4_p1798000_e1029,0.5871960520744324,0.5958002805709839,0.09963668137788773,0.033474136143922806,0.20149312913417816,0.048539333045482635,0.0,0.5871960520744324,0.5958002805709839,1.0989100441336632,1.0669482722878456,1.4029862582683563,0.048539333045482635,1.0,0.815,0.427,0.0001423358917236328,1,1,/home/zhangxu/yolov5-7.0/ga_cache/work_9fb5f2e169606851
20,29,1030,run4_p1798000_e1030,0.5871960520744324,0.5958002805709839,0.09963668137788773,0.033474136143922806,0.20149312913417816,0.048539333045482635,0.0,0.5871960520744324,0.5958002805709839,1.0989100441336632,1.0669482722878456,1.4029862582683563,0.048539333045482635,1.0,0.815,0.427,9.036064147949219e-05,1,1,/home/zhangxu/yolov5-7.0/ga_cache/work_9fb5f2e169606851
20,30,1031,run4_p1798000_e1031,0.5871960520744324,0.5958002805709839,0.09963668137788773,0.033474136143922806,0.20149312913417816,0.048539333045482635,0.0,0.5871960520744324,0.5958002805709839,1.0989100441336632,1.0669482722878456,1.4029862582683563,0.048539333045482635,1.0,0.815,0.427,7.987022399902344e-05,1,1,/home/zhangxu/yolov5-7.0/ga_cache/work_9fb5f2e169606851
20,31,1032,run4_p1798000_e1032,0.5871960520744324,0.5958002805709839,0.09963668137788773,0.033474136143922806,0.20149312913417816,0.048539333045482635,0.0,0.5871960520744324,0.5958002805709839,1.0989100441336632,1.0669482722878456,1.4029862582683563,0.048539333045482635,1.0,0.815,0.427,8.296966552734375e-05,1,1,/home/zhangxu/yolov5-7.0/ga_cache/work_9fb5f2e169606851
20,32,1033,run4_p1798000_e1033,0.5871960520744324,0.5958002805709839,0.09963668137788773,0.033474136143922806,0.20149312913417816,0.048539333045482635,0.0,0.5871960520744324,0.5958002805709839,1.0989100441336632,1.0669482722878456,1.4029862582683563,0.048539333045482635,1.0,0.815,0.427,7.867813110351562e-05,1,1,/home/zhangxu/yolov5-7.0/ga_cache/work_9fb5f2e169606851
20,33,1034,run4_p1798000_e1034,0.5871960520744324,0.5958002805709839,0.09963668137788773,0.033474136143922806,0.20149312913417816,0.048539333045482635,0.0,0.5871960520744324,0.5958002805709839,1.0989100441336632,1.0669482722878456,1.4029862582683563,0.048539333045482635,1.0,0.815,0.427,0.00010180473327636719,1,1,/home/zhangxu/yolov5-7.0/ga_cache/work_9fb5f2e169606851
20,34,1035,run4_p1798000_e1035,0.5871960520744324,0.5958002805709839,0.09963668137788773,0.033474136143922806,0.20149312913417816,0.048539333045482635,0.0,0.5871960520744324,0.5958002805709839,1.0989100441336632,1.0669482722878456,1.4029862582683563,0.048539333045482635,1.0,0.815,0.427,8.296966552734375e-05,1,1,/home/zhangxu/yolov5-7.0/ga_cache/work_9fb5f2e169606851
20,35,1036,run4_p1798000_e1036,0.5871960520744324,0.5958002805709839,0.09963668137788773,0.033474136143922806,0.20149312913417816,0.048539333045482635,0.0,0.5871960520744324,0.5958002805709839,1.0989100441336632,1.0669482722878456,1.4029862582683563,0.048539333045482635,1.0,0.815,0.427,9.083747863769531e-05,1,1,/home/zhangxu/yolov5-7.0/ga_cache/work_9fb5f2e169606851
20,36,1037,run4_p1798000_e1037,0.5871960520744324,0.5958002805709839,0.09963668137788773,0.033474136143922806,0.20149312913417816,0.048539333045482635,0.0,0.5871960520744324,0.5958002805709839,1.0989100441336632,1.0669482722878456,1.4029862582683563,0.048539333045482635,1.0,0.815,0.427,9.584426879882812e-05,1,1,/home/zhangxu/yolov5-7.0/ga_cache/work_9fb5f2e169606851
20,37,1038,run4_p1798000_e1038,0.5871960520744324,0.5958002805709839,0.09963668137788773,0.033474136143922806,0.20149312913417816,0.048539333045482635,0.0,0.5871960520744324,0.5958002805709839,1.0989100441336632,1.0669482722878456,1.4029862582683563,0.048539333045482635,1.0,0.815,0.427,0.00019741058349609375,1,1,/home/zhangxu/yolov5-7.0/ga_cache/work_9fb5f2e169606851
20,38,1039,run4_p1798000_e1039,0.5871960520744324,0.5958002805709839,0.09963668137788773,0.033474136143922806,0.20149312913417816,0.048539333045482635,0.0,0.5871960520744324,0.5958002805709839,1.0989100441336632,1.0669482722878456,1.4029862582683563,0.048539333045482635,1.0,0.815,0.427,8.845329284667969e-05,1,1,/home/zhangxu/yolov5-7.0/ga_cache/work_9fb5f2e169606851
20,39,1040,run4_p1798000_e1040,0.5871960520744324,0.5958002805709839,0.09963668137788773,0.033474136143922806,0.20149312913417816,0.048539333045482635,0.0,0.5871960520744324,0.5958002805709839,1.0989100441336632,1.0669482722878456,1.4029862582683563,0.048539333045482635,1.0,0.815,0.427,8.821487426757812e-05,1,1,/home/zhangxu/yolov5-7.0/ga_cache/work_9fb5f2e169606851
20,40,1041,run4_p1798000_e1041,0.5871960520744324,0.5958002805709839,0.09963668137788773,0.033474136143922806,0.20149312913417816,0.048539333045482635,0.0,0.5871960520744324,0.5958002805709839,1.0989100441336632,1.0669482722878456,1.4029862582683563,0.048539333045482635,1.0,0.815,0.427,8.869171142578125e-05,1,1,/home/zhangxu/yolov5-7.0/ga_cache/work_9fb5f2e169606851
20,41,1042,run4_p1798000_e1042,0.5871960520744324,0.5958002805709839,0.09963668137788773,0.033474136143922806,0.20149312913417816,0.048539333045482635,0.0,0.5871960520744324,0.5958002805709839,1.0989100441336632,1.0669482722878456,1.4029862582683563,0.048539333045482635,1.0,0.815,0.427,7.677078247070312e-05,1,1,/home/zhangxu/yolov5-7.0/ga_cache/work_9fb5f2e169606851
20,42,1043,run4_p1798000_e1043,0.5871960520744324,0.5958002805709839,0.09963668137788773,0.033474136143922806,0.20149312913417816,0.048539333045482635,0.0,0.5871960520744324,0.5958002805709839,1.0989100441336632,1.0669482722878456,1.4029862582683563,0.048539333045482635,1.0,0.815,0.427,8.20159912109375e-05,1,1,/home/zhangxu/yolov5-7.0/ga_cache/work_9fb5f2e169606851
20,43,1044,run4_p1798000_e1044,0.5871960520744324,0.5958002805709839,0.09963668137788773,0.033474136143922806,0.20149312913417816,0.048539333045482635,0.0,0.5871960520744324,0.5958002805709839,1.0989100441336632,1.0669482722878456,1.4029862582683563,0.048539333045482635,1.0,0.815,0.427,0.0001461505889892578,1,1,/home/zhangxu/yolov5-7.0/ga_cache/work_9fb5f2e169606851
20,44,1045,run4_p1798000_e1045,0.5871960520744324,0.5958002805709839,0.09963668137788773,0.033474136143922806,0.20149312913417816,0.048539333045482635,0.0,0.5871960520744324,0.5958002805709839,1.0989100441336632,1.0669482722878456,1.4029862582683563,0.048539333045482635,1.0,0.815,0.427,7.677078247070312e-05,1,1,/home/zhangxu/yolov5-7.0/ga_cache/work_9fb5f2e169606851
20,45,1046,run4_p1798000_e1046,0.5871960520744324,0.5958002805709839,0.09963668137788773,0.033474136143922806,0.20149312913417816,0.048539333045482635,0.0,0.5871960520744324,0.5958002805709839,1.0989100441336632,1.0669482722878456,1.4029862582683563,0.048539333045482635,1.0,0.815,0.427,8.535385131835938e-05,1,1,/home/zhangxu/yolov5-7.0/ga_cache/work_9fb5f2e169606851
20,46,1047,run4_p1798000_e1047,0.5871960520744324,0.5958002805709839,0.09963668137788773,0.033474136143922806,0.20149312913417816,0.048539333045482635,0.0,0.5871960520744324,0.5958002805709839,1.0989100441336632,1.0669482722878456,1.4029862582683563,0.048539333045482635,1.0,0.815,0.427,8.845329284667969e-05,1,1,/home/zhangxu/yolov5-7.0/ga_cache/work_9fb5f2e169606851
20,47,1048,run4_p1798000_e1048,0.5871960520744324,0.5958002805709839,0.09963668137788773,0.033474136143922806,0.20149312913417816,0.048539333045482635,0.0,0.5871960520744324,0.5958002805709839,1.0989100441336632,1.0669482722878456,1.4029862582683563,0.048539333045482635,1.0,0.815,0.427,8.487701416015625e-05,1,1,/home/zhangxu/yolov5-7.0/ga_cache/work_9fb5f2e169606851
20,48,1049,run4_p1798000_e1049,0.5871960520744324,0.5958002805709839,0.09963668137788773,0.033474136143922806,0.20149312913417816,0.048539333045482635,0.0,0.5871960520744324,0.5958002805709839,1.0989100441336632,1.0669482722878456,1.4029862582683563,0.048539333045482635,1.0,0.815,0.427,0.0002155303955078125,1,1,/home/zhangxu/yolov5-7.0/ga_cache/work_9fb5f2e169606851
20,49,1050,run4_p1798000_e1050,0.5871960520744324,0.5958002805709839,0.09963668137788773,0.033474136143922806,0.20149312913417816,0.048539333045482635,0.0,0.5871960520744324,0.5958002805709839,1.0989100441336632,1.0669482722878456,1.4029862582683563,0.048539333045482635,1.0,0.815,0.427,0.00016808509826660156,1,1,/home/zhangxu/yolov5-7.0/ga_cache/work_9fb5f2e169606851
21,0,1051,run4_p1798000_e1051,0.5871960520744324,0.5958002805709839,0.09963668137788773,0.033474136143922806,0.20149312913417816,0.048539333045482635,0.0,0.5871960520744324,0.5958002805709839,1.0989100441336632,1.0669482722878456,1.4029862582683563,0.048539333045482635,1.0,0.815,0.427,0.00010466575622558594,1,1,/home/zhangxu/yolov5-7.0/ga_cache/work_9fb5f2e169606851
21,1,1052,run4_p1798000_e1052,0.5871960520744324,0.5958002805709839,0.09963668137788773,0.033474136143922806,0.20149312913417816,0.048539333045482635,0.0,0.5871960520744324,0.5958002805709839,1.0989100441336632,1.0669482722878456,1.4029862582683563,0.048539333045482635,1.0,0.815,0.427,0.00011682510375976562,1,1,/home/zhangxu/yolov5-7.0/ga_cache/work_9fb5f2e169606851
21,2,1053,run4_p1798000_e1053,0.5871960520744324,0.5958002805709839,0.09963668137788773,0.033474136143922806,0.20149312913417816,0.048539333045482635,0.0,0.5871960520744324,0.5958002805709839,1.0989100441336632,1.0669482722878456,1.4029862582683563,0.048539333045482635,1.0,0.815,0.427,8.845329284667969e-05,1,1,/home/zhangxu/yolov5-7.0/ga_cache/work_9fb5f2e169606851
21,3,1054,run4_p1798000_e1054,0.5871960520744324,0.5958002805709839,0.09963668137788773,0.033474136143922806,0.20149312913417816,0.048539333045482635,0.0,0.5871960520744324,0.5958002805709839,1.0989100441336632,1.0669482722878456,1.4029862582683563,0.048539333045482635,1.0,0.815,0.427,0.00010371208190917969,1,1,/home/zhangxu/yolov5-7.0/ga_cache/work_9fb5f2e169606851
21,4,1055,run4_p1798000_e1055,0.5871960520744324,0.5958002805709839,0.09963668137788773,0.033474136143922806,0.20149312913417816,0.048539333045482635,0.0,0.5871960520744324,0.5958002805709839,1.0989100441336632,1.0669482722878456,1.4029862582683563,0.048539333045482635,1.0,0.815,0.427,9.393692016601562e-05,1,1,/home/zhangxu/yolov5-7.0/ga_cache/work_9fb5f2e169606851
21,5,1056,run4_p1798000_e1056,0.5991888642311096,0.4539957642555237,0.039534568786621094,0.005988843739032745,0.23748619854450226,0.0,0.00902759749442339,0.5991888642311096,0.4539957642555237,0.9186037063598633,1.0119776874780655,1.4749723970890045,0.0,1.013541396241635,0.81,0.425,838.1654884815216,1,0,/home/zhangxu/yolov5-7.0/ga_cache/work_e5c3facb2b495812
21,6,1057,run4_p1798000_e1057,0.5871960520744324,0.5958002805709839,0.09963668137788773,0.033474136143922806,0.20149312913417816,0.048539333045482635,0.0,0.5871960520744324,0.5958002805709839,1.0989100441336632,1.0669482722878456,1.4029862582683563,0.048539333045482635,1.0,0.815,0.427,0.00018739700317382812,1,1,/home/zhangxu/yolov5-7.0/ga_cache/work_9fb5f2e169606851
21,7,1058,run4_p1798000_e1058,0.5871960520744324,0.5958002805709839,0.09963668137788773,0.033474136143922806,0.20149312913417816,0.048539333045482635,0.0,0.5871960520744324,0.5958002805709839,1.0989100441336632,1.0669482722878456,1.4029862582683563,0.048539333045482635,1.0,0.815,0.427,0.00013637542724609375,1,1,/home/zhangxu/yolov5-7.0/ga_cache/work_9fb5f2e169606851
21,8,1059,run4_p1798000_e1059,0.5871960520744324,0.5958002805709839,0.09963668137788773,0.033474136143922806,0.20149312913417816,0.048539333045482635,0.0,0.5871960520744324,0.5958002805709839,1.0989100441336632,1.0669482722878456,1.4029862582683563,0.048539333045482635,1.0,0.815,0.427,0.0001049041748046875,1,1,/home/zhangxu/yolov5-7.0/ga_cache/work_9fb5f2e169606851
21,9,1060,run4_p1798000_e1060,0.5871960520744324,0.5958002805709839,0.09963668137788773,0.033474136143922806,0.20149312913417816,0.048539333045482635,0.0,0.5871960520744324,0.5958002805709839,1.0989100441336632,1.0669482722878456,1.4029862582683563,0.048539333045482635,1.0,0.815,0.427,9.1552734375e-05,1,1,/home/zhangxu/yolov5-7.0/ga_cache/work_9fb5f2e169606851
21,10,1061,run4_p1798000_e1061,0.4881526231765747,0.4582175016403198,0.26344695687294006,0.17371423542499542,0.1749490648508072,0.1449941098690033,0.0,0.4881526231765747,0.4582175016403198,1.5903408706188202,1.3474284708499908,1.3498981297016144,0.1449941098690033,1.0,0.809,0.42,851.209903717041,1,0,/home/zhangxu/yolov5-7.0/ga_cache/work_cf06cf9c0cb94acf
21,11,1062,run4_p1798000_e1062,0.5871960520744324,0.5958002805709839,0.09963668137788773,0.033474136143922806,0.20149312913417816,0.048539333045482635,0.0,0.5871960520744324,0.5958002805709839,1.0989100441336632,1.0669482722878456,1.4029862582683563,0.048539333045482635,1.0,0.815,0.427,8.726119995117188e-05,1,1,/home/zhangxu/yolov5-7.0/ga_cache/work_9fb5f2e169606851
21,12,1063,run4_p1798000_e1063,0.5871960520744324,0.5958002805709839,0.09963668137788773,0.033474136143922806,0.20149312913417816,0.048539333045482635,0.0,0.5871960520744324,0.5958002805709839,1.0989100441336632,1.0669482722878456,1.4029862582683563,0.048539333045482635,1.0,0.815,0.427,8.559226989746094e-05,1,1,/home/zhangxu/yolov5-7.0/ga_cache/work_9fb5f2e169606851
21,13,1064,run4_p1798000_e1064,0.5871960520744324,0.5958002805709839,0.09963668137788773,0.033474136143922806,0.20149312913417816,0.048539333045482635,0.0,0.5871960520744324,0.5958002805709839,1.0989100441336632,1.0669482722878456,1.4029862582683563,0.048539333045482635,1.0,0.815,0.427,8.416175842285156e-05,1,1,/home/zhangxu/yolov5-7.0/ga_cache/work_9fb5f2e169606851
21,14,1065,run4_p1798000_e1065,0.5871960520744324,0.5958002805709839,0.09963668137788773,0.033474136143922806,0.20149312913417816,0.048539333045482635,0.0,0.5871960520744324,0.5958002805709839,1.0989100441336632,1.0669482722878456,1.4029862582683563,0.048539333045482635,1.0,0.815,0.427,0.0002758502960205078,1,1,/home/zhangxu/yolov5-7.0/ga_cache/work_9fb5f2e169606851
21,15,1066,run4_p1798000_e1066,0.5871960520744324,0.5958002805709839,0.09963668137788773,0.033474136143922806,0.20149312913417816,0.048539333045482635,0.0,0.5871960520744324,0.5958002805709839,1.0989100441336632,1.0669482722878456,1.4029862582683563,0.048539333045482635,1.0,0.815,0.427,8.082389831542969e-05,1,1,/home/zhangxu/yolov5-7.0/ga_cache/work_9fb5f2e169606851
21,16,1067,run4_p1798000_e1067,0.5871960520744324,0.5958002805709839,0.09963668137788773,0.033474136143922806,0.20149312913417816,0.048539333045482635,0.0,0.5871960520744324,0.5958002805709839,1.0989100441336632,1.0669482722878456,1.4029862582683563,0.048539333045482635,1.0,0.815,0.427,0.00020384788513183594,1,1,/home/zhangxu/yolov5-7.0/ga_cache/work_9fb5f2e169606851
21,17,1068,run4_p1798000_e1068,0.5871960520744324,0.5958002805709839,0.09963668137788773,0.033474136143922806,0.20149312913417816,0.048539333045482635,0.0,0.5871960520744324,0.5958002805709839,1.0989100441336632,1.0669482722878456,1.4029862582683563,0.048539333045482635,1.0,0.815,0.427,7.772445678710938e-05,1,1,/home/zhangxu/yolov5-7.0/ga_cache/work_9fb5f2e169606851
21,18,1069,run4_p1798000_e1069,0.5871960520744324,0.5958002805709839,0.09963668137788773,0.033474136143922806,0.20149312913417816,0.048539333045482635,0.0,0.5871960520744324,0.5958002805709839,1.0989100441336632,1.0669482722878456,1.4029862582683563,0.048539333045482635,1.0,0.815,0.427,8.630752563476562e-05,1,1,/home/zhangxu/yolov5-7.0/ga_cache/work_9fb5f2e169606851
21,19,1070,run4_p1798000_e1070,0.5871960520744324,0.5958002805709839,0.09963668137788773,0.033474136143922806,0.20149312913417816,0.048539333045482635,0.0,0.5871960520744324,0.5958002805709839,1.0989100441336632,1.0669482722878456,1.4029862582683563,0.048539333045482635,1.0,0.815,0.427,0.00014448165893554688,1,1,/home/zhangxu/yolov5-7.0/ga_cache/work_9fb5f2e169606851
21,20,1071,run4_p1798000_e1071,0.5871960520744324,0.5958002805709839,0.09963668137788773,0.033474136143922806,0.20149312913417816,0.048539333045482635,0.0,0.5871960520744324,0.5958002805709839,1.0989100441336632,1.0669482722878456,1.4029862582683563,0.048539333045482635,1.0,0.815,0.427,8.988380432128906e-05,1,1,/home/zhangxu/yolov5-7.0/ga_cache/work_9fb5f2e169606851
21,21,1072,run4_p1798000_e1072,0.5871960520744324,0.5958002805709839,0.09963668137788773,0.033474136143922806,0.20149312913417816,0.048539333045482635,0.0,0.5871960520744324,0.5958002805709839,1.0989100441336632,1.0669482722878456,1.4029862582683563,0.048539333045482635,1.0,0.815,0.427,8.296966552734375e-05,1,1,/home/zhangxu/yolov5-7.0/ga_cache/work_9fb5f2e169606851
21,22,1073,run4_p1798000_e1073,0.5871960520744324,0.5958002805709839,0.09963668137788773,0.033474136143922806,0.20149312913417816,0.048539333045482635,0.0,0.5871960520744324,0.5958002805709839,1.0989100441336632,1.0669482722878456,1.4029862582683563,0.048539333045482635,1.0,0.815,0.427,8.296966552734375e-05,1,1,/home/zhangxu/yolov5-7.0/ga_cache/work_9fb5f2e169606851
21,23,1074,run4_p1798000_e1074,0.5871960520744324,0.5958002805709839,0.09963668137788773,0.033474136143922806,0.20149312913417816,0.048539333045482635,0.0,0.5871960520744324,0.5958002805709839,1.0989100441336632,1.0669482722878456,1.4029862582683563,0.048539333045482635,1.0,0.815,0.427,8.106231689453125e-05,1,1,/home/zhangxu/yolov5-7.0/ga_cache/work_9fb5f2e169606851
21,24,1075,run4_p1798000_e1075,0.5871960520744324,0.5958002805709839,0.09963668137788773,0.033474136143922806,0.20149312913417816,0.048539333045482635,0.0,0.5871960520744324,0.5958002805709839,1.0989100441336632,1.0669482722878456,1.4029862582683563,0.048539333045482635,1.0,0.815,0.427,8.535385131835938e-05,1,1,/home/zhangxu/yolov5-7.0/ga_cache/work_9fb5f2e169606851
21,25,1076,run4_p1798000_e1076,0.5871960520744324,0.5958002805709839,0.09963668137788773,0.033474136143922806,0.20149312913417816,0.048539333045482635,0.0,0.5871960520744324,0.5958002805709839,1.0989100441336632,1.0669482722878456,1.4029862582683563,0.048539333045482635,1.0,0.815,0.427,8.153915405273438e-05,1,1,/home/zhangxu/yolov5-7.0/ga_cache/work_9fb5f2e169606851
21,26,1077,run4_p1798000_e1077,0.5871960520744324,0.5958002805709839,0.09963668137788773,0.033474136143922806,0.20149312913417816,0.048539333045482635,0.0,0.5871960520744324,0.5958002805709839,1.0989100441336632,1.0669482722878456,1.4029862582683563,0.048539333045482635,1.0,0.815,0.427,8.153915405273438e-05,1,1,/home/zhangxu/yolov5-7.0/ga_cache/work_9fb5f2e169606851
21,27,1078,run4_p1798000_e1078,0.5871960520744324,0.5958002805709839,0.09963668137788773,0.033474136143922806,0.20149312913417816,0.048539333045482635,0.0,0.5871960520744324,0.5958002805709839,1.0989100441336632,1.0669482722878456,1.4029862582683563,0.048539333045482635,1.0,0.815,0.427,7.843971252441406e-05,1,1,/home/zhangxu/yolov5-7.0/ga_cache/work_9fb5f2e169606851
21,28,1079,run4_p1798000_e1079,0.5871960520744324,0.5958002805709839,0.09963668137788773,0.033474136143922806,0.20149312913417816,0.048539333045482635,0.0,0.5871960520744324,0.5958002805709839,1.0989100441336632,1.0669482722878456,1.4029862582683563,0.048539333045482635,1.0,0.815,0.427,8.821487426757812e-05,1,1,/home/zhangxu/yolov5-7.0/ga_cache/work_9fb5f2e169606851
21,29,1080,run4_p1798000_e1080,0.5871960520744324,0.5958002805709839,0.09963668137788773,0.033474136143922806,0.20149312913417816,0.048539333045482635,0.0,0.5871960520744324,0.5958002805709839,1.0989100441336632,1.0669482722878456,1.4029862582683563,0.048539333045482635,1.0,0.815,0.427,8.153915405273438e-05,1,1,/home/zhangxu/yolov5-7.0/ga_cache/work_9fb5f2e169606851
21,30,1081,run4_p1798000_e1081,0.5871960520744324,0.5958002805709839,0.09963668137788773,0.033474136143922806,0.20149312913417816,0.048539333045482635,0.0,0.5871960520744324,0.5958002805709839,1.0989100441336632,1.0669482722878456,1.4029862582683563,0.048539333045482635,1.0,0.815,0.427,7.939338684082031e-05,1,1,/home/zhangxu/yolov5-7.0/ga_cache/work_9fb5f2e169606851
21,31,1082,run4_p1798000_e1082,0.3308132588863373,0.5233566761016846,0.09588845819234848,0.04624444246292114,0.28319084644317627,0.0,0.0,0.3308132588863373,0.5233566761016846,1.0876653745770455,1.0924888849258423,1.5663816928863525,0.0,1.0,0.81,0.425,846.556812286377,1,0,/home/zhangxu/yolov5-7.0/ga_cache/work_9d914285f32daaac
21,32,1083,run4_p1798000_e1083,0.5871960520744324,0.5958002805709839,0.09963668137788773,0.033474136143922806,0.20149312913417816,0.048539333045482635,0.0,0.5871960520744324,0.5958002805709839,1.0989100441336632,1.0669482722878456,1.4029862582683563,0.048539333045482635,1.0,0.815,0.427,0.0001399517059326172,1,1,/home/zhangxu/yolov5-7.0/ga_cache/work_9fb5f2e169606851
21,33,1084,run4_p1798000_e1084,0.5871960520744324,0.5958002805709839,0.09963668137788773,0.033474136143922806,0.20149312913417816,0.048539333045482635,0.0,0.5871960520744324,0.5958002805709839,1.0989100441336632,1.0669482722878456,1.4029862582683563,0.048539333045482635,1.0,0.815,0.427,7.843971252441406e-05,1,1,/home/zhangxu/yolov5-7.0/ga_cache/work_9fb5f2e169606851
21,34,1085,run4_p1798000_e1085,0.5871960520744324,0.5958002805709839,0.09963668137788773,0.033474136143922806,0.20149312913417816,0.048539333045482635,0.0,0.5871960520744324,0.5958002805709839,1.0989100441336632,1.0669482722878456,1.4029862582683563,0.048539333045482635,1.0,0.815,0.427,8.344650268554688e-05,1,1,/home/zhangxu/yolov5-7.0/ga_cache/work_9fb5f2e169606851
21,35,1086,run4_p1798000_e1086,0.5871960520744324,0.5958002805709839,0.09963668137788773,0.033474136143922806,0.20149312913417816,0.048539333045482635,0.0,0.5871960520744324,0.5958002805709839,1.0989100441336632,1.0669482722878456,1.4029862582683563,0.048539333045482635,1.0,0.815,0.427,8.153915405273438e-05,1,1,/home/zhangxu/yolov5-7.0/ga_cache/work_9fb5f2e169606851
21,36,1087,run4_p1798000_e1087,0.5871960520744324,0.5958002805709839,0.09963668137788773,0.033474136143922806,0.20149312913417816,0.048539333045482635,0.0,0.5871960520744324,0.5958002805709839,1.0989100441336632,1.0669482722878456,1.4029862582683563,0.048539333045482635,1.0,0.815,0.427,0.00010967254638671875,1,1,/home/zhangxu/yolov5-7.0/ga_cache/work_9fb5f2e169606851
21,37,1088,run4_p1798000_e1088,0.5871960520744324,0.5958002805709839,0.09963668137788773,0.033474136143922806,0.20149312913417816,0.048539333045482635,0.0,0.5871960520744324,0.5958002805709839,1.0989100441336632,1.0669482722878456,1.4029862582683563,0.048539333045482635,1.0,0.815,0.427,8.296966552734375e-05,1,1,/home/zhangxu/yolov5-7.0/ga_cache/work_9fb5f2e169606851
21,38,1089,run4_p1798000_e1089,1.0,0.5728113055229187,0.06123313307762146,0.04435313865542412,0.45929092168807983,0.0,0.0,1.0,0.5728113055229187,0.9836993992328644,1.0887062773108482,1.9185818433761597,0.0,1.0,0.796,0.414,854.7796368598938,1,0,/home/zhangxu/yolov5-7.0/ga_cache/work_31e51b2eaaaceb98
21,39,1090,run4_p1798000_e1090,0.5871960520744324,0.5958002805709839,0.09963668137788773,0.033474136143922806,0.20149312913417816,0.048539333045482635,0.0,0.5871960520744324,0.5958002805709839,1.0989100441336632,1.0669482722878456,1.4029862582683563,0.048539333045482635,1.0,0.815,0.427,7.796287536621094e-05,1,1,/home/zhangxu/yolov5-7.0/ga_cache/work_9fb5f2e169606851
21,40,1091,run4_p1798000_e1091,0.5871960520744324,0.5958002805709839,0.09963668137788773,0.033474136143922806,0.20149312913417816,0.048539333045482635,0.0,0.5871960520744324,0.5958002805709839,1.0989100441336632,1.0669482722878456,1.4029862582683563,0.048539333045482635,1.0,0.815,0.427,0.00010561943054199219,1,1,/home/zhangxu/yolov5-7.0/ga_cache/work_9fb5f2e169606851
21,41,1092,run4_p1798000_e1092,0.5871960520744324,0.5958002805709839,0.09963668137788773,0.033474136143922806,0.20149312913417816,0.048539333045482635,0.0,0.5871960520744324,0.5958002805709839,1.0989100441336632,1.0669482722878456,1.4029862582683563,0.048539333045482635,1.0,0.815,0.427,7.772445678710938e-05,1,1,/home/zhangxu/yolov5-7.0/ga_cache/work_9fb5f2e169606851
21,42,1093,run4_p1798000_e1093,0.5871960520744324,0.5958002805709839,0.09963668137788773,0.033474136143922806,0.20149312913417816,0.048539333045482635,0.0,0.5871960520744324,0.5958002805709839,1.0989100441336632,1.0669482722878456,1.4029862582683563,0.048539333045482635,1.0,0.815,0.427,8.368492126464844e-05,1,1,/home/zhangxu/yolov5-7.0/ga_cache/work_9fb5f2e169606851
21,43,1094,run4_p1798000_e1094,0.8191095590591431,0.5175585746765137,0.26480504870414734,0.0,0.22375380992889404,0.009333167225122452,0.022746466100215912,0.8191095590591431,0.5175585746765137,1.594415146112442,1.0,1.447507619857788,0.009333167225122452,1.0341196991503239,0.807,0.422,855.8279662132263,1,0,/home/zhangxu/yolov5-7.0/ga_cache/work_50db7d58283df3f4
21,44,1095,run4_p1798000_e1095,0.5871960520744324,0.5958002805709839,0.09963668137788773,0.033474136143922806,0.20149312913417816,0.048539333045482635,0.0,0.5871960520744324,0.5958002805709839,1.0989100441336632,1.0669482722878456,1.4029862582683563,0.048539333045482635,1.0,0.815,0.427,0.00013756752014160156,1,1,/home/zhangxu/yolov5-7.0/ga_cache/work_9fb5f2e169606851
21,45,1096,run4_p1798000_e1096,0.5871960520744324,0.5958002805709839,0.09963668137788773,0.033474136143922806,0.20149312913417816,0.048539333045482635,0.0,0.5871960520744324,0.5958002805709839,1.0989100441336632,1.0669482722878456,1.4029862582683563,0.048539333045482635,1.0,0.815,0.427,7.677078247070312e-05,1,1,/home/zhangxu/yolov5-7.0/ga_cache/work_9fb5f2e169606851
21,46,1097,run4_p1798000_e1097,0.5871960520744324,0.5958002805709839,0.09963668137788773,0.033474136143922806,0.20149312913417816,0.048539333045482635,0.0,0.5871960520744324,0.5958002805709839,1.0989100441336632,1.0669482722878456,1.4029862582683563,0.048539333045482635,1.0,0.815,0.427,9.5367431640625e-05,1,1,/home/zhangxu/yolov5-7.0/ga_cache/work_9fb5f2e169606851
21,47,1098,run4_p1798000_e1098,0.5871960520744324,0.5958002805709839,0.09963668137788773,0.033474136143922806,0.20149312913417816,0.048539333045482635,0.0,0.5871960520744324,0.5958002805709839,1.0989100441336632,1.0669482722878456,1.4029862582683563,0.048539333045482635,1.0,0.815,0.427,7.915496826171875e-05,1,1,/home/zhangxu/yolov5-7.0/ga_cache/work_9fb5f2e169606851
21,48,1099,run4_p1798000_e1099,0.5871960520744324,0.5958002805709839,0.09963668137788773,0.033474136143922806,0.20149312913417816,0.048539333045482635,0.0,0.5871960520744324,0.5958002805709839,1.0989100441336632,1.0669482722878456,1.4029862582683563,0.048539333045482635,1.0,0.815,0.427,7.915496826171875e-05,1,1,/home/zhangxu/yolov5-7.0/ga_cache/work_9fb5f2e169606851
21,49,1100,run4_p1798000_e1100,0.48159757256507874,0.5588462948799133,0.06725826859474182,0.19211019575595856,0.1575269103050232,0.03291010484099388,0.13457655906677246,0.48159757256507874,0.5588462948799133,1.0017748057842255,1.3842203915119171,1.3150538206100464,0.03291010484099388,1.2018648386001587,0.787,0.401,844.0321848392487,1,0,/home/zhangxu/yolov5-7.0/ga_cache/work_411eadab87f90efc
22,0,1101,run4_p1798000_e1101,0.5871960520744324,0.5958002805709839,0.09963668137788773,0.033474136143922806,0.20149312913417816,0.048539333045482635,0.0,0.5871960520744324,0.5958002805709839,1.0989100441336632,1.0669482722878456,1.4029862582683563,0.048539333045482635,1.0,0.815,0.427,0.00036454200744628906,1,1,/home/zhangxu/yolov5-7.0/ga_cache/work_9fb5f2e169606851
22,1,1102,run4_p1798000_e1102,0.5871960520744324,0.5958002805709839,0.09963668137788773,0.033474136143922806,0.20149312913417816,0.048539333045482635,0.0,0.5871960520744324,0.5958002805709839,1.0989100441336632,1.0669482722878456,1.4029862582683563,0.048539333045482635,1.0,0.815,0.427,0.0002980232238769531,1,1,/home/zhangxu/yolov5-7.0/ga_cache/work_9fb5f2e169606851
22,2,1103,run4_p1798000_e1103,0.5871960520744324,0.5958002805709839,0.09963668137788773,0.033474136143922806,0.20149312913417816,0.048539333045482635,0.0,0.5871960520744324,0.5958002805709839,1.0989100441336632,1.0669482722878456,1.4029862582683563,0.048539333045482635,1.0,0.815,0.427,0.00028777122497558594,1,1,/home/zhangxu/yolov5-7.0/ga_cache/work_9fb5f2e169606851
22,3,1104,run4_p1798000_e1104,0.5871960520744324,0.5958002805709839,0.09963668137788773,0.033474136143922806,0.20149312913417816,0.048539333045482635,0.0,0.5871960520744324,0.5958002805709839,1.0989100441336632,1.0669482722878456,1.4029862582683563,0.048539333045482635,1.0,0.815,0.427,0.0003616809844970703,1,1,/home/zhangxu/yolov5-7.0/ga_cache/work_9fb5f2e169606851
22,4,1105,run4_p1798000_e1105,0.5871960520744324,0.5958002805709839,0.09963668137788773,0.033474136143922806,0.20149312913417816,0.048539333045482635,0.0,0.5871960520744324,0.5958002805709839,1.0989100441336632,1.0669482722878456,1.4029862582683563,0.048539333045482635,1.0,0.815,0.427,0.0003108978271484375,1,1,/home/zhangxu/yolov5-7.0/ga_cache/work_9fb5f2e169606851
22,5,1106,run4_p1798000_e1106,0.5871960520744324,0.5958002805709839,0.09963668137788773,0.033474136143922806,0.20149312913417816,0.048539333045482635,0.0,0.5871960520744324,0.5958002805709839,1.0989100441336632,1.0669482722878456,1.4029862582683563,0.048539333045482635,1.0,0.815,0.427,0.00033402442932128906,1,1,/home/zhangxu/yolov5-7.0/ga_cache/work_9fb5f2e169606851
22,6,1107,run4_p1798000_e1107,0.5871960520744324,0.5958002805709839,0.09963668137788773,0.033474136143922806,0.20149312913417816,0.048539333045482635,0.0,0.5871960520744324,0.5958002805709839,1.0989100441336632,1.0669482722878456,1.4029862582683563,0.048539333045482635,1.0,0.815,0.427,0.0003428459167480469,1,1,/home/zhangxu/yolov5-7.0/ga_cache/work_9fb5f2e169606851
22,7,1108,run4_p1798000_e1108,0.5871960520744324,0.5958002805709839,0.09963668137788773,0.033474136143922806,0.20149312913417816,0.048539333045482635,0.0,0.5871960520744324,0.5958002805709839,1.0989100441336632,1.0669482722878456,1.4029862582683563,0.048539333045482635,1.0,0.815,0.427,0.0003008842468261719,1,1,/home/zhangxu/yolov5-7.0/ga_cache/work_9fb5f2e169606851
22,8,1109,run4_p1798000_e1109,0.5871960520744324,0.5958002805709839,0.09963668137788773,0.033474136143922806,0.20149312913417816,0.048539333045482635,0.0,0.5871960520744324,0.5958002805709839,1.0989100441336632,1.0669482722878456,1.4029862582683563,0.048539333045482635,1.0,0.815,0.427,0.0002830028533935547,1,1,/home/zhangxu/yolov5-7.0/ga_cache/work_9fb5f2e169606851
22,9,1110,run4_p1798000_e1110,0.5871960520744324,0.5958002805709839,0.09963668137788773,0.033474136143922806,0.20149312913417816,0.048539333045482635,0.0,0.5871960520744324,0.5958002805709839,1.0989100441336632,1.0669482722878456,1.4029862582683563,0.048539333045482635,1.0,0.815,0.427,0.00010061264038085938,1,1,/home/zhangxu/yolov5-7.0/ga_cache/work_9fb5f2e169606851
22,10,1111,run4_p1798000_e1111,0.5871960520744324,0.5958002805709839,0.09963668137788773,0.033474136143922806,0.20149312913417816,0.048539333045482635,0.0,0.5871960520744324,0.5958002805709839,1.0989100441336632,1.0669482722878456,1.4029862582683563,0.048539333045482635,1.0,0.815,0.427,0.00027680397033691406,1,1,/home/zhangxu/yolov5-7.0/ga_cache/work_9fb5f2e169606851
22,11,1112,run4_p1798000_e1112,0.5871960520744324,0.5958002805709839,0.09963668137788773,0.033474136143922806,0.20149312913417816,0.048539333045482635,0.0,0.5871960520744324,0.5958002805709839,1.0989100441336632,1.0669482722878456,1.4029862582683563,0.048539333045482635,1.0,0.815,0.427,0.00013208389282226562,1,1,/home/zhangxu/yolov5-7.0/ga_cache/work_9fb5f2e169606851
22,12,1113,run4_p1798000_e1113,0.5871960520744324,0.5958002805709839,0.09963668137788773,0.033474136143922806,0.20149312913417816,0.048539333045482635,0.0,0.5871960520744324,0.5958002805709839,1.0989100441336632,1.0669482722878456,1.4029862582683563,0.048539333045482635,1.0,0.815,0.427,0.00035190582275390625,1,1,/home/zhangxu/yolov5-7.0/ga_cache/work_9fb5f2e169606851
22,13,1114,run4_p1798000_e1114,0.5871960520744324,0.5958002805709839,0.09963668137788773,0.033474136143922806,0.20149312913417816,0.048539333045482635,0.0,0.5871960520744324,0.5958002805709839,1.0989100441336632,1.0669482722878456,1.4029862582683563,0.048539333045482635,1.0,0.815,0.427,0.0001220703125,1,1,/home/zhangxu/yolov5-7.0/ga_cache/work_9fb5f2e169606851
22,14,1115,run4_p1798000_e1115,0.5871960520744324,0.5958002805709839,0.09963668137788773,0.033474136143922806,0.20149312913417816,0.048539333045482635,0.0,0.5871960520744324,0.5958002805709839,1.0989100441336632,1.0669482722878456,1.4029862582683563,0.048539333045482635,1.0,0.815,0.427,0.0003514289855957031,1,1,/home/zhangxu/yolov5-7.0/ga_cache/work_9fb5f2e169606851
22,15,1116,run4_p1798000_e1116,0.5871960520744324,0.5958002805709839,0.09963668137788773,0.033474136143922806,0.20149312913417816,0.048539333045482635,0.0,0.5871960520744324,0.5958002805709839,1.0989100441336632,1.0669482722878456,1.4029862582683563,0.048539333045482635,1.0,0.815,0.427,9.179115295410156e-05,1,1,/home/zhangxu/yolov5-7.0/ga_cache/work_9fb5f2e169606851
22,16,1117,run4_p1798000_e1117,0.5871960520744324,0.5958002805709839,0.09963668137788773,0.033474136143922806,0.20149312913417816,0.048539333045482635,0.0,0.5871960520744324,0.5958002805709839,1.0989100441336632,1.0669482722878456,1.4029862582683563,0.048539333045482635,1.0,0.815,0.427,0.00019550323486328125,1,1,/home/zhangxu/yolov5-7.0/ga_cache/work_9fb5f2e169606851
22,17,1118,run4_p1798000_e1118,0.5871960520744324,0.5958002805709839,0.09963668137788773,0.033474136143922806,0.20149312913417816,0.048539333045482635,0.0,0.5871960520744324,0.5958002805709839,1.0989100441336632,1.0669482722878456,1.4029862582683563,0.048539333045482635,1.0,0.815,0.427,0.00012946128845214844,1,1,/home/zhangxu/yolov5-7.0/ga_cache/work_9fb5f2e169606851
22,18,1119,run4_p1798000_e1119,0.5871960520744324,0.5958002805709839,0.09963668137788773,0.033474136143922806,0.20149312913417816,0.048539333045482635,0.0,0.5871960520744324,0.5958002805709839,1.0989100441336632,1.0669482722878456,1.4029862582683563,0.048539333045482635,1.0,0.815,0.427,0.00011229515075683594,1,1,/home/zhangxu/yolov5-7.0/ga_cache/work_9fb5f2e169606851
22,19,1120,run4_p1798000_e1120,0.5871960520744324,0.5958002805709839,0.09963668137788773,0.033474136143922806,0.20149312913417816,0.048539333045482635,0.0,0.5871960520744324,0.5958002805709839,1.0989100441336632,1.0669482722878456,1.4029862582683563,0.048539333045482635,1.0,0.815,0.427,0.00010251998901367188,1,1,/home/zhangxu/yolov5-7.0/ga_cache/work_9fb5f2e169606851
22,20,1121,run4_p1798000_e1121,0.5871960520744324,0.5958002805709839,0.09963668137788773,0.033474136143922806,0.20149312913417816,0.048539333045482635,0.0,0.5871960520744324,0.5958002805709839,1.0989100441336632,1.0669482722878456,1.4029862582683563,0.048539333045482635,1.0,0.815,0.427,8.225440979003906e-05,1,1,/home/zhangxu/yolov5-7.0/ga_cache/work_9fb5f2e169606851
22,21,1122,run4_p1798000_e1122,0.5871960520744324,0.5958002805709839,0.09963668137788773,0.033474136143922806,0.20149312913417816,0.048539333045482635,0.0,0.5871960520744324,0.5958002805709839,1.0989100441336632,1.0669482722878456,1.4029862582683563,0.048539333045482635,1.0,0.815,0.427,0.0001652240753173828,1,1,/home/zhangxu/yolov5-7.0/ga_cache/work_9fb5f2e169606851
22,22,1123,run4_p1798000_e1123,0.5871960520744324,0.5958002805709839,0.09963668137788773,0.033474136143922806,0.20149312913417816,0.048539333045482635,0.0,0.5871960520744324,0.5958002805709839,1.0989100441336632,1.0669482722878456,1.4029862582683563,0.048539333045482635,1.0,0.815,0.427,0.00012087821960449219,1,1,/home/zhangxu/yolov5-7.0/ga_cache/work_9fb5f2e169606851
22,23,1124,run4_p1798000_e1124,0.5871960520744324,0.5958002805709839,0.09963668137788773,0.033474136143922806,0.20149312913417816,0.048539333045482635,0.0,0.5871960520744324,0.5958002805709839,1.0989100441336632,1.0669482722878456,1.4029862582683563,0.048539333045482635,1.0,0.815,0.427,0.00010895729064941406,1,1,/home/zhangxu/yolov5-7.0/ga_cache/work_9fb5f2e169606851
22,24,1125,run4_p1798000_e1125,0.5871960520744324,0.5958002805709839,0.09963668137788773,0.033474136143922806,0.20149312913417816,0.048539333045482635,0.0,0.5871960520744324,0.5958002805709839,1.0989100441336632,1.0669482722878456,1.4029862582683563,0.048539333045482635,1.0,0.815,0.427,0.00011110305786132812,1,1,/home/zhangxu/yolov5-7.0/ga_cache/work_9fb5f2e169606851
22,25,1126,run4_p1798000_e1126,0.5871960520744324,0.5958002805709839,0.09963668137788773,0.033474136143922806,0.20149312913417816,0.048539333045482635,0.0,0.5871960520744324,0.5958002805709839,1.0989100441336632,1.0669482722878456,1.4029862582683563,0.048539333045482635,1.0,0.815,0.427,8.296966552734375e-05,1,1,/home/zhangxu/yolov5-7.0/ga_cache/work_9fb5f2e169606851
22,26,1127,run4_p1798000_e1127,0.5871960520744324,0.5958002805709839,0.09963668137788773,0.033474136143922806,0.20149312913417816,0.048539333045482635,0.0,0.5871960520744324,0.5958002805709839,1.0989100441336632,1.0669482722878456,1.4029862582683563,0.048539333045482635,1.0,0.815,0.427,9.655952453613281e-05,1,1,/home/zhangxu/yolov5-7.0/ga_cache/work_9fb5f2e169606851
22,27,1128,run4_p1798000_e1128,0.5871960520744324,0.5958002805709839,0.09963668137788773,0.033474136143922806,0.20149312913417816,0.048539333045482635,0.0,0.5871960520744324,0.5958002805709839,1.0989100441336632,1.0669482722878456,1.4029862582683563,0.048539333045482635,1.0,0.815,0.427,0.00010251998901367188,1,1,/home/zhangxu/yolov5-7.0/ga_cache/work_9fb5f2e169606851
22,28,1129,run4_p1798000_e1129,0.5871960520744324,0.5958002805709839,0.09963668137788773,0.033474136143922806,0.20149312913417816,0.048539333045482635,0.0,0.5871960520744324,0.5958002805709839,1.0989100441336632,1.0669482722878456,1.4029862582683563,0.048539333045482635,1.0,0.815,0.427,0.00032806396484375,1,1,/home/zhangxu/yolov5-7.0/ga_cache/work_9fb5f2e169606851
22,29,1130,run4_p1798000_e1130,0.5871960520744324,0.5958002805709839,0.09963668137788773,0.033474136143922806,0.20149312913417816,0.048539333045482635,0.0,0.5871960520744324,0.5958002805709839,1.0989100441336632,1.0669482722878456,1.4029862582683563,0.048539333045482635,1.0,0.815,0.427,0.00010585784912109375,1,1,/home/zhangxu/yolov5-7.0/ga_cache/work_9fb5f2e169606851
22,30,1131,run4_p1798000_e1131,0.5871960520744324,0.5958002805709839,0.09963668137788773,0.033474136143922806,0.20149312913417816,0.048539333045482635,0.0,0.5871960520744324,0.5958002805709839,1.0989100441336632,1.0669482722878456,1.4029862582683563,0.048539333045482635,1.0,0.815,0.427,0.00017070770263671875,1,1,/home/zhangxu/yolov5-7.0/ga_cache/work_9fb5f2e169606851
22,31,1132,run4_p1798000_e1132,0.5871960520744324,0.5958002805709839,0.09963668137788773,0.033474136143922806,0.20149312913417816,0.048539333045482635,0.0,0.5871960520744324,0.5958002805709839,1.0989100441336632,1.0669482722878456,1.4029862582683563,0.048539333045482635,1.0,0.815,0.427,7.796287536621094e-05,1,1,/home/zhangxu/yolov5-7.0/ga_cache/work_9fb5f2e169606851
22,32,1133,run4_p1798000_e1133,0.5871960520744324,0.5958002805709839,0.09963668137788773,0.033474136143922806,0.20149312913417816,0.048539333045482635,0.0,0.5871960520744324,0.5958002805709839,1.0989100441336632,1.0669482722878456,1.4029862582683563,0.048539333045482635,1.0,0.815,0.427,0.00010514259338378906,1,1,/home/zhangxu/yolov5-7.0/ga_cache/work_9fb5f2e169606851
22,33,1134,run4_p1798000_e1134,0.6844069361686707,0.6100512146949768,0.0,0.26322779059410095,0.3515746593475342,0.0,0.0,0.6844069361686707,0.6100512146949768,0.8,1.526455581188202,1.7031493186950684,0.0,1.0,0.801,0.419,587.5598757266998,1,0,/home/zhangxu/yolov5-7.0/ga_cache/work_272bd04b5ce21bfa
22,34,1135,run4_p1798000_e1135,0.5871960520744324,0.5958002805709839,0.09963668137788773,0.033474136143922806,0.20149312913417816,0.048539333045482635,0.0,0.5871960520744324,0.5958002805709839,1.0989100441336632,1.0669482722878456,1.4029862582683563,0.048539333045482635,1.0,0.815,0.427,8.916854858398438e-05,1,1,/home/zhangxu/yolov5-7.0/ga_cache/work_9fb5f2e169606851
22,35,1136,run4_p1798000_e1136,0.5871960520744324,0.5958002805709839,0.09963668137788773,0.033474136143922806,0.20149312913417816,0.048539333045482635,0.0,0.5871960520744324,0.5958002805709839,1.0989100441336632,1.0669482722878456,1.4029862582683563,0.048539333045482635,1.0,0.815,0.427,9.894371032714844e-05,1,1,/home/zhangxu/yolov5-7.0/ga_cache/work_9fb5f2e169606851
22,36,1137,run4_p1798000_e1137,0.5871960520744324,0.5958002805709839,0.09963668137788773,0.033474136143922806,0.20149312913417816,0.048539333045482635,0.0,0.5871960520744324,0.5958002805709839,1.0989100441336632,1.0669482722878456,1.4029862582683563,0.048539333045482635,1.0,0.815,0.427,9.965896606445312e-05,1,1,/home/zhangxu/yolov5-7.0/ga_cache/work_9fb5f2e169606851
22,37,1138,run4_p1798000_e1138,0.5871960520744324,0.5958002805709839,0.09963668137788773,0.033474136143922806,0.20149312913417816,0.048539333045482635,0.0,0.5871960520744324,0.5958002805709839,1.0989100441336632,1.0669482722878456,1.4029862582683563,0.048539333045482635,1.0,0.815,0.427,9.226799011230469e-05,1,1,/home/zhangxu/yolov5-7.0/ga_cache/work_9fb5f2e169606851
22,38,1139,run4_p1798000_e1139,0.5871960520744324,0.5958002805709839,0.09963668137788773,0.033474136143922806,0.20149312913417816,0.048539333045482635,0.0,0.5871960520744324,0.5958002805709839,1.0989100441336632,1.0669482722878456,1.4029862582683563,0.048539333045482635,1.0,0.815,0.427,0.0002079010009765625,1,1,/home/zhangxu/yolov5-7.0/ga_cache/work_9fb5f2e169606851
22,39,1140,run4_p1798000_e1140,0.5871960520744324,0.5958002805709839,0.09963668137788773,0.033474136143922806,0.20149312913417816,0.048539333045482635,0.0,0.5871960520744324,0.5958002805709839,1.0989100441336632,1.0669482722878456,1.4029862582683563,0.048539333045482635,1.0,0.815,0.427,8.368492126464844e-05,1,1,/home/zhangxu/yolov5-7.0/ga_cache/work_9fb5f2e169606851
22,40,1141,run4_p1798000_e1141,0.5871960520744324,0.5958002805709839,0.09963668137788773,0.033474136143922806,0.20149312913417816,0.048539333045482635,0.0,0.5871960520744324,0.5958002805709839,1.0989100441336632,1.0669482722878456,1.4029862582683563,0.048539333045482635,1.0,0.815,0.427,0.000118255615234375,1,1,/home/zhangxu/yolov5-7.0/ga_cache/work_9fb5f2e169606851
22,41,1142,run4_p1798000_e1142,0.5871960520744324,0.5958002805709839,0.09963668137788773,0.033474136143922806,0.20149312913417816,0.048539333045482635,0.0,0.5871960520744324,0.5958002805709839,1.0989100441336632,1.0669482722878456,1.4029862582683563,0.048539333045482635,1.0,0.815,0.427,0.00016498565673828125,1,1,/home/zhangxu/yolov5-7.0/ga_cache/work_9fb5f2e169606851
22,42,1143,run4_p1798000_e1143,0.5871960520744324,0.5958002805709839,0.09963668137788773,0.033474136143922806,0.20149312913417816,0.048539333045482635,0.0,0.5871960520744324,0.5958002805709839,1.0989100441336632,1.0669482722878456,1.4029862582683563,0.048539333045482635,1.0,0.815,0.427,0.00011467933654785156,1,1,/home/zhangxu/yolov5-7.0/ga_cache/work_9fb5f2e169606851
22,43,1144,run4_p1798000_e1144,0.5871960520744324,0.5958002805709839,0.09963668137788773,0.033474136143922806,0.20149312913417816,0.048539333045482635,0.0,0.5871960520744324,0.5958002805709839,1.0989100441336632,1.0669482722878456,1.4029862582683563,0.048539333045482635,1.0,0.815,0.427,0.000110626220703125,1,1,/home/zhangxu/yolov5-7.0/ga_cache/work_9fb5f2e169606851
22,44,1145,run4_p1798000_e1145,0.5871960520744324,0.5958002805709839,0.09963668137788773,0.033474136143922806,0.20149312913417816,0.048539333045482635,0.0,0.5871960520744324,0.5958002805709839,1.0989100441336632,1.0669482722878456,1.4029862582683563,0.048539333045482635,1.0,0.815,0.427,0.00013518333435058594,1,1,/home/zhangxu/yolov5-7.0/ga_cache/work_9fb5f2e169606851
22,45,1146,run4_p1798000_e1146,0.5871960520744324,0.5958002805709839,0.09963668137788773,0.033474136143922806,0.20149312913417816,0.048539333045482635,0.0,0.5871960520744324,0.5958002805709839,1.0989100441336632,1.0669482722878456,1.4029862582683563,0.048539333045482635,1.0,0.815,0.427,9.989738464355469e-05,1,1,/home/zhangxu/yolov5-7.0/ga_cache/work_9fb5f2e169606851
22,46,1147,run4_p1798000_e1147,0.5871960520744324,0.5958002805709839,0.09963668137788773,0.033474136143922806,0.20149312913417816,0.048539333045482635,0.0,0.5871960520744324,0.5958002805709839,1.0989100441336632,1.0669482722878456,1.4029862582683563,0.048539333045482635,1.0,0.815,0.427,9.655952453613281e-05,1,1,/home/zhangxu/yolov5-7.0/ga_cache/work_9fb5f2e169606851
22,47,1148,run4_p1798000_e1148,0.5871960520744324,0.5958002805709839,0.09963668137788773,0.033474136143922806,0.20149312913417816,0.048539333045482635,0.0,0.5871960520744324,0.5958002805709839,1.0989100441336632,1.0669482722878456,1.4029862582683563,0.048539333045482635,1.0,0.815,0.427,9.655952453613281e-05,1,1,/home/zhangxu/yolov5-7.0/ga_cache/work_9fb5f2e169606851
22,48,1149,run4_p1798000_e1149,0.5871960520744324,0.5958002805709839,0.09963668137788773,0.033474136143922806,0.20149312913417816,0.048539333045482635,0.0,0.5871960520744324,0.5958002805709839,1.0989100441336632,1.0669482722878456,1.4029862582683563,0.048539333045482635,1.0,0.815,0.427,7.891654968261719e-05,1,1,/home/zhangxu/yolov5-7.0/ga_cache/work_9fb5f2e169606851
22,49,1150,run4_p1798000_e1150,0.5871960520744324,0.5958002805709839,0.09963668137788773,0.033474136143922806,0.20149312913417816,0.048539333045482635,0.0,0.5871960520744324,0.5958002805709839,1.0989100441336632,1.0669482722878456,1.4029862582683563,0.048539333045482635,1.0,0.815,0.427,8.726119995117188e-05,1,1,/home/zhangxu/yolov5-7.0/ga_cache/work_9fb5f2e169606851
23,0,1151,run4_p1798000_e1151,0.5871960520744324,0.5958002805709839,0.09963668137788773,0.033474136143922806,0.20149312913417816,0.048539333045482635,0.0,0.5871960520744324,0.5958002805709839,1.0989100441336632,1.0669482722878456,1.4029862582683563,0.048539333045482635,1.0,0.815,0.427,0.0003218650817871094,1,1,/home/zhangxu/yolov5-7.0/ga_cache/work_9fb5f2e169606851
23,1,1152,run4_p1798000_e1152,0.5871960520744324,0.5958002805709839,0.09963668137788773,0.033474136143922806,0.20149312913417816,0.048539333045482635,0.0,0.5871960520744324,0.5958002805709839,1.0989100441336632,1.0669482722878456,1.4029862582683563,0.048539333045482635,1.0,0.815,0.427,0.000240325927734375,1,1,/home/zhangxu/yolov5-7.0/ga_cache/work_9fb5f2e169606851
23,2,1153,run4_p1798000_e1153,0.5871960520744324,0.5958002805709839,0.09963668137788773,0.033474136143922806,0.20149312913417816,0.048539333045482635,0.0,0.5871960520744324,0.5958002805709839,1.0989100441336632,1.0669482722878456,1.4029862582683563,0.048539333045482635,1.0,0.815,0.427,0.0003192424774169922,1,1,/home/zhangxu/yolov5-7.0/ga_cache/work_9fb5f2e169606851
23,3,1154,run4_p1798000_e1154,0.5871960520744324,0.5958002805709839,0.09963668137788773,0.033474136143922806,0.20149312913417816,0.048539333045482635,0.0,0.5871960520744324,0.5958002805709839,1.0989100441336632,1.0669482722878456,1.4029862582683563,0.048539333045482635,1.0,0.815,0.427,0.0002627372741699219,1,1,/home/zhangxu/yolov5-7.0/ga_cache/work_9fb5f2e169606851
23,4,1155,run4_p1798000_e1155,0.5871960520744324,0.5958002805709839,0.09963668137788773,0.033474136143922806,0.20149312913417816,0.048539333045482635,0.0,0.5871960520744324,0.5958002805709839,1.0989100441336632,1.0669482722878456,1.4029862582683563,0.048539333045482635,1.0,0.815,0.427,0.00027441978454589844,1,1,/home/zhangxu/yolov5-7.0/ga_cache/work_9fb5f2e169606851
23,5,1156,run4_p1798000_e1156,0.5871960520744324,0.5958002805709839,0.09963668137788773,0.033474136143922806,0.20149312913417816,0.048539333045482635,0.0,0.5871960520744324,0.5958002805709839,1.0989100441336632,1.0669482722878456,1.4029862582683563,0.048539333045482635,1.0,0.815,0.427,0.00030303001403808594,1,1,/home/zhangxu/yolov5-7.0/ga_cache/work_9fb5f2e169606851
23,6,1157,run4_p1798000_e1157,0.5871960520744324,0.5958002805709839,0.09963668137788773,0.033474136143922806,0.20149312913417816,0.048539333045482635,0.0,0.5871960520744324,0.5958002805709839,1.0989100441336632,1.0669482722878456,1.4029862582683563,0.048539333045482635,1.0,0.815,0.427,0.00022935867309570312,1,1,/home/zhangxu/yolov5-7.0/ga_cache/work_9fb5f2e169606851
23,7,1158,run4_p1798000_e1158,0.5871960520744324,0.5958002805709839,0.09963668137788773,0.033474136143922806,0.20149312913417816,0.048539333045482635,0.0,0.5871960520744324,0.5958002805709839,1.0989100441336632,1.0669482722878456,1.4029862582683563,0.048539333045482635,1.0,0.815,0.427,0.0002448558807373047,1,1,/home/zhangxu/yolov5-7.0/ga_cache/work_9fb5f2e169606851
23,8,1159,run4_p1798000_e1159,0.5871960520744324,0.5958002805709839,0.09963668137788773,0.033474136143922806,0.20149312913417816,0.048539333045482635,0.0,0.5871960520744324,0.5958002805709839,1.0989100441336632,1.0669482722878456,1.4029862582683563,0.048539333045482635,1.0,0.815,0.427,0.00026702880859375,1,1,/home/zhangxu/yolov5-7.0/ga_cache/work_9fb5f2e169606851
23,9,1160,run4_p1798000_e1160,0.5871960520744324,0.5958002805709839,0.09963668137788773,0.033474136143922806,0.20149312913417816,0.048539333045482635,0.0,0.5871960520744324,0.5958002805709839,1.0989100441336632,1.0669482722878456,1.4029862582683563,0.048539333045482635,1.0,0.815,0.427,0.0002598762512207031,1,1,/home/zhangxu/yolov5-7.0/ga_cache/work_9fb5f2e169606851
23,10,1161,run4_p1798000_e1161,0.5871960520744324,0.5958002805709839,0.09963668137788773,0.033474136143922806,0.20149312913417816,0.048539333045482635,0.0,0.5871960520744324,0.5958002805709839,1.0989100441336632,1.0669482722878456,1.4029862582683563,0.048539333045482635,1.0,0.815,0.427,0.00022649765014648438,1,1,/home/zhangxu/yolov5-7.0/ga_cache/work_9fb5f2e169606851
23,11,1162,run4_p1798000_e1162,0.5871960520744324,0.5958002805709839,0.09963668137788773,0.033474136143922806,0.20149312913417816,0.048539333045482635,0.0,0.5871960520744324,0.5958002805709839,1.0989100441336632,1.0669482722878456,1.4029862582683563,0.048539333045482635,1.0,0.815,0.427,0.00020956993103027344,1,1,/home/zhangxu/yolov5-7.0/ga_cache/work_9fb5f2e169606851
23,12,1163,run4_p1798000_e1163,0.5871960520744324,0.5958002805709839,0.09963668137788773,0.033474136143922806,0.20149312913417816,0.048539333045482635,0.0,0.5871960520744324,0.5958002805709839,1.0989100441336632,1.0669482722878456,1.4029862582683563,0.048539333045482635,1.0,0.815,0.427,0.00015926361083984375,1,1,/home/zhangxu/yolov5-7.0/ga_cache/work_9fb5f2e169606851
23,13,1164,run4_p1798000_e1164,0.5871960520744324,0.5958002805709839,0.09963668137788773,0.033474136143922806,0.20149312913417816,0.048539333045482635,0.0,0.5871960520744324,0.5958002805709839,1.0989100441336632,1.0669482722878456,1.4029862582683563,0.048539333045482635,1.0,0.815,0.427,0.0001201629638671875,1,1,/home/zhangxu/yolov5-7.0/ga_cache/work_9fb5f2e169606851
23,14,1165,run4_p1798000_e1165,0.5871960520744324,0.5958002805709839,0.09963668137788773,0.033474136143922806,0.20149312913417816,0.048539333045482635,0.0,0.5871960520744324,0.5958002805709839,1.0989100441336632,1.0669482722878456,1.4029862582683563,0.048539333045482635,1.0,0.815,0.427,0.00010395050048828125,1,1,/home/zhangxu/yolov5-7.0/ga_cache/work_9fb5f2e169606851
23,15,1166,run4_p1798000_e1166,0.5871960520744324,0.5958002805709839,0.09963668137788773,0.033474136143922806,0.20149312913417816,0.048539333045482635,0.0,0.5871960520744324,0.5958002805709839,1.0989100441336632,1.0669482722878456,1.4029862582683563,0.048539333045482635,1.0,0.815,0.427,0.00010848045349121094,1,1,/home/zhangxu/yolov5-7.0/ga_cache/work_9fb5f2e169606851
23,16,1167,run4_p1798000_e1167,0.5871960520744324,0.5958002805709839,0.09963668137788773,0.033474136143922806,0.20149312913417816,0.048539333045482635,0.0,0.5871960520744324,0.5958002805709839,1.0989100441336632,1.0669482722878456,1.4029862582683563,0.048539333045482635,1.0,0.815,0.427,0.00011205673217773438,1,1,/home/zhangxu/yolov5-7.0/ga_cache/work_9fb5f2e169606851
23,17,1168,run4_p1798000_e1168,0.6785386800765991,0.28893497586250305,0.15977776050567627,0.0,0.05391533672809601,0.04942293465137482,0.22405412793159485,0.6785386800765991,0.28893497586250305,1.2793332815170289,1.0,1.107830673456192,0.04942293465137482,1.3360811918973923,0.748,0.376,591.9510617256165,1,0,/home/zhangxu/yolov5-7.0/ga_cache/work_db9fc46b6023962b
23,18,1169,run4_p1798000_e1169,0.5871960520744324,0.5958002805709839,0.09963668137788773,0.033474136143922806,0.20149312913417816,0.048539333045482635,0.0,0.5871960520744324,0.5958002805709839,1.0989100441336632,1.0669482722878456,1.4029862582683563,0.048539333045482635,1.0,0.815,0.427,0.00012350082397460938,1,1,/home/zhangxu/yolov5-7.0/ga_cache/work_9fb5f2e169606851
23,19,1170,run4_p1798000_e1170,0.5871960520744324,0.5958002805709839,0.09963668137788773,0.033474136143922806,0.20149312913417816,0.048539333045482635,0.0,0.5871960520744324,0.5958002805709839,1.0989100441336632,1.0669482722878456,1.4029862582683563,0.048539333045482635,1.0,0.815,0.427,0.00010800361633300781,1,1,/home/zhangxu/yolov5-7.0/ga_cache/work_9fb5f2e169606851
23,20,1171,run4_p1798000_e1171,0.5871960520744324,0.5958002805709839,0.09963668137788773,0.033474136143922806,0.20149312913417816,0.048539333045482635,0.0,0.5871960520744324,0.5958002805709839,1.0989100441336632,1.0669482722878456,1.4029862582683563,0.048539333045482635,1.0,0.815,0.427,9.417533874511719e-05,1,1,/home/zhangxu/yolov5-7.0/ga_cache/work_9fb5f2e169606851
23,21,1172,run4_p1798000_e1172,0.5871960520744324,0.5958002805709839,0.09963668137788773,0.033474136143922806,0.20149312913417816,0.048539333045482635,0.0,0.5871960520744324,0.5958002805709839,1.0989100441336632,1.0669482722878456,1.4029862582683563,0.048539333045482635,1.0,0.815,0.427,9.131431579589844e-05,1,1,/home/zhangxu/yolov5-7.0/ga_cache/work_9fb5f2e169606851
23,22,1173,run4_p1798000_e1173,0.5871960520744324,0.5958002805709839,0.09963668137788773,0.033474136143922806,0.20149312913417816,0.048539333045482635,0.0,0.5871960520744324,0.5958002805709839,1.0989100441336632,1.0669482722878456,1.4029862582683563,0.048539333045482635,1.0,0.815,0.427,9.489059448242188e-05,1,1,/home/zhangxu/yolov5-7.0/ga_cache/work_9fb5f2e169606851
23,23,1174,run4_p1798000_e1174,0.5871960520744324,0.5958002805709839,0.09963668137788773,0.033474136143922806,0.20149312913417816,0.048539333045482635,0.0,0.5871960520744324,0.5958002805709839,1.0989100441336632,1.0669482722878456,1.4029862582683563,0.048539333045482635,1.0,0.815,0.427,0.0001518726348876953,1,1,/home/zhangxu/yolov5-7.0/ga_cache/work_9fb5f2e169606851
23,24,1175,run4_p1798000_e1175,0.5871960520744324,0.5958002805709839,0.09963668137788773,0.033474136143922806,0.20149312913417816,0.048539333045482635,0.0,0.5871960520744324,0.5958002805709839,1.0989100441336632,1.0669482722878456,1.4029862582683563,0.048539333045482635,1.0,0.815,0.427,9.72747802734375e-05,1,1,/home/zhangxu/yolov5-7.0/ga_cache/work_9fb5f2e169606851
23,25,1176,run4_p1798000_e1176,0.5871960520744324,0.5958002805709839,0.09963668137788773,0.033474136143922806,0.20149312913417816,0.048539333045482635,0.0,0.5871960520744324,0.5958002805709839,1.0989100441336632,1.0669482722878456,1.4029862582683563,0.048539333045482635,1.0,0.815,0.427,0.00015163421630859375,1,1,/home/zhangxu/yolov5-7.0/ga_cache/work_9fb5f2e169606851
23,26,1177,run4_p1798000_e1177,0.5871960520744324,0.5958002805709839,0.09963668137788773,0.033474136143922806,0.20149312913417816,0.048539333045482635,0.0,0.5871960520744324,0.5958002805709839,1.0989100441336632,1.0669482722878456,1.4029862582683563,0.048539333045482635,1.0,0.815,0.427,0.00014591217041015625,1,1,/home/zhangxu/yolov5-7.0/ga_cache/work_9fb5f2e169606851
23,27,1178,run4_p1798000_e1178,0.5871960520744324,0.5958002805709839,0.09963668137788773,0.033474136143922806,0.20149312913417816,0.048539333045482635,0.0,0.5871960520744324,0.5958002805709839,1.0989100441336632,1.0669482722878456,1.4029862582683563,0.048539333045482635,1.0,0.815,0.427,0.00010943412780761719,1,1,/home/zhangxu/yolov5-7.0/ga_cache/work_9fb5f2e169606851
23,28,1179,run4_p1798000_e1179,0.5871960520744324,0.5958002805709839,0.09963668137788773,0.033474136143922806,0.20149312913417816,0.048539333045482635,0.0,0.5871960520744324,0.5958002805709839,1.0989100441336632,1.0669482722878456,1.4029862582683563,0.048539333045482635,1.0,0.815,0.427,0.00010514259338378906,1,1,/home/zhangxu/yolov5-7.0/ga_cache/work_9fb5f2e169606851
23,29,1180,run4_p1798000_e1180,0.5871960520744324,0.5958002805709839,0.09963668137788773,0.033474136143922806,0.20149312913417816,0.048539333045482635,0.0,0.5871960520744324,0.5958002805709839,1.0989100441336632,1.0669482722878456,1.4029862582683563,0.048539333045482635,1.0,0.815,0.427,9.012222290039062e-05,1,1,/home/zhangxu/yolov5-7.0/ga_cache/work_9fb5f2e169606851
23,30,1181,run4_p1798000_e1181,0.5871960520744324,0.5958002805709839,0.09963668137788773,0.033474136143922806,0.20149312913417816,0.048539333045482635,0.0,0.5871960520744324,0.5958002805709839,1.0989100441336632,1.0669482722878456,1.4029862582683563,0.048539333045482635,1.0,0.815,0.427,0.00010132789611816406,1,1,/home/zhangxu/yolov5-7.0/ga_cache/work_9fb5f2e169606851
23,31,1182,run4_p1798000_e1182,0.5871960520744324,0.5958002805709839,0.09963668137788773,0.033474136143922806,0.20149312913417816,0.048539333045482635,0.0,0.5871960520744324,0.5958002805709839,1.0989100441336632,1.0669482722878456,1.4029862582683563,0.048539333045482635,1.0,0.815,0.427,9.107589721679688e-05,1,1,/home/zhangxu/yolov5-7.0/ga_cache/work_9fb5f2e169606851
23,32,1183,run4_p1798000_e1183,0.5871960520744324,0.5958002805709839,0.09963668137788773,0.033474136143922806,0.20149312913417816,0.048539333045482635,0.0,0.5871960520744324,0.5958002805709839,1.0989100441336632,1.0669482722878456,1.4029862582683563,0.048539333045482635,1.0,0.815,0.427,0.00011968612670898438,1,1,/home/zhangxu/yolov5-7.0/ga_cache/work_9fb5f2e169606851
23,33,1184,run4_p1798000_e1184,0.5871960520744324,0.5958002805709839,0.09963668137788773,0.033474136143922806,0.20149312913417816,0.048539333045482635,0.0,0.5871960520744324,0.5958002805709839,1.0989100441336632,1.0669482722878456,1.4029862582683563,0.048539333045482635,1.0,0.815,0.427,8.440017700195312e-05,1,1,/home/zhangxu/yolov5-7.0/ga_cache/work_9fb5f2e169606851
23,34,1185,run4_p1798000_e1185,0.5871960520744324,0.5958002805709839,0.09963668137788773,0.033474136143922806,0.20149312913417816,0.048539333045482635,0.0,0.5871960520744324,0.5958002805709839,1.0989100441336632,1.0669482722878456,1.4029862582683563,0.048539333045482635,1.0,0.815,0.427,0.00011587142944335938,1,1,/home/zhangxu/yolov5-7.0/ga_cache/work_9fb5f2e169606851
23,35,1186,run4_p1798000_e1186,0.5871960520744324,0.5958002805709839,0.09963668137788773,0.033474136143922806,0.20149312913417816,0.048539333045482635,0.0,0.5871960520744324,0.5958002805709839,1.0989100441336632,1.0669482722878456,1.4029862582683563,0.048539333045482635,1.0,0.815,0.427,0.00016951560974121094,1,1,/home/zhangxu/yolov5-7.0/ga_cache/work_9fb5f2e169606851
23,36,1187,run4_p1798000_e1187,0.5871960520744324,0.5958002805709839,0.09963668137788773,0.033474136143922806,0.20149312913417816,0.048539333045482635,0.0,0.5871960520744324,0.5958002805709839,1.0989100441336632,1.0669482722878456,1.4029862582683563,0.048539333045482635,1.0,0.815,0.427,0.00010728836059570312,1,1,/home/zhangxu/yolov5-7.0/ga_cache/work_9fb5f2e169606851
23,37,1188,run4_p1798000_e1188,0.5871960520744324,0.5958002805709839,0.09963668137788773,0.033474136143922806,0.20149312913417816,0.048539333045482635,0.0,0.5871960520744324,0.5958002805709839,1.0989100441336632,1.0669482722878456,1.4029862582683563,0.048539333045482635,1.0,0.815,0.427,0.00012135505676269531,1,1,/home/zhangxu/yolov5-7.0/ga_cache/work_9fb5f2e169606851
23,38,1189,run4_p1798000_e1189,0.5871960520744324,0.5958002805709839,0.09963668137788773,0.033474136143922806,0.20149312913417816,0.048539333045482635,0.0,0.5871960520744324,0.5958002805709839,1.0989100441336632,1.0669482722878456,1.4029862582683563,0.048539333045482635,1.0,0.815,0.427,0.00014495849609375,1,1,/home/zhangxu/yolov5-7.0/ga_cache/work_9fb5f2e169606851
23,39,1190,run4_p1798000_e1190,0.5871960520744324,0.5958002805709839,0.09963668137788773,0.033474136143922806,0.20149312913417816,0.048539333045482635,0.0,0.5871960520744324,0.5958002805709839,1.0989100441336632,1.0669482722878456,1.4029862582683563,0.048539333045482635,1.0,0.815,0.427,9.34600830078125e-05,1,1,/home/zhangxu/yolov5-7.0/ga_cache/work_9fb5f2e169606851
23,40,1191,run4_p1798000_e1191,0.5871960520744324,0.5958002805709839,0.09963668137788773,0.033474136143922806,0.20149312913417816,0.048539333045482635,0.0,0.5871960520744324,0.5958002805709839,1.0989100441336632,1.0669482722878456,1.4029862582683563,0.048539333045482635,1.0,0.815,0.427,8.988380432128906e-05,1,1,/home/zhangxu/yolov5-7.0/ga_cache/work_9fb5f2e169606851
23,41,1192,run4_p1798000_e1192,0.5871960520744324,0.5958002805709839,0.09963668137788773,0.033474136143922806,0.20149312913417816,0.048539333045482635,0.0,0.5871960520744324,0.5958002805709839,1.0989100441336632,1.0669482722878456,1.4029862582683563,0.048539333045482635,1.0,0.815,0.427,9.107589721679688e-05,1,1,/home/zhangxu/yolov5-7.0/ga_cache/work_9fb5f2e169606851
23,42,1193,run4_p1798000_e1193,0.5871960520744324,0.5958002805709839,0.09963668137788773,0.033474136143922806,0.20149312913417816,0.048539333045482635,0.0,0.5871960520744324,0.5958002805709839,1.0989100441336632,1.0669482722878456,1.4029862582683563,0.048539333045482635,1.0,0.815,0.427,9.322166442871094e-05,1,1,/home/zhangxu/yolov5-7.0/ga_cache/work_9fb5f2e169606851
23,43,1194,run4_p1798000_e1194,0.5871960520744324,0.5958002805709839,0.09963668137788773,0.033474136143922806,0.20149312913417816,0.048539333045482635,0.0,0.5871960520744324,0.5958002805709839,1.0989100441336632,1.0669482722878456,1.4029862582683563,0.048539333045482635,1.0,0.815,0.427,8.749961853027344e-05,1,1,/home/zhangxu/yolov5-7.0/ga_cache/work_9fb5f2e169606851
23,44,1195,run4_p1798000_e1195,0.5871960520744324,0.5958002805709839,0.09963668137788773,0.033474136143922806,0.20149312913417816,0.048539333045482635,0.0,0.5871960520744324,0.5958002805709839,1.0989100441336632,1.0669482722878456,1.4029862582683563,0.048539333045482635,1.0,0.815,0.427,9.465217590332031e-05,1,1,/home/zhangxu/yolov5-7.0/ga_cache/work_9fb5f2e169606851
23,45,1196,run4_p1798000_e1196,0.5871960520744324,0.5958002805709839,0.09963668137788773,0.033474136143922806,0.20149312913417816,0.048539333045482635,0.0,0.5871960520744324,0.5958002805709839,1.0989100441336632,1.0669482722878456,1.4029862582683563,0.048539333045482635,1.0,0.815,0.427,0.0002281665802001953,1,1,/home/zhangxu/yolov5-7.0/ga_cache/work_9fb5f2e169606851
23,46,1197,run4_p1798000_e1197,0.5871960520744324,0.5958002805709839,0.09963668137788773,0.033474136143922806,0.20149312913417816,0.048539333045482635,0.0,0.5871960520744324,0.5958002805709839,1.0989100441336632,1.0669482722878456,1.4029862582683563,0.048539333045482635,1.0,0.815,0.427,8.368492126464844e-05,1,1,/home/zhangxu/yolov5-7.0/ga_cache/work_9fb5f2e169606851
23,47,1198,run4_p1798000_e1198,0.5871960520744324,0.5958002805709839,0.09963668137788773,0.033474136143922806,0.20149312913417816,0.048539333045482635,0.0,0.5871960520744324,0.5958002805709839,1.0989100441336632,1.0669482722878456,1.4029862582683563,0.048539333045482635,1.0,0.815,0.427,8.869171142578125e-05,1,1,/home/zhangxu/yolov5-7.0/ga_cache/work_9fb5f2e169606851
23,48,1199,run4_p1798000_e1199,0.5871960520744324,0.5958002805709839,0.09963668137788773,0.033474136143922806,0.20149312913417816,0.048539333045482635,0.0,0.5871960520744324,0.5958002805709839,1.0989100441336632,1.0669482722878456,1.4029862582683563,0.048539333045482635,1.0,0.815,0.427,8.559226989746094e-05,1,1,/home/zhangxu/yolov5-7.0/ga_cache/work_9fb5f2e169606851
23,49,1200,run4_p1798000_e1200,0.5871960520744324,0.5958002805709839,0.09963668137788773,0.033474136143922806,0.20149312913417816,0.048539333045482635,0.0,0.5871960520744324,0.5958002805709839,1.0989100441336632,1.0669482722878456,1.4029862582683563,0.048539333045482635,1.0,0.815,0.427,8.225440979003906e-05,1,1,/home/zhangxu/yolov5-7.0/ga_cache/work_9fb5f2e169606851
24,0,1201,run4_p1798000_e1201,0.5871960520744324,0.5958002805709839,0.09963668137788773,0.033474136143922806,0.20149312913417816,0.048539333045482635,0.0,0.5871960520744324,0.5958002805709839,1.0989100441336632,1.0669482722878456,1.4029862582683563,0.048539333045482635,1.0,0.815,0.427,0.00044727325439453125,1,1,/home/zhangxu/yolov5-7.0/ga_cache/work_9fb5f2e169606851
24,1,1202,run4_p1798000_e1202,0.5871960520744324,0.5958002805709839,0.09963668137788773,0.033474136143922806,0.20149312913417816,0.048539333045482635,0.0,0.5871960520744324,0.5958002805709839,1.0989100441336632,1.0669482722878456,1.4029862582683563,0.048539333045482635,1.0,0.815,0.427,0.00031256675720214844,1,1,/home/zhangxu/yolov5-7.0/ga_cache/work_9fb5f2e169606851
24,2,1203,run4_p1798000_e1203,0.5871960520744324,0.5958002805709839,0.09963668137788773,0.033474136143922806,0.20149312913417816,0.048539333045482635,0.0,0.5871960520744324,0.5958002805709839,1.0989100441336632,1.0669482722878456,1.4029862582683563,0.048539333045482635,1.0,0.815,0.427,0.0002727508544921875,1,1,/home/zhangxu/yolov5-7.0/ga_cache/work_9fb5f2e169606851
24,3,1204,run4_p1798000_e1204,0.5871960520744324,0.5958002805709839,0.09963668137788773,0.033474136143922806,0.20149312913417816,0.048539333045482635,0.0,0.5871960520744324,0.5958002805709839,1.0989100441336632,1.0669482722878456,1.4029862582683563,0.048539333045482635,1.0,0.815,0.427,0.00032210350036621094,1,1,/home/zhangxu/yolov5-7.0/ga_cache/work_9fb5f2e169606851
24,4,1205,run4_p1798000_e1205,0.5871960520744324,0.5958002805709839,0.09963668137788773,0.033474136143922806,0.20149312913417816,0.048539333045482635,0.0,0.5871960520744324,0.5958002805709839,1.0989100441336632,1.0669482722878456,1.4029862582683563,0.048539333045482635,1.0,0.815,0.427,0.0002346038818359375,1,1,/home/zhangxu/yolov5-7.0/ga_cache/work_9fb5f2e169606851
24,5,1206,run4_p1798000_e1206,0.5871960520744324,0.5958002805709839,0.09963668137788773,0.033474136143922806,0.20149312913417816,0.048539333045482635,0.0,0.5871960520744324,0.5958002805709839,1.0989100441336632,1.0669482722878456,1.4029862582683563,0.048539333045482635,1.0,0.815,0.427,0.0002608299255371094,1,1,/home/zhangxu/yolov5-7.0/ga_cache/work_9fb5f2e169606851
24,6,1207,run4_p1798000_e1207,0.5871960520744324,0.5958002805709839,0.09963668137788773,0.033474136143922806,0.20149312913417816,0.048539333045482635,0.0,0.5871960520744324,0.5958002805709839,1.0989100441336632,1.0669482722878456,1.4029862582683563,0.048539333045482635,1.0,0.815,0.427,0.00024175643920898438,1,1,/home/zhangxu/yolov5-7.0/ga_cache/work_9fb5f2e169606851
24,7,1208,run4_p1798000_e1208,0.5871960520744324,0.5958002805709839,0.09963668137788773,0.033474136143922806,0.20149312913417816,0.048539333045482635,0.0,0.5871960520744324,0.5958002805709839,1.0989100441336632,1.0669482722878456,1.4029862582683563,0.048539333045482635,1.0,0.815,0.427,0.0002410411834716797,1,1,/home/zhangxu/yolov5-7.0/ga_cache/work_9fb5f2e169606851
24,8,1209,run4_p1798000_e1209,0.5871960520744324,0.5958002805709839,0.09963668137788773,0.033474136143922806,0.20149312913417816,0.048539333045482635,0.0,0.5871960520744324,0.5958002805709839,1.0989100441336632,1.0669482722878456,1.4029862582683563,0.048539333045482635,1.0,0.815,0.427,0.0002090930938720703,1,1,/home/zhangxu/yolov5-7.0/ga_cache/work_9fb5f2e169606851
24,9,1210,run4_p1798000_e1210,0.5871960520744324,0.5958002805709839,0.09963668137788773,0.033474136143922806,0.20149312913417816,0.048539333045482635,0.0,0.5871960520744324,0.5958002805709839,1.0989100441336632,1.0669482722878456,1.4029862582683563,0.048539333045482635,1.0,0.815,0.427,0.00022339820861816406,1,1,/home/zhangxu/yolov5-7.0/ga_cache/work_9fb5f2e169606851
24,10,1211,run4_p1798000_e1211,0.5871960520744324,0.5958002805709839,0.09963668137788773,0.033474136143922806,0.20149312913417816,0.048539333045482635,0.0,0.5871960520744324,0.5958002805709839,1.0989100441336632,1.0669482722878456,1.4029862582683563,0.048539333045482635,1.0,0.815,0.427,0.0002791881561279297,1,1,/home/zhangxu/yolov5-7.0/ga_cache/work_9fb5f2e169606851
24,11,1212,run4_p1798000_e1212,0.5871960520744324,0.5958002805709839,0.09963668137788773,0.033474136143922806,0.20149312913417816,0.048539333045482635,0.0,0.5871960520744324,0.5958002805709839,1.0989100441336632,1.0669482722878456,1.4029862582683563,0.048539333045482635,1.0,0.815,0.427,0.00011229515075683594,1,1,/home/zhangxu/yolov5-7.0/ga_cache/work_9fb5f2e169606851
24,12,1213,run4_p1798000_e1213,0.5871960520744324,0.5958002805709839,0.09963668137788773,0.033474136143922806,0.20149312913417816,0.048539333045482635,0.0,0.5871960520744324,0.5958002805709839,1.0989100441336632,1.0669482722878456,1.4029862582683563,0.048539333045482635,1.0,0.815,0.427,0.00011110305786132812,1,1,/home/zhangxu/yolov5-7.0/ga_cache/work_9fb5f2e169606851
24,13,1214,run4_p1798000_e1214,0.5871960520744324,0.5958002805709839,0.09963668137788773,0.033474136143922806,0.20149312913417816,0.048539333045482635,0.0,0.5871960520744324,0.5958002805709839,1.0989100441336632,1.0669482722878456,1.4029862582683563,0.048539333045482635,1.0,0.815,0.427,0.00017523765563964844,1,1,/home/zhangxu/yolov5-7.0/ga_cache/work_9fb5f2e169606851
24,14,1215,run4_p1798000_e1215,0.5871960520744324,0.5958002805709839,0.09963668137788773,0.033474136143922806,0.20149312913417816,0.048539333045482635,0.0,0.5871960520744324,0.5958002805709839,1.0989100441336632,1.0669482722878456,1.4029862582683563,0.048539333045482635,1.0,0.815,0.427,0.0002334117889404297,1,1,/home/zhangxu/yolov5-7.0/ga_cache/work_9fb5f2e169606851
24,15,1216,run4_p1798000_e1216,0.5871960520744324,0.5958002805709839,0.09963668137788773,0.033474136143922806,0.20149312913417816,0.048539333045482635,0.0,0.5871960520744324,0.5958002805709839,1.0989100441336632,1.0669482722878456,1.4029862582683563,0.048539333045482635,1.0,0.815,0.427,0.00010704994201660156,1,1,/home/zhangxu/yolov5-7.0/ga_cache/work_9fb5f2e169606851
24,16,1217,run4_p1798000_e1217,0.5871960520744324,0.5958002805709839,0.09963668137788773,0.033474136143922806,0.20149312913417816,0.048539333045482635,0.0,0.5871960520744324,0.5958002805709839,1.0989100441336632,1.0669482722878456,1.4029862582683563,0.048539333045482635,1.0,0.815,0.427,0.00012540817260742188,1,1,/home/zhangxu/yolov5-7.0/ga_cache/work_9fb5f2e169606851
24,17,1218,run4_p1798000_e1218,0.5871960520744324,0.5958002805709839,0.09963668137788773,0.033474136143922806,0.20149312913417816,0.048539333045482635,0.0,0.5871960520744324,0.5958002805709839,1.0989100441336632,1.0669482722878456,1.4029862582683563,0.048539333045482635,1.0,0.815,0.427,0.00015425682067871094,1,1,/home/zhangxu/yolov5-7.0/ga_cache/work_9fb5f2e169606851
24,18,1219,run4_p1798000_e1219,0.5871960520744324,0.5958002805709839,0.09963668137788773,0.033474136143922806,0.20149312913417816,0.048539333045482635,0.0,0.5871960520744324,0.5958002805709839,1.0989100441336632,1.0669482722878456,1.4029862582683563,0.048539333045482635,1.0,0.815,0.427,0.00013399124145507812,1,1,/home/zhangxu/yolov5-7.0/ga_cache/work_9fb5f2e169606851
24,19,1220,run4_p1798000_e1220,0.5871960520744324,0.5958002805709839,0.09963668137788773,0.033474136143922806,0.20149312913417816,0.048539333045482635,0.0,0.5871960520744324,0.5958002805709839,1.0989100441336632,1.0669482722878456,1.4029862582683563,0.048539333045482635,1.0,0.815,0.427,0.00010657310485839844,1,1,/home/zhangxu/yolov5-7.0/ga_cache/work_9fb5f2e169606851
24,20,1221,run4_p1798000_e1221,0.5871960520744324,0.5958002805709839,0.09963668137788773,0.033474136143922806,0.20149312913417816,0.048539333045482635,0.0,0.5871960520744324,0.5958002805709839,1.0989100441336632,1.0669482722878456,1.4029862582683563,0.048539333045482635,1.0,0.815,0.427,0.0001270771026611328,1,1,/home/zhangxu/yolov5-7.0/ga_cache/work_9fb5f2e169606851
24,21,1222,run4_p1798000_e1222,0.5871960520744324,0.5958002805709839,0.09963668137788773,0.033474136143922806,0.20149312913417816,0.048539333045482635,0.0,0.5871960520744324,0.5958002805709839,1.0989100441336632,1.0669482722878456,1.4029862582683563,0.048539333045482635,1.0,0.815,0.427,0.00011873245239257812,1,1,/home/zhangxu/yolov5-7.0/ga_cache/work_9fb5f2e169606851
24,22,1223,run4_p1798000_e1223,0.5871960520744324,0.5958002805709839,0.09963668137788773,0.033474136143922806,0.20149312913417816,0.048539333045482635,0.0,0.5871960520744324,0.5958002805709839,1.0989100441336632,1.0669482722878456,1.4029862582683563,0.048539333045482635,1.0,0.815,0.427,0.00010633468627929688,1,1,/home/zhangxu/yolov5-7.0/ga_cache/work_9fb5f2e169606851
24,23,1224,run4_p1798000_e1224,0.5871960520744324,0.5958002805709839,0.09963668137788773,0.033474136143922806,0.20149312913417816,0.048539333045482635,0.0,0.5871960520744324,0.5958002805709839,1.0989100441336632,1.0669482722878456,1.4029862582683563,0.048539333045482635,1.0,0.815,0.427,9.322166442871094e-05,1,1,/home/zhangxu/yolov5-7.0/ga_cache/work_9fb5f2e169606851
24,24,1225,run4_p1798000_e1225,0.5871960520744324,0.5958002805709839,0.09963668137788773,0.033474136143922806,0.20149312913417816,0.048539333045482635,0.0,0.5871960520744324,0.5958002805709839,1.0989100441336632,1.0669482722878456,1.4029862582683563,0.048539333045482635,1.0,0.815,0.427,0.00010466575622558594,1,1,/home/zhangxu/yolov5-7.0/ga_cache/work_9fb5f2e169606851
24,25,1226,run4_p1798000_e1226,0.5871960520744324,0.5958002805709839,0.09963668137788773,0.033474136143922806,0.20149312913417816,0.048539333045482635,0.0,0.5871960520744324,0.5958002805709839,1.0989100441336632,1.0669482722878456,1.4029862582683563,0.048539333045482635,1.0,0.815,0.427,0.00014829635620117188,1,1,/home/zhangxu/yolov5-7.0/ga_cache/work_9fb5f2e169606851
24,26,1227,run4_p1798000_e1227,0.5871960520744324,0.5958002805709839,0.09963668137788773,0.033474136143922806,0.20149312913417816,0.048539333045482635,0.0,0.5871960520744324,0.5958002805709839,1.0989100441336632,1.0669482722878456,1.4029862582683563,0.048539333045482635,1.0,0.815,0.427,9.489059448242188e-05,1,1,/home/zhangxu/yolov5-7.0/ga_cache/work_9fb5f2e169606851
24,27,1228,run4_p1798000_e1228,0.5871960520744324,0.5958002805709839,0.09963668137788773,0.033474136143922806,0.20149312913417816,0.048539333045482635,0.0,0.5871960520744324,0.5958002805709839,1.0989100441336632,1.0669482722878456,1.4029862582683563,0.048539333045482635,1.0,0.815,0.427,8.106231689453125e-05,1,1,/home/zhangxu/yolov5-7.0/ga_cache/work_9fb5f2e169606851
24,28,1229,run4_p1798000_e1229,0.5871960520744324,0.5958002805709839,0.09963668137788773,0.033474136143922806,0.20149312913417816,0.048539333045482635,0.0,0.5871960520744324,0.5958002805709839,1.0989100441336632,1.0669482722878456,1.4029862582683563,0.048539333045482635,1.0,0.815,0.427,9.608268737792969e-05,1,1,/home/zhangxu/yolov5-7.0/ga_cache/work_9fb5f2e169606851
24,29,1230,run4_p1798000_e1230,0.5871960520744324,0.5958002805709839,0.09963668137788773,0.033474136143922806,0.20149312913417816,0.048539333045482635,0.0,0.5871960520744324,0.5958002805709839,1.0989100441336632,1.0669482722878456,1.4029862582683563,0.048539333045482635,1.0,0.815,0.427,8.845329284667969e-05,1,1,/home/zhangxu/yolov5-7.0/ga_cache/work_9fb5f2e169606851
24,30,1231,run4_p1798000_e1231,0.5871960520744324,0.5958002805709839,0.09963668137788773,0.033474136143922806,0.20149312913417816,0.048539333045482635,0.0,0.5871960520744324,0.5958002805709839,1.0989100441336632,1.0669482722878456,1.4029862582683563,0.048539333045482635,1.0,0.815,0.427,0.00010752677917480469,1,1,/home/zhangxu/yolov5-7.0/ga_cache/work_9fb5f2e169606851
24,31,1232,run4_p1798000_e1232,0.5871960520744324,0.5958002805709839,0.09963668137788773,0.033474136143922806,0.20149312913417816,0.048539333045482635,0.0,0.5871960520744324,0.5958002805709839,1.0989100441336632,1.0669482722878456,1.4029862582683563,0.048539333045482635,1.0,0.815,0.427,9.369850158691406e-05,1,1,/home/zhangxu/yolov5-7.0/ga_cache/work_9fb5f2e169606851
24,32,1233,run4_p1798000_e1233,0.5871960520744324,0.5958002805709839,0.09963668137788773,0.033474136143922806,0.20149312913417816,0.048539333045482635,0.0,0.5871960520744324,0.5958002805709839,1.0989100441336632,1.0669482722878456,1.4029862582683563,0.048539333045482635,1.0,0.815,0.427,9.131431579589844e-05,1,1,/home/zhangxu/yolov5-7.0/ga_cache/work_9fb5f2e169606851
24,33,1234,run4_p1798000_e1234,0.5871960520744324,0.5958002805709839,0.09963668137788773,0.033474136143922806,0.20149312913417816,0.048539333045482635,0.0,0.5871960520744324,0.5958002805709839,1.0989100441336632,1.0669482722878456,1.4029862582683563,0.048539333045482635,1.0,0.815,0.427,9.441375732421875e-05,1,1,/home/zhangxu/yolov5-7.0/ga_cache/work_9fb5f2e169606851
24,34,1235,run4_p1798000_e1235,0.5871960520744324,0.5958002805709839,0.09963668137788773,0.033474136143922806,0.20149312913417816,0.048539333045482635,0.0,0.5871960520744324,0.5958002805709839,1.0989100441336632,1.0669482722878456,1.4029862582683563,0.048539333045482635,1.0,0.815,0.427,0.00010061264038085938,1,1,/home/zhangxu/yolov5-7.0/ga_cache/work_9fb5f2e169606851
24,35,1236,run4_p1798000_e1236,0.5871960520744324,0.5958002805709839,0.09963668137788773,0.033474136143922806,0.20149312913417816,0.048539333045482635,0.0,0.5871960520744324,0.5958002805709839,1.0989100441336632,1.0669482722878456,1.4029862582683563,0.048539333045482635,1.0,0.815,0.427,0.00011658668518066406,1,1,/home/zhangxu/yolov5-7.0/ga_cache/work_9fb5f2e169606851
24,36,1237,run4_p1798000_e1237,0.5871960520744324,0.5958002805709839,0.09963668137788773,0.033474136143922806,0.20149312913417816,0.048539333045482635,0.0,0.5871960520744324,0.5958002805709839,1.0989100441336632,1.0669482722878456,1.4029862582683563,0.048539333045482635,1.0,0.815,0.427,8.559226989746094e-05,1,1,/home/zhangxu/yolov5-7.0/ga_cache/work_9fb5f2e169606851
24,37,1238,run4_p1798000_e1238,0.5871960520744324,0.5958002805709839,0.09963668137788773,0.033474136143922806,0.20149312913417816,0.048539333045482635,0.0,0.5871960520744324,0.5958002805709839,1.0989100441336632,1.0669482722878456,1.4029862582683563,0.048539333045482635,1.0,0.815,0.427,8.392333984375e-05,1,1,/home/zhangxu/yolov5-7.0/ga_cache/work_9fb5f2e169606851
24,38,1239,run4_p1798000_e1239,0.5871960520744324,0.5958002805709839,0.09963668137788773,0.033474136143922806,0.20149312913417816,0.048539333045482635,0.0,0.5871960520744324,0.5958002805709839,1.0989100441336632,1.0669482722878456,1.4029862582683563,0.048539333045482635,1.0,0.815,0.427,8.893013000488281e-05,1,1,/home/zhangxu/yolov5-7.0/ga_cache/work_9fb5f2e169606851
24,39,1240,run4_p1798000_e1240,0.44756799936294556,0.6618510484695435,0.0198739692568779,0.1657426953315735,0.23077240586280823,0.0,0.0,0.44756799936294556,0.6618510484695435,0.8596219077706337,1.331485390663147,1.4615448117256165,0.0,1.0,0.806,0.42,590.2577991485596,1,0,/home/zhangxu/yolov5-7.0/ga_cache/work_5572a8f133081ca8
24,40,1241,run4_p1798000_e1241,0.5871960520744324,0.5958002805709839,0.09963668137788773,0.033474136143922806,0.20149312913417816,0.048539333045482635,0.0,0.5871960520744324,0.5958002805709839,1.0989100441336632,1.0669482722878456,1.4029862582683563,0.048539333045482635,1.0,0.815,0.427,0.00011706352233886719,1,1,/home/zhangxu/yolov5-7.0/ga_cache/work_9fb5f2e169606851
24,41,1242,run4_p1798000_e1242,0.5871960520744324,0.5958002805709839,0.09963668137788773,0.033474136143922806,0.20149312913417816,0.048539333045482635,0.0,0.5871960520744324,0.5958002805709839,1.0989100441336632,1.0669482722878456,1.4029862582683563,0.048539333045482635,1.0,0.815,0.427,8.153915405273438e-05,1,1,/home/zhangxu/yolov5-7.0/ga_cache/work_9fb5f2e169606851
24,42,1243,run4_p1798000_e1243,0.5871960520744324,0.5958002805709839,0.09963668137788773,0.033474136143922806,0.20149312913417816,0.048539333045482635,0.0,0.5871960520744324,0.5958002805709839,1.0989100441336632,1.0669482722878456,1.4029862582683563,0.048539333045482635,1.0,0.815,0.427,8.845329284667969e-05,1,1,/home/zhangxu/yolov5-7.0/ga_cache/work_9fb5f2e169606851
24,43,1244,run4_p1798000_e1244,0.5871960520744324,0.5958002805709839,0.09963668137788773,0.033474136143922806,0.20149312913417816,0.048539333045482635,0.0,0.5871960520744324,0.5958002805709839,1.0989100441336632,1.0669482722878456,1.4029862582683563,0.048539333045482635,1.0,0.815,0.427,9.274482727050781e-05,1,1,/home/zhangxu/yolov5-7.0/ga_cache/work_9fb5f2e169606851
24,44,1245,run4_p1798000_e1245,0.5871960520744324,0.5958002805709839,0.09963668137788773,0.033474136143922806,0.20149312913417816,0.048539333045482635,0.0,0.5871960520744324,0.5958002805709839,1.0989100441336632,1.0669482722878456,1.4029862582683563,0.048539333045482635,1.0,0.815,0.427,8.702278137207031e-05,1,1,/home/zhangxu/yolov5-7.0/ga_cache/work_9fb5f2e169606851
24,45,1246,run4_p1798000_e1246,0.5871960520744324,0.5958002805709839,0.09963668137788773,0.033474136143922806,0.20149312913417816,0.048539333045482635,0.0,0.5871960520744324,0.5958002805709839,1.0989100441336632,1.0669482722878456,1.4029862582683563,0.048539333045482635,1.0,0.815,0.427,8.988380432128906e-05,1,1,/home/zhangxu/yolov5-7.0/ga_cache/work_9fb5f2e169606851
24,46,1247,run4_p1798000_e1247,0.5871960520744324,0.5958002805709839,0.09963668137788773,0.033474136143922806,0.20149312913417816,0.048539333045482635,0.0,0.5871960520744324,0.5958002805709839,1.0989100441336632,1.0669482722878456,1.4029862582683563,0.048539333045482635,1.0,0.815,0.427,9.250640869140625e-05,1,1,/home/zhangxu/yolov5-7.0/ga_cache/work_9fb5f2e169606851
24,47,1248,run4_p1798000_e1248,0.5871960520744324,0.5958002805709839,0.09963668137788773,0.033474136143922806,0.20149312913417816,0.048539333045482635,0.0,0.5871960520744324,0.5958002805709839,1.0989100441336632,1.0669482722878456,1.4029862582683563,0.048539333045482635,1.0,0.815,0.427,7.891654968261719e-05,1,1,/home/zhangxu/yolov5-7.0/ga_cache/work_9fb5f2e169606851
24,48,1249,run4_p1798000_e1249,0.5871960520744324,0.5958002805709839,0.09963668137788773,0.033474136143922806,0.20149312913417816,0.048539333045482635,0.0,0.5871960520744324,0.5958002805709839,1.0989100441336632,1.0669482722878456,1.4029862582683563,0.048539333045482635,1.0,0.815,0.427,8.559226989746094e-05,1,1,/home/zhangxu/yolov5-7.0/ga_cache/work_9fb5f2e169606851
24,49,1250,run4_p1798000_e1250,0.5871960520744324,0.5958002805709839,0.09963668137788773,0.033474136143922806,0.20149312913417816,0.048539333045482635,0.0,0.5871960520744324,0.5958002805709839,1.0989100441336632,1.0669482722878456,1.4029862582683563,0.048539333045482635,1.0,0.815,0.427,9.226799011230469e-05,1,1,/home/zhangxu/yolov5-7.0/ga_cache/work_9fb5f2e169606851
25,0,1251,run4_p1798000_e1251,0.5871960520744324,0.5958002805709839,0.09963668137788773,0.033474136143922806,0.20149312913417816,0.048539333045482635,0.0,0.5871960520744324,0.5958002805709839,1.0989100441336632,1.0669482722878456,1.4029862582683563,0.048539333045482635,1.0,0.815,0.427,0.0002951622009277344,1,1,/home/zhangxu/yolov5-7.0/ga_cache/work_9fb5f2e169606851
25,1,1252,run4_p1798000_e1252,0.5871960520744324,0.5958002805709839,0.09963668137788773,0.033474136143922806,0.20149312913417816,0.048539333045482635,0.0,0.5871960520744324,0.5958002805709839,1.0989100441336632,1.0669482722878456,1.4029862582683563,0.048539333045482635,1.0,0.815,0.427,0.0002903938293457031,1,1,/home/zhangxu/yolov5-7.0/ga_cache/work_9fb5f2e169606851
25,2,1253,run4_p1798000_e1253,0.5871960520744324,0.5958002805709839,0.09963668137788773,0.033474136143922806,0.20149312913417816,0.048539333045482635,0.0,0.5871960520744324,0.5958002805709839,1.0989100441336632,1.0669482722878456,1.4029862582683563,0.048539333045482635,1.0,0.815,0.427,0.0002827644348144531,1,1,/home/zhangxu/yolov5-7.0/ga_cache/work_9fb5f2e169606851
25,3,1254,run4_p1798000_e1254,0.5871960520744324,0.5958002805709839,0.09963668137788773,0.033474136143922806,0.20149312913417816,0.048539333045482635,0.0,0.5871960520744324,0.5958002805709839,1.0989100441336632,1.0669482722878456,1.4029862582683563,0.048539333045482635,1.0,0.815,0.427,0.000247955322265625,1,1,/home/zhangxu/yolov5-7.0/ga_cache/work_9fb5f2e169606851
25,4,1255,run4_p1798000_e1255,0.5871960520744324,0.5958002805709839,0.09963668137788773,0.033474136143922806,0.20149312913417816,0.048539333045482635,0.0,0.5871960520744324,0.5958002805709839,1.0989100441336632,1.0669482722878456,1.4029862582683563,0.048539333045482635,1.0,0.815,0.427,0.00024628639221191406,1,1,/home/zhangxu/yolov5-7.0/ga_cache/work_9fb5f2e169606851
25,5,1256,run4_p1798000_e1256,0.5871960520744324,0.5958002805709839,0.09963668137788773,0.033474136143922806,0.20149312913417816,0.048539333045482635,0.0,0.5871960520744324,0.5958002805709839,1.0989100441336632,1.0669482722878456,1.4029862582683563,0.048539333045482635,1.0,0.815,0.427,0.00022602081298828125,1,1,/home/zhangxu/yolov5-7.0/ga_cache/work_9fb5f2e169606851
25,6,1257,run4_p1798000_e1257,0.5871960520744324,0.5958002805709839,0.09963668137788773,0.033474136143922806,0.20149312913417816,0.048539333045482635,0.0,0.5871960520744324,0.5958002805709839,1.0989100441336632,1.0669482722878456,1.4029862582683563,0.048539333045482635,1.0,0.815,0.427,0.00028634071350097656,1,1,/home/zhangxu/yolov5-7.0/ga_cache/work_9fb5f2e169606851
25,7,1258,run4_p1798000_e1258,0.5871960520744324,0.5958002805709839,0.09963668137788773,0.033474136143922806,0.20149312913417816,0.048539333045482635,0.0,0.5871960520744324,0.5958002805709839,1.0989100441336632,1.0669482722878456,1.4029862582683563,0.048539333045482635,1.0,0.815,0.427,0.0002617835998535156,1,1,/home/zhangxu/yolov5-7.0/ga_cache/work_9fb5f2e169606851
25,8,1259,run4_p1798000_e1259,0.5871960520744324,0.5958002805709839,0.09963668137788773,0.033474136143922806,0.20149312913417816,0.048539333045482635,0.0,0.5871960520744324,0.5958002805709839,1.0989100441336632,1.0669482722878456,1.4029862582683563,0.048539333045482635,1.0,0.815,0.427,0.00026297569274902344,1,1,/home/zhangxu/yolov5-7.0/ga_cache/work_9fb5f2e169606851
25,9,1260,run4_p1798000_e1260,0.5871960520744324,0.5958002805709839,0.09963668137788773,0.033474136143922806,0.20149312913417816,0.048539333045482635,0.0,0.5871960520744324,0.5958002805709839,1.0989100441336632,1.0669482722878456,1.4029862582683563,0.048539333045482635,1.0,0.815,0.427,0.00025844573974609375,1,1,/home/zhangxu/yolov5-7.0/ga_cache/work_9fb5f2e169606851
25,10,1261,run4_p1798000_e1261,0.5871960520744324,0.5958002805709839,0.09963668137788773,0.033474136143922806,0.20149312913417816,0.048539333045482635,0.0,0.5871960520744324,0.5958002805709839,1.0989100441336632,1.0669482722878456,1.4029862582683563,0.048539333045482635,1.0,0.815,0.427,0.000156402587890625,1,1,/home/zhangxu/yolov5-7.0/ga_cache/work_9fb5f2e169606851
25,11,1262,run4_p1798000_e1262,0.5871960520744324,0.5958002805709839,0.09963668137788773,0.033474136143922806,0.20149312913417816,0.048539333045482635,0.0,0.5871960520744324,0.5958002805709839,1.0989100441336632,1.0669482722878456,1.4029862582683563,0.048539333045482635,1.0,0.815,0.427,0.00017499923706054688,1,1,/home/zhangxu/yolov5-7.0/ga_cache/work_9fb5f2e169606851
25,12,1263,run4_p1798000_e1263,0.5871960520744324,0.5958002805709839,0.09963668137788773,0.033474136143922806,0.20149312913417816,0.048539333045482635,0.0,0.5871960520744324,0.5958002805709839,1.0989100441336632,1.0669482722878456,1.4029862582683563,0.048539333045482635,1.0,0.815,0.427,0.00012135505676269531,1,1,/home/zhangxu/yolov5-7.0/ga_cache/work_9fb5f2e169606851
25,13,1264,run4_p1798000_e1264,0.8857014179229736,0.6919814944267273,0.11417707055807114,0.22202827036380768,0.41607436537742615,0.0,0.43232476711273193,0.8857014179229736,0.6919814944267273,1.1425312116742135,1.4440565407276154,1.8321487307548523,0.0,1.648487150669098,0.629,0.306,635.1337149143219,1,0,/home/zhangxu/yolov5-7.0/ga_cache/work_8c2c2942fa905678
25,14,1265,run4_p1798000_e1265,0.5871960520744324,0.5958002805709839,0.09963668137788773,0.033474136143922806,0.20149312913417816,0.048539333045482635,0.0,0.5871960520744324,0.5958002805709839,1.0989100441336632,1.0669482722878456,1.4029862582683563,0.048539333045482635,1.0,0.815,0.427,0.0001499652862548828,1,1,/home/zhangxu/yolov5-7.0/ga_cache/work_9fb5f2e169606851
25,15,1266,run4_p1798000_e1266,0.5871960520744324,0.5958002805709839,0.09963668137788773,0.033474136143922806,0.20149312913417816,0.048539333045482635,0.0,0.5871960520744324,0.5958002805709839,1.0989100441336632,1.0669482722878456,1.4029862582683563,0.048539333045482635,1.0,0.815,0.427,0.00011920928955078125,1,1,/home/zhangxu/yolov5-7.0/ga_cache/work_9fb5f2e169606851
25,16,1267,run4_p1798000_e1267,0.5871960520744324,0.5958002805709839,0.09963668137788773,0.033474136143922806,0.20149312913417816,0.048539333045482635,0.0,0.5871960520744324,0.5958002805709839,1.0989100441336632,1.0669482722878456,1.4029862582683563,0.048539333045482635,1.0,0.815,0.427,0.00010728836059570312,1,1,/home/zhangxu/yolov5-7.0/ga_cache/work_9fb5f2e169606851
25,17,1268,run4_p1798000_e1268,0.5871960520744324,0.5958002805709839,0.09963668137788773,0.033474136143922806,0.20149312913417816,0.048539333045482635,0.0,0.5871960520744324,0.5958002805709839,1.0989100441336632,1.0669482722878456,1.4029862582683563,0.048539333045482635,1.0,0.815,0.427,0.0001125335693359375,1,1,/home/zhangxu/yolov5-7.0/ga_cache/work_9fb5f2e169606851
25,18,1269,run4_p1798000_e1269,0.5871960520744324,0.5958002805709839,0.09963668137788773,0.033474136143922806,0.20149312913417816,0.048539333045482635,0.0,0.5871960520744324,0.5958002805709839,1.0989100441336632,1.0669482722878456,1.4029862582683563,0.048539333045482635,1.0,0.815,0.427,0.0001304149627685547,1,1,/home/zhangxu/yolov5-7.0/ga_cache/work_9fb5f2e169606851
25,19,1270,run4_p1798000_e1270,0.5871960520744324,0.5958002805709839,0.09963668137788773,0.033474136143922806,0.20149312913417816,0.048539333045482635,0.0,0.5871960520744324,0.5958002805709839,1.0989100441336632,1.0669482722878456,1.4029862582683563,0.048539333045482635,1.0,0.815,0.427,0.00012993812561035156,1,1,/home/zhangxu/yolov5-7.0/ga_cache/work_9fb5f2e169606851
25,20,1271,run4_p1798000_e1271,0.5871960520744324,0.5958002805709839,0.09963668137788773,0.033474136143922806,0.20149312913417816,0.048539333045482635,0.0,0.5871960520744324,0.5958002805709839,1.0989100441336632,1.0669482722878456,1.4029862582683563,0.048539333045482635,1.0,0.815,0.427,0.0001690387725830078,1,1,/home/zhangxu/yolov5-7.0/ga_cache/work_9fb5f2e169606851
25,21,1272,run4_p1798000_e1272,0.5871960520744324,0.5958002805709839,0.09963668137788773,0.033474136143922806,0.20149312913417816,0.048539333045482635,0.0,0.5871960520744324,0.5958002805709839,1.0989100441336632,1.0669482722878456,1.4029862582683563,0.048539333045482635,1.0,0.815,0.427,0.00013494491577148438,1,1,/home/zhangxu/yolov5-7.0/ga_cache/work_9fb5f2e169606851
25,22,1273,run4_p1798000_e1273,0.5871960520744324,0.5958002805709839,0.09963668137788773,0.033474136143922806,0.20149312913417816,0.048539333045482635,0.0,0.5871960520744324,0.5958002805709839,1.0989100441336632,1.0669482722878456,1.4029862582683563,0.048539333045482635,1.0,0.815,0.427,0.00010514259338378906,1,1,/home/zhangxu/yolov5-7.0/ga_cache/work_9fb5f2e169606851
25,23,1274,run4_p1798000_e1274,0.5871960520744324,0.5958002805709839,0.09963668137788773,0.033474136143922806,0.20149312913417816,0.048539333045482635,0.0,0.5871960520744324,0.5958002805709839,1.0989100441336632,1.0669482722878456,1.4029862582683563,0.048539333045482635,1.0,0.815,0.427,0.00011444091796875,1,1,/home/zhangxu/yolov5-7.0/ga_cache/work_9fb5f2e169606851
25,24,1275,run4_p1798000_e1275,0.5871960520744324,0.5958002805709839,0.09963668137788773,0.033474136143922806,0.20149312913417816,0.048539333045482635,0.0,0.5871960520744324,0.5958002805709839,1.0989100441336632,1.0669482722878456,1.4029862582683563,0.048539333045482635,1.0,0.815,0.427,9.846687316894531e-05,1,1,/home/zhangxu/yolov5-7.0/ga_cache/work_9fb5f2e169606851
25,25,1276,run4_p1798000_e1276,0.5871960520744324,0.5958002805709839,0.09963668137788773,0.033474136143922806,0.20149312913417816,0.048539333045482635,0.0,0.5871960520744324,0.5958002805709839,1.0989100441336632,1.0669482722878456,1.4029862582683563,0.048539333045482635,1.0,0.815,0.427,0.0001468658447265625,1,1,/home/zhangxu/yolov5-7.0/ga_cache/work_9fb5f2e169606851
25,26,1277,run4_p1798000_e1277,0.5871960520744324,0.5958002805709839,0.09963668137788773,0.033474136143922806,0.20149312913417816,0.048539333045482635,0.0,0.5871960520744324,0.5958002805709839,1.0989100441336632,1.0669482722878456,1.4029862582683563,0.048539333045482635,1.0,0.815,0.427,0.00011372566223144531,1,1,/home/zhangxu/yolov5-7.0/ga_cache/work_9fb5f2e169606851
25,27,1278,run4_p1798000_e1278,0.5871960520744324,0.5958002805709839,0.09963668137788773,0.033474136143922806,0.20149312913417816,0.048539333045482635,0.0,0.5871960520744324,0.5958002805709839,1.0989100441336632,1.0669482722878456,1.4029862582683563,0.048539333045482635,1.0,0.815,0.427,9.512901306152344e-05,1,1,/home/zhangxu/yolov5-7.0/ga_cache/work_9fb5f2e169606851
25,28,1279,run4_p1798000_e1279,0.5871960520744324,0.5958002805709839,0.09963668137788773,0.033474136143922806,0.20149312913417816,0.048539333045482635,0.0,0.5871960520744324,0.5958002805709839,1.0989100441336632,1.0669482722878456,1.4029862582683563,0.048539333045482635,1.0,0.815,0.427,0.00010657310485839844,1,1,/home/zhangxu/yolov5-7.0/ga_cache/work_9fb5f2e169606851
25,29,1280,run4_p1798000_e1280,0.5871960520744324,0.5958002805709839,0.09963668137788773,0.033474136143922806,0.20149312913417816,0.048539333045482635,0.0,0.5871960520744324,0.5958002805709839,1.0989100441336632,1.0669482722878456,1.4029862582683563,0.048539333045482635,1.0,0.815,0.427,9.250640869140625e-05,1,1,/home/zhangxu/yolov5-7.0/ga_cache/work_9fb5f2e169606851
25,30,1281,run4_p1798000_e1281,0.5871960520744324,0.5958002805709839,0.09963668137788773,0.033474136143922806,0.20149312913417816,0.048539333045482635,0.0,0.5871960520744324,0.5958002805709839,1.0989100441336632,1.0669482722878456,1.4029862582683563,0.048539333045482635,1.0,0.815,0.427,8.678436279296875e-05,1,1,/home/zhangxu/yolov5-7.0/ga_cache/work_9fb5f2e169606851
25,31,1282,run4_p1798000_e1282,0.5871960520744324,0.5958002805709839,0.09963668137788773,0.033474136143922806,0.20149312913417816,0.048539333045482635,0.0,0.5871960520744324,0.5958002805709839,1.0989100441336632,1.0669482722878456,1.4029862582683563,0.048539333045482635,1.0,0.815,0.427,9.298324584960938e-05,1,1,/home/zhangxu/yolov5-7.0/ga_cache/work_9fb5f2e169606851
25,32,1283,run4_p1798000_e1283,0.5871960520744324,0.5958002805709839,0.09963668137788773,0.033474136143922806,0.20149312913417816,0.048539333045482635,0.0,0.5871960520744324,0.5958002805709839,1.0989100441336632,1.0669482722878456,1.4029862582683563,0.048539333045482635,1.0,0.815,0.427,0.00010275840759277344,1,1,/home/zhangxu/yolov5-7.0/ga_cache/work_9fb5f2e169606851
25,33,1284,run4_p1798000_e1284,0.5871960520744324,0.5958002805709839,0.09963668137788773,0.033474136143922806,0.20149312913417816,0.048539333045482635,0.0,0.5871960520744324,0.5958002805709839,1.0989100441336632,1.0669482722878456,1.4029862582683563,0.048539333045482635,1.0,0.815,0.427,9.274482727050781e-05,1,1,/home/zhangxu/yolov5-7.0/ga_cache/work_9fb5f2e169606851
25,34,1285,run4_p1798000_e1285,0.5871960520744324,0.5958002805709839,0.09963668137788773,0.033474136143922806,0.20149312913417816,0.048539333045482635,0.0,0.5871960520744324,0.5958002805709839,1.0989100441336632,1.0669482722878456,1.4029862582683563,0.048539333045482635,1.0,0.815,0.427,0.0001347064971923828,1,1,/home/zhangxu/yolov5-7.0/ga_cache/work_9fb5f2e169606851
25,35,1286,run4_p1798000_e1286,0.5871960520744324,0.5958002805709839,0.09963668137788773,0.033474136143922806,0.20149312913417816,0.048539333045482635,0.0,0.5871960520744324,0.5958002805709839,1.0989100441336632,1.0669482722878456,1.4029862582683563,0.048539333045482635,1.0,0.815,0.427,8.845329284667969e-05,1,1,/home/zhangxu/yolov5-7.0/ga_cache/work_9fb5f2e169606851
25,36,1287,run4_p1798000_e1287,0.5871960520744324,0.5958002805709839,0.09963668137788773,0.033474136143922806,0.20149312913417816,0.048539333045482635,0.0,0.5871960520744324,0.5958002805709839,1.0989100441336632,1.0669482722878456,1.4029862582683563,0.048539333045482635,1.0,0.815,0.427,8.916854858398438e-05,1,1,/home/zhangxu/yolov5-7.0/ga_cache/work_9fb5f2e169606851
25,37,1288,run4_p1798000_e1288,0.5871960520744324,0.5958002805709839,0.09963668137788773,0.033474136143922806,0.20149312913417816,0.048539333045482635,0.0,0.5871960520744324,0.5958002805709839,1.0989100441336632,1.0669482722878456,1.4029862582683563,0.048539333045482635,1.0,0.815,0.427,9.989738464355469e-05,1,1,/home/zhangxu/yolov5-7.0/ga_cache/work_9fb5f2e169606851
25,38,1289,run4_p1798000_e1289,0.5871960520744324,0.5958002805709839,0.09963668137788773,0.033474136143922806,0.20149312913417816,0.048539333045482635,0.0,0.5871960520744324,0.5958002805709839,1.0989100441336632,1.0669482722878456,1.4029862582683563,0.048539333045482635,1.0,0.815,0.427,8.440017700195312e-05,1,1,/home/zhangxu/yolov5-7.0/ga_cache/work_9fb5f2e169606851
25,39,1290,run4_p1798000_e1290,0.5871960520744324,0.5958002805709839,0.09963668137788773,0.033474136143922806,0.20149312913417816,0.048539333045482635,0.0,0.5871960520744324,0.5958002805709839,1.0989100441336632,1.0669482722878456,1.4029862582683563,0.048539333045482635,1.0,0.815,0.427,0.0002961158752441406,1,1,/home/zhangxu/yolov5-7.0/ga_cache/work_9fb5f2e169606851
25,40,1291,run4_p1798000_e1291,0.5871960520744324,0.5958002805709839,0.09963668137788773,0.033474136143922806,0.20149312913417816,0.048539333045482635,0.0,0.5871960520744324,0.5958002805709839,1.0989100441336632,1.0669482722878456,1.4029862582683563,0.048539333045482635,1.0,0.815,0.427,8.511543273925781e-05,1,1,/home/zhangxu/yolov5-7.0/ga_cache/work_9fb5f2e169606851
25,41,1292,run4_p1798000_e1292,0.5871960520744324,0.5958002805709839,0.09963668137788773,0.033474136143922806,0.20149312913417816,0.048539333045482635,0.0,0.5871960520744324,0.5958002805709839,1.0989100441336632,1.0669482722878456,1.4029862582683563,0.048539333045482635,1.0,0.815,0.427,0.0001442432403564453,1,1,/home/zhangxu/yolov5-7.0/ga_cache/work_9fb5f2e169606851
25,42,1293,run4_p1798000_e1293,0.5871960520744324,0.5958002805709839,0.09963668137788773,0.033474136143922806,0.20149312913417816,0.048539333045482635,0.0,0.5871960520744324,0.5958002805709839,1.0989100441336632,1.0669482722878456,1.4029862582683563,0.048539333045482635,1.0,0.815,0.427,8.96453857421875e-05,1,1,/home/zhangxu/yolov5-7.0/ga_cache/work_9fb5f2e169606851
25,43,1294,run4_p1798000_e1294,0.5871960520744324,0.5958002805709839,0.09963668137788773,0.033474136143922806,0.20149312913417816,0.048539333045482635,0.0,0.5871960520744324,0.5958002805709839,1.0989100441336632,1.0669482722878456,1.4029862582683563,0.048539333045482635,1.0,0.815,0.427,9.107589721679688e-05,1,1,/home/zhangxu/yolov5-7.0/ga_cache/work_9fb5f2e169606851
25,44,1295,run4_p1798000_e1295,0.5871960520744324,0.5958002805709839,0.09963668137788773,0.033474136143922806,0.20149312913417816,0.048539333045482635,0.0,0.5871960520744324,0.5958002805709839,1.0989100441336632,1.0669482722878456,1.4029862582683563,0.048539333045482635,1.0,0.815,0.427,8.702278137207031e-05,1,1,/home/zhangxu/yolov5-7.0/ga_cache/work_9fb5f2e169606851
25,45,1296,run4_p1798000_e1296,0.5871960520744324,0.5958002805709839,0.09963668137788773,0.033474136143922806,0.20149312913417816,0.048539333045482635,0.0,0.5871960520744324,0.5958002805709839,1.0989100441336632,1.0669482722878456,1.4029862582683563,0.048539333045482635,1.0,0.815,0.427,9.012222290039062e-05,1,1,/home/zhangxu/yolov5-7.0/ga_cache/work_9fb5f2e169606851
25,46,1297,run4_p1798000_e1297,0.5871960520744324,0.5958002805709839,0.09963668137788773,0.033474136143922806,0.20149312913417816,0.048539333045482635,0.0,0.5871960520744324,0.5958002805709839,1.0989100441336632,1.0669482722878456,1.4029862582683563,0.048539333045482635,1.0,0.815,0.427,8.916854858398438e-05,1,1,/home/zhangxu/yolov5-7.0/ga_cache/work_9fb5f2e169606851
25,47,1298,run4_p1798000_e1298,0.5871960520744324,0.5958002805709839,0.09963668137788773,0.033474136143922806,0.20149312913417816,0.048539333045482635,0.0,0.5871960520744324,0.5958002805709839,1.0989100441336632,1.0669482722878456,1.4029862582683563,0.048539333045482635,1.0,0.815,0.427,8.273124694824219e-05,1,1,/home/zhangxu/yolov5-7.0/ga_cache/work_9fb5f2e169606851
25,48,1299,run4_p1798000_e1299,0.5871960520744324,0.5958002805709839,0.09963668137788773,0.033474136143922806,0.20149312913417816,0.048539333045482635,0.0,0.5871960520744324,0.5958002805709839,1.0989100441336632,1.0669482722878456,1.4029862582683563,0.048539333045482635,1.0,0.815,0.427,8.630752563476562e-05,1,1,/home/zhangxu/yolov5-7.0/ga_cache/work_9fb5f2e169606851
25,49,1300,run4_p1798000_e1300,0.6044917702674866,0.3553498685359955,0.0,0.23881299793720245,0.5386947393417358,0.2335105836391449,0.08577185869216919,0.6044917702674866,0.3553498685359955,0.8,1.477625995874405,2.0773894786834717,0.2335105836391449,1.1286577880382538,0.761,0.389,640.7398736476898,1,0,/home/zhangxu/yolov5-7.0/ga_cache/work_97bc67b3b65f8a08
26,0,1301,run4_p1798000_e1301,0.5871960520744324,0.5958002805709839,0.09963668137788773,0.033474136143922806,0.20149312913417816,0.048539333045482635,0.0,0.5871960520744324,0.5958002805709839,1.0989100441336632,1.0669482722878456,1.4029862582683563,0.048539333045482635,1.0,0.815,0.427,0.00029468536376953125,1,1,/home/zhangxu/yolov5-7.0/ga_cache/work_9fb5f2e169606851
26,1,1302,run4_p1798000_e1302,0.5871960520744324,0.5958002805709839,0.09963668137788773,0.033474136143922806,0.20149312913417816,0.048539333045482635,0.0,0.5871960520744324,0.5958002805709839,1.0989100441336632,1.0669482722878456,1.4029862582683563,0.048539333045482635,1.0,0.815,0.427,0.0002491474151611328,1,1,/home/zhangxu/yolov5-7.0/ga_cache/work_9fb5f2e169606851
26,2,1303,run4_p1798000_e1303,0.5871960520744324,0.5958002805709839,0.09963668137788773,0.033474136143922806,0.20149312913417816,0.048539333045482635,0.0,0.5871960520744324,0.5958002805709839,1.0989100441336632,1.0669482722878456,1.4029862582683563,0.048539333045482635,1.0,0.815,0.427,0.0002465248107910156,1,1,/home/zhangxu/yolov5-7.0/ga_cache/work_9fb5f2e169606851
26,3,1304,run4_p1798000_e1304,0.5871960520744324,0.5958002805709839,0.09963668137788773,0.033474136143922806,0.20149312913417816,0.048539333045482635,0.0,0.5871960520744324,0.5958002805709839,1.0989100441336632,1.0669482722878456,1.4029862582683563,0.048539333045482635,1.0,0.815,0.427,0.0002570152282714844,1,1,/home/zhangxu/yolov5-7.0/ga_cache/work_9fb5f2e169606851
26,4,1305,run4_p1798000_e1305,0.5871960520744324,0.5958002805709839,0.09963668137788773,0.033474136143922806,0.20149312913417816,0.048539333045482635,0.0,0.5871960520744324,0.5958002805709839,1.0989100441336632,1.0669482722878456,1.4029862582683563,0.048539333045482635,1.0,0.815,0.427,0.0002548694610595703,1,1,/home/zhangxu/yolov5-7.0/ga_cache/work_9fb5f2e169606851
26,5,1306,run4_p1798000_e1306,0.5871960520744324,0.5958002805709839,0.09963668137788773,0.033474136143922806,0.20149312913417816,0.048539333045482635,0.0,0.5871960520744324,0.5958002805709839,1.0989100441336632,1.0669482722878456,1.4029862582683563,0.048539333045482635,1.0,0.815,0.427,0.00023484230041503906,1,1,/home/zhangxu/yolov5-7.0/ga_cache/work_9fb5f2e169606851
26,6,1307,run4_p1798000_e1307,0.5871960520744324,0.5958002805709839,0.09963668137788773,0.033474136143922806,0.20149312913417816,0.048539333045482635,0.0,0.5871960520744324,0.5958002805709839,1.0989100441336632,1.0669482722878456,1.4029862582683563,0.048539333045482635,1.0,0.815,0.427,0.0002288818359375,1,1,/home/zhangxu/yolov5-7.0/ga_cache/work_9fb5f2e169606851
26,7,1308,run4_p1798000_e1308,0.5871960520744324,0.5958002805709839,0.09963668137788773,0.033474136143922806,0.20149312913417816,0.048539333045482635,0.0,0.5871960520744324,0.5958002805709839,1.0989100441336632,1.0669482722878456,1.4029862582683563,0.048539333045482635,1.0,0.815,0.427,0.00024580955505371094,1,1,/home/zhangxu/yolov5-7.0/ga_cache/work_9fb5f2e169606851
26,8,1309,run4_p1798000_e1309,0.5871960520744324,0.5958002805709839,0.09963668137788773,0.033474136143922806,0.20149312913417816,0.048539333045482635,0.0,0.5871960520744324,0.5958002805709839,1.0989100441336632,1.0669482722878456,1.4029862582683563,0.048539333045482635,1.0,0.815,0.427,0.0002765655517578125,1,1,/home/zhangxu/yolov5-7.0/ga_cache/work_9fb5f2e169606851
26,9,1310,run4_p1798000_e1310,0.5871960520744324,0.5958002805709839,0.09963668137788773,0.033474136143922806,0.20149312913417816,0.048539333045482635,0.0,0.5871960520744324,0.5958002805709839,1.0989100441336632,1.0669482722878456,1.4029862582683563,0.048539333045482635,1.0,0.815,0.427,0.00010395050048828125,1,1,/home/zhangxu/yolov5-7.0/ga_cache/work_9fb5f2e169606851
26,10,1311,run4_p1798000_e1311,0.5871960520744324,0.5958002805709839,0.09963668137788773,0.033474136143922806,0.20149312913417816,0.048539333045482635,0.0,0.5871960520744324,0.5958002805709839,1.0989100441336632,1.0669482722878456,1.4029862582683563,0.048539333045482635,1.0,0.815,0.427,0.00024056434631347656,1,1,/home/zhangxu/yolov5-7.0/ga_cache/work_9fb5f2e169606851
26,11,1312,run4_p1798000_e1312,0.5871960520744324,0.5958002805709839,0.09963668137788773,0.033474136143922806,0.20149312913417816,0.048539333045482635,0.0,0.5871960520744324,0.5958002805709839,1.0989100441336632,1.0669482722878456,1.4029862582683563,0.048539333045482635,1.0,0.815,0.427,0.0002541542053222656,1,1,/home/zhangxu/yolov5-7.0/ga_cache/work_9fb5f2e169606851
26,12,1313,run4_p1798000_e1313,0.5871960520744324,0.5958002805709839,0.09963668137788773,0.033474136143922806,0.20149312913417816,0.048539333045482635,0.0,0.5871960520744324,0.5958002805709839,1.0989100441336632,1.0669482722878456,1.4029862582683563,0.048539333045482635,1.0,0.815,0.427,0.00010514259338378906,1,1,/home/zhangxu/yolov5-7.0/ga_cache/work_9fb5f2e169606851
26,13,1314,run4_p1798000_e1314,0.5871960520744324,0.5958002805709839,0.09963668137788773,0.033474136143922806,0.20149312913417816,0.048539333045482635,0.0,0.5871960520744324,0.5958002805709839,1.0989100441336632,1.0669482722878456,1.4029862582683563,0.048539333045482635,1.0,0.815,0.427,0.00010323524475097656,1,1,/home/zhangxu/yolov5-7.0/ga_cache/work_9fb5f2e169606851
26,14,1315,run4_p1798000_e1315,0.5871960520744324,0.5958002805709839,0.09963668137788773,0.033474136143922806,0.20149312913417816,0.048539333045482635,0.0,0.5871960520744324,0.5958002805709839,1.0989100441336632,1.0669482722878456,1.4029862582683563,0.048539333045482635,1.0,0.815,0.427,0.0002551078796386719,1,1,/home/zhangxu/yolov5-7.0/ga_cache/work_9fb5f2e169606851
26,15,1316,run4_p1798000_e1316,0.5871960520744324,0.5958002805709839,0.09963668137788773,0.033474136143922806,0.20149312913417816,0.048539333045482635,0.0,0.5871960520744324,0.5958002805709839,1.0989100441336632,1.0669482722878456,1.4029862582683563,0.048539333045482635,1.0,0.815,0.427,0.00013589859008789062,1,1,/home/zhangxu/yolov5-7.0/ga_cache/work_9fb5f2e169606851
26,16,1317,run4_p1798000_e1317,0.5871960520744324,0.5958002805709839,0.09963668137788773,0.033474136143922806,0.20149312913417816,0.048539333045482635,0.0,0.5871960520744324,0.5958002805709839,1.0989100441336632,1.0669482722878456,1.4029862582683563,0.048539333045482635,1.0,0.815,0.427,0.00012183189392089844,1,1,/home/zhangxu/yolov5-7.0/ga_cache/work_9fb5f2e169606851
26,17,1318,run4_p1798000_e1318,0.5871960520744324,0.5958002805709839,0.09963668137788773,0.033474136143922806,0.20149312913417816,0.048539333045482635,0.0,0.5871960520744324,0.5958002805709839,1.0989100441336632,1.0669482722878456,1.4029862582683563,0.048539333045482635,1.0,0.815,0.427,0.00012445449829101562,1,1,/home/zhangxu/yolov5-7.0/ga_cache/work_9fb5f2e169606851
26,18,1319,run4_p1798000_e1319,0.5871960520744324,0.5958002805709839,0.09963668137788773,0.033474136143922806,0.20149312913417816,0.048539333045482635,0.0,0.5871960520744324,0.5958002805709839,1.0989100441336632,1.0669482722878456,1.4029862582683563,0.048539333045482635,1.0,0.815,0.427,0.00010728836059570312,1,1,/home/zhangxu/yolov5-7.0/ga_cache/work_9fb5f2e169606851
26,19,1320,run4_p1798000_e1320,0.5871960520744324,0.5958002805709839,0.09963668137788773,0.033474136143922806,0.20149312913417816,0.048539333045482635,0.0,0.5871960520744324,0.5958002805709839,1.0989100441336632,1.0669482722878456,1.4029862582683563,0.048539333045482635,1.0,0.815,0.427,0.00012755393981933594,1,1,/home/zhangxu/yolov5-7.0/ga_cache/work_9fb5f2e169606851
26,20,1321,run4_p1798000_e1321,0.5871960520744324,0.5958002805709839,0.09963668137788773,0.033474136143922806,0.20149312913417816,0.048539333045482635,0.0,0.5871960520744324,0.5958002805709839,1.0989100441336632,1.0669482722878456,1.4029862582683563,0.048539333045482635,1.0,0.815,0.427,9.274482727050781e-05,1,1,/home/zhangxu/yolov5-7.0/ga_cache/work_9fb5f2e169606851
26,21,1322,run4_p1798000_e1322,0.5871960520744324,0.5958002805709839,0.09963668137788773,0.033474136143922806,0.20149312913417816,0.048539333045482635,0.0,0.5871960520744324,0.5958002805709839,1.0989100441336632,1.0669482722878456,1.4029862582683563,0.048539333045482635,1.0,0.815,0.427,0.00010180473327636719,1,1,/home/zhangxu/yolov5-7.0/ga_cache/work_9fb5f2e169606851
26,22,1323,run4_p1798000_e1323,0.5871960520744324,0.5958002805709839,0.09963668137788773,0.033474136143922806,0.20149312913417816,0.048539333045482635,0.0,0.5871960520744324,0.5958002805709839,1.0989100441336632,1.0669482722878456,1.4029862582683563,0.048539333045482635,1.0,0.815,0.427,0.00010633468627929688,1,1,/home/zhangxu/yolov5-7.0/ga_cache/work_9fb5f2e169606851
26,23,1324,run4_p1798000_e1324,0.5871960520744324,0.5958002805709839,0.09963668137788773,0.033474136143922806,0.20149312913417816,0.048539333045482635,0.0,0.5871960520744324,0.5958002805709839,1.0989100441336632,1.0669482722878456,1.4029862582683563,0.048539333045482635,1.0,0.815,0.427,8.749961853027344e-05,1,1,/home/zhangxu/yolov5-7.0/ga_cache/work_9fb5f2e169606851
26,24,1325,run4_p1798000_e1325,0.5871960520744324,0.5958002805709839,0.09963668137788773,0.033474136143922806,0.20149312913417816,0.048539333045482635,0.0,0.5871960520744324,0.5958002805709839,1.0989100441336632,1.0669482722878456,1.4029862582683563,0.048539333045482635,1.0,0.815,0.427,9.202957153320312e-05,1,1,/home/zhangxu/yolov5-7.0/ga_cache/work_9fb5f2e169606851
26,25,1326,run4_p1798000_e1326,0.5871960520744324,0.5958002805709839,0.09963668137788773,0.033474136143922806,0.20149312913417816,0.048539333045482635,0.0,0.5871960520744324,0.5958002805709839,1.0989100441336632,1.0669482722878456,1.4029862582683563,0.048539333045482635,1.0,0.815,0.427,9.34600830078125e-05,1,1,/home/zhangxu/yolov5-7.0/ga_cache/work_9fb5f2e169606851
26,26,1327,run4_p1798000_e1327,0.5871960520744324,0.5958002805709839,0.09963668137788773,0.033474136143922806,0.20149312913417816,0.048539333045482635,0.0,0.5871960520744324,0.5958002805709839,1.0989100441336632,1.0669482722878456,1.4029862582683563,0.048539333045482635,1.0,0.815,0.427,9.703636169433594e-05,1,1,/home/zhangxu/yolov5-7.0/ga_cache/work_9fb5f2e169606851
26,27,1328,run4_p1798000_e1328,0.5871960520744324,0.5958002805709839,0.09963668137788773,0.033474136143922806,0.20149312913417816,0.048539333045482635,0.0,0.5871960520744324,0.5958002805709839,1.0989100441336632,1.0669482722878456,1.4029862582683563,0.048539333045482635,1.0,0.815,0.427,0.00010251998901367188,1,1,/home/zhangxu/yolov5-7.0/ga_cache/work_9fb5f2e169606851
26,28,1329,run4_p1798000_e1329,0.5871960520744324,0.5958002805709839,0.09963668137788773,0.033474136143922806,0.20149312913417816,0.048539333045482635,0.0,0.5871960520744324,0.5958002805709839,1.0989100441336632,1.0669482722878456,1.4029862582683563,0.048539333045482635,1.0,0.815,0.427,9.965896606445312e-05,1,1,/home/zhangxu/yolov5-7.0/ga_cache/work_9fb5f2e169606851
26,29,1330,run4_p1798000_e1330,0.5871960520744324,0.5958002805709839,0.09963668137788773,0.033474136143922806,0.20149312913417816,0.048539333045482635,0.0,0.5871960520744324,0.5958002805709839,1.0989100441336632,1.0669482722878456,1.4029862582683563,0.048539333045482635,1.0,0.815,0.427,8.797645568847656e-05,1,1,/home/zhangxu/yolov5-7.0/ga_cache/work_9fb5f2e169606851
26,30,1331,run4_p1798000_e1331,0.5871960520744324,0.5958002805709839,0.09963668137788773,0.033474136143922806,0.20149312913417816,0.048539333045482635,0.0,0.5871960520744324,0.5958002805709839,1.0989100441336632,1.0669482722878456,1.4029862582683563,0.048539333045482635,1.0,0.815,0.427,8.463859558105469e-05,1,1,/home/zhangxu/yolov5-7.0/ga_cache/work_9fb5f2e169606851
26,31,1332,run4_p1798000_e1332,0.5871960520744324,0.5958002805709839,0.09963668137788773,0.033474136143922806,0.20149312913417816,0.048539333045482635,0.0,0.5871960520744324,0.5958002805709839,1.0989100441336632,1.0669482722878456,1.4029862582683563,0.048539333045482635,1.0,0.815,0.427,9.274482727050781e-05,1,1,/home/zhangxu/yolov5-7.0/ga_cache/work_9fb5f2e169606851
26,32,1333,run4_p1798000_e1333,0.5871960520744324,0.5958002805709839,0.09963668137788773,0.033474136143922806,0.20149312913417816,0.048539333045482635,0.0,0.5871960520744324,0.5958002805709839,1.0989100441336632,1.0669482722878456,1.4029862582683563,0.048539333045482635,1.0,0.815,0.427,0.00013446807861328125,1,1,/home/zhangxu/yolov5-7.0/ga_cache/work_9fb5f2e169606851
26,33,1334,run4_p1798000_e1334,0.5871960520744324,0.5958002805709839,0.09963668137788773,0.033474136143922806,0.20149312913417816,0.048539333045482635,0.0,0.5871960520744324,0.5958002805709839,1.0989100441336632,1.0669482722878456,1.4029862582683563,0.048539333045482635,1.0,0.815,0.427,9.226799011230469e-05,1,1,/home/zhangxu/yolov5-7.0/ga_cache/work_9fb5f2e169606851
26,34,1335,run4_p1798000_e1335,0.5871960520744324,0.5958002805709839,0.09963668137788773,0.033474136143922806,0.20149312913417816,0.048539333045482635,0.0,0.5871960520744324,0.5958002805709839,1.0989100441336632,1.0669482722878456,1.4029862582683563,0.048539333045482635,1.0,0.815,0.427,8.535385131835938e-05,1,1,/home/zhangxu/yolov5-7.0/ga_cache/work_9fb5f2e169606851
26,35,1336,run4_p1798000_e1336,0.5871960520744324,0.5958002805709839,0.09963668137788773,0.033474136143922806,0.20149312913417816,0.048539333045482635,0.0,0.5871960520744324,0.5958002805709839,1.0989100441336632,1.0669482722878456,1.4029862582683563,0.048539333045482635,1.0,0.815,0.427,8.940696716308594e-05,1,1,/home/zhangxu/yolov5-7.0/ga_cache/work_9fb5f2e169606851
26,36,1337,run4_p1798000_e1337,0.5871960520744324,0.5958002805709839,0.09963668137788773,0.033474136143922806,0.20149312913417816,0.048539333045482635,0.0,0.5871960520744324,0.5958002805709839,1.0989100441336632,1.0669482722878456,1.4029862582683563,0.048539333045482635,1.0,0.815,0.427,8.273124694824219e-05,1,1,/home/zhangxu/yolov5-7.0/ga_cache/work_9fb5f2e169606851
26,37,1338,run4_p1798000_e1338,0.5871960520744324,0.5958002805709839,0.09963668137788773,0.033474136143922806,0.20149312913417816,0.048539333045482635,0.0,0.5871960520744324,0.5958002805709839,1.0989100441336632,1.0669482722878456,1.4029862582683563,0.048539333045482635,1.0,0.815,0.427,0.00010466575622558594,1,1,/home/zhangxu/yolov5-7.0/ga_cache/work_9fb5f2e169606851
26,38,1339,run4_p1798000_e1339,0.5871960520744324,0.5958002805709839,0.09963668137788773,0.033474136143922806,0.20149312913417816,0.048539333045482635,0.0,0.5871960520744324,0.5958002805709839,1.0989100441336632,1.0669482722878456,1.4029862582683563,0.048539333045482635,1.0,0.815,0.427,8.821487426757812e-05,1,1,/home/zhangxu/yolov5-7.0/ga_cache/work_9fb5f2e169606851
26,39,1340,run4_p1798000_e1340,0.5871960520744324,0.5958002805709839,0.09963668137788773,0.033474136143922806,0.20149312913417816,0.048539333045482635,0.0,0.5871960520744324,0.5958002805709839,1.0989100441336632,1.0669482722878456,1.4029862582683563,0.048539333045482635,1.0,0.815,0.427,9.131431579589844e-05,1,1,/home/zhangxu/yolov5-7.0/ga_cache/work_9fb5f2e169606851
26,40,1341,run4_p1798000_e1341,0.5871960520744324,0.5958002805709839,0.09963668137788773,0.033474136143922806,0.20149312913417816,0.048539333045482635,0.0,0.5871960520744324,0.5958002805709839,1.0989100441336632,1.0669482722878456,1.4029862582683563,0.048539333045482635,1.0,0.815,0.427,8.344650268554688e-05,1,1,/home/zhangxu/yolov5-7.0/ga_cache/work_9fb5f2e169606851
26,41,1342,run4_p1798000_e1342,0.5871960520744324,0.5958002805709839,0.09963668137788773,0.033474136143922806,0.20149312913417816,0.048539333045482635,0.0,0.5871960520744324,0.5958002805709839,1.0989100441336632,1.0669482722878456,1.4029862582683563,0.048539333045482635,1.0,0.815,0.427,9.369850158691406e-05,1,1,/home/zhangxu/yolov5-7.0/ga_cache/work_9fb5f2e169606851
26,42,1343,run4_p1798000_e1343,0.5871960520744324,0.5958002805709839,0.09963668137788773,0.033474136143922806,0.20149312913417816,0.048539333045482635,0.0,0.5871960520744324,0.5958002805709839,1.0989100441336632,1.0669482722878456,1.4029862582683563,0.048539333045482635,1.0,0.815,0.427,9.059906005859375e-05,1,1,/home/zhangxu/yolov5-7.0/ga_cache/work_9fb5f2e169606851
26,43,1344,run4_p1798000_e1344,0.5871960520744324,0.5958002805709839,0.09963668137788773,0.033474136143922806,0.20149312913417816,0.048539333045482635,0.0,0.5871960520744324,0.5958002805709839,1.0989100441336632,1.0669482722878456,1.4029862582683563,0.048539333045482635,1.0,0.815,0.427,8.559226989746094e-05,1,1,/home/zhangxu/yolov5-7.0/ga_cache/work_9fb5f2e169606851
26,44,1345,run4_p1798000_e1345,0.5871960520744324,0.5958002805709839,0.09963668137788773,0.033474136143922806,0.20149312913417816,0.048539333045482635,0.0,0.5871960520744324,0.5958002805709839,1.0989100441336632,1.0669482722878456,1.4029862582683563,0.048539333045482635,1.0,0.815,0.427,8.20159912109375e-05,1,1,/home/zhangxu/yolov5-7.0/ga_cache/work_9fb5f2e169606851
26,45,1346,run4_p1798000_e1346,0.5871960520744324,0.5958002805709839,0.09963668137788773,0.033474136143922806,0.20149312913417816,0.048539333045482635,0.0,0.5871960520744324,0.5958002805709839,1.0989100441336632,1.0669482722878456,1.4029862582683563,0.048539333045482635,1.0,0.815,0.427,8.0108642578125e-05,1,1,/home/zhangxu/yolov5-7.0/ga_cache/work_9fb5f2e169606851
26,46,1347,run4_p1798000_e1347,0.5871960520744324,0.5958002805709839,0.09963668137788773,0.033474136143922806,0.20149312913417816,0.048539333045482635,0.0,0.5871960520744324,0.5958002805709839,1.0989100441336632,1.0669482722878456,1.4029862582683563,0.048539333045482635,1.0,0.815,0.427,8.106231689453125e-05,1,1,/home/zhangxu/yolov5-7.0/ga_cache/work_9fb5f2e169606851
26,47,1348,run4_p1798000_e1348,0.46231913566589355,0.7670372128486633,0.21276473999023438,0.06364196538925171,0.16950412094593048,0.24604389071464539,0.21977350115776062,0.46231913566589355,0.7670372128486633,1.4382942199707032,1.1272839307785034,1.339008241891861,0.24604389071464539,1.329660251736641,0.724,0.364,575.0885362625122,1,0,/home/zhangxu/yolov5-7.0/ga_cache/work_8f0ef016b43d255f
26,48,1349,run4_p1798000_e1349,0.5871960520744324,0.5958002805709839,0.09963668137788773,0.033474136143922806,0.20149312913417816,0.048539333045482635,0.0,0.5871960520744324,0.5958002805709839,1.0989100441336632,1.0669482722878456,1.4029862582683563,0.048539333045482635,1.0,0.815,0.427,7.963180541992188e-05,1,1,/home/zhangxu/yolov5-7.0/ga_cache/work_9fb5f2e169606851
26,49,1350,run4_p1798000_e1350,0.5871960520744324,0.5958002805709839,0.09963668137788773,0.033474136143922806,0.20149312913417816,0.048539333045482635,0.0,0.5871960520744324,0.5958002805709839,1.0989100441336632,1.0669482722878456,1.4029862582683563,0.048539333045482635,1.0,0.815,0.427,8.749961853027344e-05,1,1,/home/zhangxu/yolov5-7.0/ga_cache/work_9fb5f2e169606851
27,0,1351,run4_p1798000_e1351,0.5871960520744324,0.5958002805709839,0.09963668137788773,0.033474136143922806,0.20149312913417816,0.048539333045482635,0.0,0.5871960520744324,0.5958002805709839,1.0989100441336632,1.0669482722878456,1.4029862582683563,0.048539333045482635,1.0,0.815,0.427,0.0003056526184082031,1,1,/home/zhangxu/yolov5-7.0/ga_cache/work_9fb5f2e169606851
27,1,1352,run4_p1798000_e1352,0.5871960520744324,0.5958002805709839,0.09963668137788773,0.033474136143922806,0.20149312913417816,0.048539333045482635,0.0,0.5871960520744324,0.5958002805709839,1.0989100441336632,1.0669482722878456,1.4029862582683563,0.048539333045482635,1.0,0.815,0.427,0.000263214111328125,1,1,/home/zhangxu/yolov5-7.0/ga_cache/work_9fb5f2e169606851
27,2,1353,run4_p1798000_e1353,0.5871960520744324,0.5958002805709839,0.09963668137788773,0.033474136143922806,0.20149312913417816,0.048539333045482635,0.0,0.5871960520744324,0.5958002805709839,1.0989100441336632,1.0669482722878456,1.4029862582683563,0.048539333045482635,1.0,0.815,0.427,0.00024437904357910156,1,1,/home/zhangxu/yolov5-7.0/ga_cache/work_9fb5f2e169606851
27,3,1354,run4_p1798000_e1354,0.5871960520744324,0.5958002805709839,0.09963668137788773,0.033474136143922806,0.20149312913417816,0.048539333045482635,0.0,0.5871960520744324,0.5958002805709839,1.0989100441336632,1.0669482722878456,1.4029862582683563,0.048539333045482635,1.0,0.815,0.427,0.00023317337036132812,1,1,/home/zhangxu/yolov5-7.0/ga_cache/work_9fb5f2e169606851
27,4,1355,run4_p1798000_e1355,0.5871960520744324,0.5958002805709839,0.09963668137788773,0.033474136143922806,0.20149312913417816,0.048539333045482635,0.0,0.5871960520744324,0.5958002805709839,1.0989100441336632,1.0669482722878456,1.4029862582683563,0.048539333045482635,1.0,0.815,0.427,0.0002307891845703125,1,1,/home/zhangxu/yolov5-7.0/ga_cache/work_9fb5f2e169606851
27,5,1356,run4_p1798000_e1356,0.5871960520744324,0.5958002805709839,0.09963668137788773,0.033474136143922806,0.20149312913417816,0.048539333045482635,0.0,0.5871960520744324,0.5958002805709839,1.0989100441336632,1.0669482722878456,1.4029862582683563,0.048539333045482635,1.0,0.815,0.427,0.00026702880859375,1,1,/home/zhangxu/yolov5-7.0/ga_cache/work_9fb5f2e169606851
27,6,1357,run4_p1798000_e1357,0.5871960520744324,0.5958002805709839,0.09963668137788773,0.033474136143922806,0.20149312913417816,0.048539333045482635,0.0,0.5871960520744324,0.5958002805709839,1.0989100441336632,1.0669482722878456,1.4029862582683563,0.048539333045482635,1.0,0.815,0.427,0.000278472900390625,1,1,/home/zhangxu/yolov5-7.0/ga_cache/work_9fb5f2e169606851
27,7,1358,run4_p1798000_e1358,0.5871960520744324,0.5958002805709839,0.09963668137788773,0.033474136143922806,0.20149312913417816,0.048539333045482635,0.0,0.5871960520744324,0.5958002805709839,1.0989100441336632,1.0669482722878456,1.4029862582683563,0.048539333045482635,1.0,0.815,0.427,0.0002605915069580078,1,1,/home/zhangxu/yolov5-7.0/ga_cache/work_9fb5f2e169606851
27,8,1359,run4_p1798000_e1359,0.44307878613471985,0.5836275219917297,0.0,0.005722101777791977,0.20460174977779388,0.3025267720222473,0.1695074737071991,0.44307878613471985,0.5836275219917297,0.8,1.011444203555584,1.4092034995555878,0.3025267720222473,1.2542612105607986,0.727,0.365,614.8020920753479,1,0,/home/zhangxu/yolov5-7.0/ga_cache/work_7fcfe0116475da62
27,9,1360,run4_p1798000_e1360,0.5871960520744324,0.5958002805709839,0.09963668137788773,0.033474136143922806,0.20149312913417816,0.048539333045482635,0.0,0.5871960520744324,0.5958002805709839,1.0989100441336632,1.0669482722878456,1.4029862582683563,0.048539333045482635,1.0,0.815,0.427,0.0002777576446533203,1,1,/home/zhangxu/yolov5-7.0/ga_cache/work_9fb5f2e169606851
27,10,1361,run4_p1798000_e1361,0.5871960520744324,0.5958002805709839,0.09963668137788773,0.033474136143922806,0.20149312913417816,0.048539333045482635,0.0,0.5871960520744324,0.5958002805709839,1.0989100441336632,1.0669482722878456,1.4029862582683563,0.048539333045482635,1.0,0.815,0.427,0.00011324882507324219,1,1,/home/zhangxu/yolov5-7.0/ga_cache/work_9fb5f2e169606851
27,11,1362,run4_p1798000_e1362,0.5871960520744324,0.5958002805709839,0.09963668137788773,0.033474136143922806,0.20149312913417816,0.048539333045482635,0.0,0.5871960520744324,0.5958002805709839,1.0989100441336632,1.0669482722878456,1.4029862582683563,0.048539333045482635,1.0,0.815,0.427,0.00023698806762695312,1,1,/home/zhangxu/yolov5-7.0/ga_cache/work_9fb5f2e169606851
27,12,1363,run4_p1798000_e1363,0.5871960520744324,0.5958002805709839,0.09963668137788773,0.033474136143922806,0.20149312913417816,0.048539333045482635,0.0,0.5871960520744324,0.5958002805709839,1.0989100441336632,1.0669482722878456,1.4029862582683563,0.048539333045482635,1.0,0.815,0.427,0.00012254714965820312,1,1,/home/zhangxu/yolov5-7.0/ga_cache/work_9fb5f2e169606851
27,13,1364,run4_p1798000_e1364,0.5871960520744324,0.5958002805709839,0.09963668137788773,0.033474136143922806,0.20149312913417816,0.048539333045482635,0.0,0.5871960520744324,0.5958002805709839,1.0989100441336632,1.0669482722878456,1.4029862582683563,0.048539333045482635,1.0,0.815,0.427,0.0003719329833984375,1,1,/home/zhangxu/yolov5-7.0/ga_cache/work_9fb5f2e169606851
27,14,1365,run4_p1798000_e1365,0.48358389735221863,0.4960530400276184,0.2003471553325653,0.0,0.263879656791687,0.0,0.11133088171482086,0.48358389735221863,0.4960530400276184,1.401041465997696,1.0,1.527759313583374,0.0,1.1669963225722313,0.799,0.409,644.3102247714996,1,0,/home/zhangxu/yolov5-7.0/ga_cache/work_122101eb72666bb7
27,15,1366,run4_p1798000_e1366,0.5871960520744324,0.5958002805709839,0.09963668137788773,0.033474136143922806,0.20149312913417816,0.048539333045482635,0.0,0.5871960520744324,0.5958002805709839,1.0989100441336632,1.0669482722878456,1.4029862582683563,0.048539333045482635,1.0,0.815,0.427,0.0002193450927734375,1,1,/home/zhangxu/yolov5-7.0/ga_cache/work_9fb5f2e169606851
27,16,1367,run4_p1798000_e1367,0.5871960520744324,0.5958002805709839,0.09963668137788773,0.033474136143922806,0.20149312913417816,0.048539333045482635,0.0,0.5871960520744324,0.5958002805709839,1.0989100441336632,1.0669482722878456,1.4029862582683563,0.048539333045482635,1.0,0.815,0.427,0.00012230873107910156,1,1,/home/zhangxu/yolov5-7.0/ga_cache/work_9fb5f2e169606851
27,17,1368,run4_p1798000_e1368,0.5871960520744324,0.5958002805709839,0.09963668137788773,0.033474136143922806,0.20149312913417816,0.048539333045482635,0.0,0.5871960520744324,0.5958002805709839,1.0989100441336632,1.0669482722878456,1.4029862582683563,0.048539333045482635,1.0,0.815,0.427,9.608268737792969e-05,1,1,/home/zhangxu/yolov5-7.0/ga_cache/work_9fb5f2e169606851
27,18,1369,run4_p1798000_e1369,0.5871960520744324,0.5958002805709839,0.09963668137788773,0.033474136143922806,0.20149312913417816,0.048539333045482635,0.0,0.5871960520744324,0.5958002805709839,1.0989100441336632,1.0669482722878456,1.4029862582683563,0.048539333045482635,1.0,0.815,0.427,0.00010967254638671875,1,1,/home/zhangxu/yolov5-7.0/ga_cache/work_9fb5f2e169606851
27,19,1370,run4_p1798000_e1370,0.5871960520744324,0.5958002805709839,0.09963668137788773,0.033474136143922806,0.20149312913417816,0.048539333045482635,0.0,0.5871960520744324,0.5958002805709839,1.0989100441336632,1.0669482722878456,1.4029862582683563,0.048539333045482635,1.0,0.815,0.427,9.179115295410156e-05,1,1,/home/zhangxu/yolov5-7.0/ga_cache/work_9fb5f2e169606851
27,20,1371,run4_p1798000_e1371,0.5871960520744324,0.5958002805709839,0.09963668137788773,0.033474136143922806,0.20149312913417816,0.048539333045482635,0.0,0.5871960520744324,0.5958002805709839,1.0989100441336632,1.0669482722878456,1.4029862582683563,0.048539333045482635,1.0,0.815,0.427,0.0001049041748046875,1,1,/home/zhangxu/yolov5-7.0/ga_cache/work_9fb5f2e169606851
27,21,1372,run4_p1798000_e1372,0.5871960520744324,0.5958002805709839,0.09963668137788773,0.033474136143922806,0.20149312913417816,0.048539333045482635,0.0,0.5871960520744324,0.5958002805709839,1.0989100441336632,1.0669482722878456,1.4029862582683563,0.048539333045482635,1.0,0.815,0.427,0.00010824203491210938,1,1,/home/zhangxu/yolov5-7.0/ga_cache/work_9fb5f2e169606851
27,22,1373,run4_p1798000_e1373,0.5871960520744324,0.5958002805709839,0.09963668137788773,0.033474136143922806,0.20149312913417816,0.048539333045482635,0.0,0.5871960520744324,0.5958002805709839,1.0989100441336632,1.0669482722878456,1.4029862582683563,0.048539333045482635,1.0,0.815,0.427,9.250640869140625e-05,1,1,/home/zhangxu/yolov5-7.0/ga_cache/work_9fb5f2e169606851
27,23,1374,run4_p1798000_e1374,0.5871960520744324,0.5958002805709839,0.09963668137788773,0.033474136143922806,0.20149312913417816,0.048539333045482635,0.0,0.5871960520744324,0.5958002805709839,1.0989100441336632,1.0669482722878456,1.4029862582683563,0.048539333045482635,1.0,0.815,0.427,8.606910705566406e-05,1,1,/home/zhangxu/yolov5-7.0/ga_cache/work_9fb5f2e169606851
27,24,1375,run4_p1798000_e1375,0.5871960520744324,0.5958002805709839,0.09963668137788773,0.033474136143922806,0.20149312913417816,0.048539333045482635,0.0,0.5871960520744324,0.5958002805709839,1.0989100441336632,1.0669482722878456,1.4029862582683563,0.048539333045482635,1.0,0.815,0.427,8.487701416015625e-05,1,1,/home/zhangxu/yolov5-7.0/ga_cache/work_9fb5f2e169606851
27,25,1376,run4_p1798000_e1376,0.5871960520744324,0.5958002805709839,0.09963668137788773,0.033474136143922806,0.20149312913417816,0.048539333045482635,0.0,0.5871960520744324,0.5958002805709839,1.0989100441336632,1.0669482722878456,1.4029862582683563,0.048539333045482635,1.0,0.815,0.427,9.226799011230469e-05,1,1,/home/zhangxu/yolov5-7.0/ga_cache/work_9fb5f2e169606851
27,26,1377,run4_p1798000_e1377,0.5871960520744324,0.5958002805709839,0.09963668137788773,0.033474136143922806,0.20149312913417816,0.048539333045482635,0.0,0.5871960520744324,0.5958002805709839,1.0989100441336632,1.0669482722878456,1.4029862582683563,0.048539333045482635,1.0,0.815,0.427,0.00011157989501953125,1,1,/home/zhangxu/yolov5-7.0/ga_cache/work_9fb5f2e169606851
27,27,1378,run4_p1798000_e1378,0.5871960520744324,0.5958002805709839,0.09963668137788773,0.033474136143922806,0.20149312913417816,0.048539333045482635,0.0,0.5871960520744324,0.5958002805709839,1.0989100441336632,1.0669482722878456,1.4029862582683563,0.048539333045482635,1.0,0.815,0.427,0.00011754035949707031,1,1,/home/zhangxu/yolov5-7.0/ga_cache/work_9fb5f2e169606851
27,28,1379,run4_p1798000_e1379,0.5871960520744324,0.5958002805709839,0.09963668137788773,0.033474136143922806,0.20149312913417816,0.048539333045482635,0.0,0.5871960520744324,0.5958002805709839,1.0989100441336632,1.0669482722878456,1.4029862582683563,0.048539333045482635,1.0,0.815,0.427,0.0002562999725341797,1,1,/home/zhangxu/yolov5-7.0/ga_cache/work_9fb5f2e169606851
27,29,1380,run4_p1798000_e1380,0.5871960520744324,0.5958002805709839,0.09963668137788773,0.033474136143922806,0.20149312913417816,0.048539333045482635,0.0,0.5871960520744324,0.5958002805709839,1.0989100441336632,1.0669482722878456,1.4029862582683563,0.048539333045482635,1.0,0.815,0.427,0.0001049041748046875,1,1,/home/zhangxu/yolov5-7.0/ga_cache/work_9fb5f2e169606851
27,30,1381,run4_p1798000_e1381,0.5871960520744324,0.5958002805709839,0.09963668137788773,0.033474136143922806,0.20149312913417816,0.048539333045482635,0.0,0.5871960520744324,0.5958002805709839,1.0989100441336632,1.0669482722878456,1.4029862582683563,0.048539333045482635,1.0,0.815,0.427,9.036064147949219e-05,1,1,/home/zhangxu/yolov5-7.0/ga_cache/work_9fb5f2e169606851
27,31,1382,run4_p1798000_e1382,0.5871960520744324,0.5958002805709839,0.09963668137788773,0.033474136143922806,0.20149312913417816,0.048539333045482635,0.0,0.5871960520744324,0.5958002805709839,1.0989100441336632,1.0669482722878456,1.4029862582683563,0.048539333045482635,1.0,0.815,0.427,8.702278137207031e-05,1,1,/home/zhangxu/yolov5-7.0/ga_cache/work_9fb5f2e169606851
27,32,1383,run4_p1798000_e1383,0.5871960520744324,0.5958002805709839,0.09963668137788773,0.033474136143922806,0.20149312913417816,0.048539333045482635,0.0,0.5871960520744324,0.5958002805709839,1.0989100441336632,1.0669482722878456,1.4029862582683563,0.048539333045482635,1.0,0.815,0.427,7.987022399902344e-05,1,1,/home/zhangxu/yolov5-7.0/ga_cache/work_9fb5f2e169606851
27,33,1384,run4_p1798000_e1384,0.5871960520744324,0.5958002805709839,0.09963668137788773,0.033474136143922806,0.20149312913417816,0.048539333045482635,0.0,0.5871960520744324,0.5958002805709839,1.0989100441336632,1.0669482722878456,1.4029862582683563,0.048539333045482635,1.0,0.815,0.427,8.153915405273438e-05,1,1,/home/zhangxu/yolov5-7.0/ga_cache/work_9fb5f2e169606851
27,34,1385,run4_p1798000_e1385,0.5871960520744324,0.5958002805709839,0.09963668137788773,0.033474136143922806,0.20149312913417816,0.048539333045482635,0.0,0.5871960520744324,0.5958002805709839,1.0989100441336632,1.0669482722878456,1.4029862582683563,0.048539333045482635,1.0,0.815,0.427,8.153915405273438e-05,1,1,/home/zhangxu/yolov5-7.0/ga_cache/work_9fb5f2e169606851
27,35,1386,run4_p1798000_e1386,0.5871960520744324,0.5958002805709839,0.09963668137788773,0.033474136143922806,0.20149312913417816,0.048539333045482635,0.0,0.5871960520744324,0.5958002805709839,1.0989100441336632,1.0669482722878456,1.4029862582683563,0.048539333045482635,1.0,0.815,0.427,0.0001461505889892578,1,1,/home/zhangxu/yolov5-7.0/ga_cache/work_9fb5f2e169606851
27,36,1387,run4_p1798000_e1387,0.5871960520744324,0.5958002805709839,0.09963668137788773,0.033474136143922806,0.20149312913417816,0.048539333045482635,0.0,0.5871960520744324,0.5958002805709839,1.0989100441336632,1.0669482722878456,1.4029862582683563,0.048539333045482635,1.0,0.815,0.427,0.000102996826171875,1,1,/home/zhangxu/yolov5-7.0/ga_cache/work_9fb5f2e169606851
27,37,1388,run4_p1798000_e1388,0.5871960520744324,0.5958002805709839,0.09963668137788773,0.033474136143922806,0.20149312913417816,0.048539333045482635,0.0,0.5871960520744324,0.5958002805709839,1.0989100441336632,1.0669482722878456,1.4029862582683563,0.048539333045482635,1.0,0.815,0.427,8.153915405273438e-05,1,1,/home/zhangxu/yolov5-7.0/ga_cache/work_9fb5f2e169606851
27,38,1389,run4_p1798000_e1389,0.5871960520744324,0.5958002805709839,0.09963668137788773,0.033474136143922806,0.20149312913417816,0.048539333045482635,0.0,0.5871960520744324,0.5958002805709839,1.0989100441336632,1.0669482722878456,1.4029862582683563,0.048539333045482635,1.0,0.815,0.427,8.225440979003906e-05,1,1,/home/zhangxu/yolov5-7.0/ga_cache/work_9fb5f2e169606851
27,39,1390,run4_p1798000_e1390,0.5871960520744324,0.5958002805709839,0.09963668137788773,0.033474136143922806,0.20149312913417816,0.048539333045482635,0.0,0.5871960520744324,0.5958002805709839,1.0989100441336632,1.0669482722878456,1.4029862582683563,0.048539333045482635,1.0,0.815,0.427,9.72747802734375e-05,1,1,/home/zhangxu/yolov5-7.0/ga_cache/work_9fb5f2e169606851
27,40,1391,run4_p1798000_e1391,0.5871960520744324,0.5958002805709839,0.09963668137788773,0.033474136143922806,0.20149312913417816,0.048539333045482635,0.0,0.5871960520744324,0.5958002805709839,1.0989100441336632,1.0669482722878456,1.4029862582683563,0.048539333045482635,1.0,0.815,0.427,8.153915405273438e-05,1,1,/home/zhangxu/yolov5-7.0/ga_cache/work_9fb5f2e169606851
27,41,1392,run4_p1798000_e1392,0.5871960520744324,0.5958002805709839,0.09963668137788773,0.033474136143922806,0.20149312913417816,0.048539333045482635,0.0,0.5871960520744324,0.5958002805709839,1.0989100441336632,1.0669482722878456,1.4029862582683563,0.048539333045482635,1.0,0.815,0.427,8.082389831542969e-05,1,1,/home/zhangxu/yolov5-7.0/ga_cache/work_9fb5f2e169606851
27,42,1393,run4_p1798000_e1393,0.5871960520744324,0.5958002805709839,0.09963668137788773,0.033474136143922806,0.20149312913417816,0.048539333045482635,0.0,0.5871960520744324,0.5958002805709839,1.0989100441336632,1.0669482722878456,1.4029862582683563,0.048539333045482635,1.0,0.815,0.427,0.00010156631469726562,1,1,/home/zhangxu/yolov5-7.0/ga_cache/work_9fb5f2e169606851
27,43,1394,run4_p1798000_e1394,0.5871960520744324,0.5958002805709839,0.09963668137788773,0.033474136143922806,0.20149312913417816,0.048539333045482635,0.0,0.5871960520744324,0.5958002805709839,1.0989100441336632,1.0669482722878456,1.4029862582683563,0.048539333045482635,1.0,0.815,0.427,0.00010228157043457031,1,1,/home/zhangxu/yolov5-7.0/ga_cache/work_9fb5f2e169606851
27,44,1395,run4_p1798000_e1395,0.5871960520744324,0.5958002805709839,0.09963668137788773,0.033474136143922806,0.20149312913417816,0.048539333045482635,0.0,0.5871960520744324,0.5958002805709839,1.0989100441336632,1.0669482722878456,1.4029862582683563,0.048539333045482635,1.0,0.815,0.427,7.724761962890625e-05,1,1,/home/zhangxu/yolov5-7.0/ga_cache/work_9fb5f2e169606851
27,45,1396,run4_p1798000_e1396,0.5871960520744324,0.5958002805709839,0.09963668137788773,0.033474136143922806,0.20149312913417816,0.048539333045482635,0.0,0.5871960520744324,0.5958002805709839,1.0989100441336632,1.0669482722878456,1.4029862582683563,0.048539333045482635,1.0,0.815,0.427,8.177757263183594e-05,1,1,/home/zhangxu/yolov5-7.0/ga_cache/work_9fb5f2e169606851
27,46,1397,run4_p1798000_e1397,0.5871960520744324,0.5958002805709839,0.09963668137788773,0.033474136143922806,0.20149312913417816,0.048539333045482635,0.0,0.5871960520744324,0.5958002805709839,1.0989100441336632,1.0669482722878456,1.4029862582683563,0.048539333045482635,1.0,0.815,0.427,0.00010848045349121094,1,1,/home/zhangxu/yolov5-7.0/ga_cache/work_9fb5f2e169606851
27,47,1398,run4_p1798000_e1398,0.5871960520744324,0.5958002805709839,0.09963668137788773,0.033474136143922806,0.20149312913417816,0.048539333045482635,0.0,0.5871960520744324,0.5958002805709839,1.0989100441336632,1.0669482722878456,1.4029862582683563,0.048539333045482635,1.0,0.815,0.427,9.775161743164062e-05,1,1,/home/zhangxu/yolov5-7.0/ga_cache/work_9fb5f2e169606851
27,48,1399,run4_p1798000_e1399,0.6056153774261475,0.4898025393486023,0.0795193761587143,0.0,0.5090385675430298,0.004321817308664322,0.07905253022909164,0.6056153774261475,0.4898025393486023,1.038558128476143,1.0,2.0180771350860596,0.004321817308664322,1.1185787953436375,0.801,0.413,629.7115094661713,1,0,/home/zhangxu/yolov5-7.0/ga_cache/work_54bed55f26c26be9
27,49,1400,run4_p1798000_e1400,0.5871960520744324,0.5958002805709839,0.09963668137788773,0.033474136143922806,0.20149312913417816,0.048539333045482635,0.0,0.5871960520744324,0.5958002805709839,1.0989100441336632,1.0669482722878456,1.4029862582683563,0.048539333045482635,1.0,0.815,0.427,0.00010275840759277344,1,1,/home/zhangxu/yolov5-7.0/ga_cache/work_9fb5f2e169606851
28,0,1401,run4_p1798000_e1401,0.5871960520744324,0.5958002805709839,0.09963668137788773,0.033474136143922806,0.20149312913417816,0.048539333045482635,0.0,0.5871960520744324,0.5958002805709839,1.0989100441336632,1.0669482722878456,1.4029862582683563,0.048539333045482635,1.0,0.815,0.427,0.00034880638122558594,1,1,/home/zhangxu/yolov5-7.0/ga_cache/work_9fb5f2e169606851
28,1,1402,run4_p1798000_e1402,0.5871960520744324,0.5958002805709839,0.09963668137788773,0.033474136143922806,0.20149312913417816,0.048539333045482635,0.0,0.5871960520744324,0.5958002805709839,1.0989100441336632,1.0669482722878456,1.4029862582683563,0.048539333045482635,1.0,0.815,0.427,0.0002951622009277344,1,1,/home/zhangxu/yolov5-7.0/ga_cache/work_9fb5f2e169606851
28,2,1403,run4_p1798000_e1403,0.5871960520744324,0.5958002805709839,0.09963668137788773,0.033474136143922806,0.20149312913417816,0.048539333045482635,0.0,0.5871960520744324,0.5958002805709839,1.0989100441336632,1.0669482722878456,1.4029862582683563,0.048539333045482635,1.0,0.815,0.427,0.00022912025451660156,1,1,/home/zhangxu/yolov5-7.0/ga_cache/work_9fb5f2e169606851
28,3,1404,run4_p1798000_e1404,0.5871960520744324,0.5958002805709839,0.09963668137788773,0.033474136143922806,0.20149312913417816,0.048539333045482635,0.0,0.5871960520744324,0.5958002805709839,1.0989100441336632,1.0669482722878456,1.4029862582683563,0.048539333045482635,1.0,0.815,0.427,0.0002727508544921875,1,1,/home/zhangxu/yolov5-7.0/ga_cache/work_9fb5f2e169606851
28,4,1405,run4_p1798000_e1405,0.5871960520744324,0.5958002805709839,0.09963668137788773,0.033474136143922806,0.20149312913417816,0.048539333045482635,0.0,0.5871960520744324,0.5958002805709839,1.0989100441336632,1.0669482722878456,1.4029862582683563,0.048539333045482635,1.0,0.815,0.427,0.0003075599670410156,1,1,/home/zhangxu/yolov5-7.0/ga_cache/work_9fb5f2e169606851
28,5,1406,run4_p1798000_e1406,0.5871960520744324,0.5958002805709839,0.09963668137788773,0.033474136143922806,0.20149312913417816,0.048539333045482635,0.0,0.5871960520744324,0.5958002805709839,1.0989100441336632,1.0669482722878456,1.4029862582683563,0.048539333045482635,1.0,0.815,0.427,0.0002663135528564453,1,1,/home/zhangxu/yolov5-7.0/ga_cache/work_9fb5f2e169606851
28,6,1407,run4_p1798000_e1407,0.5871960520744324,0.5958002805709839,0.09963668137788773,0.033474136143922806,0.20149312913417816,0.048539333045482635,0.0,0.5871960520744324,0.5958002805709839,1.0989100441336632,1.0669482722878456,1.4029862582683563,0.048539333045482635,1.0,0.815,0.427,0.000278472900390625,1,1,/home/zhangxu/yolov5-7.0/ga_cache/work_9fb5f2e169606851
28,7,1408,run4_p1798000_e1408,0.5871960520744324,0.5958002805709839,0.09963668137788773,0.033474136143922806,0.20149312913417816,0.048539333045482635,0.0,0.5871960520744324,0.5958002805709839,1.0989100441336632,1.0669482722878456,1.4029862582683563,0.048539333045482635,1.0,0.815,0.427,0.0002734661102294922,1,1,/home/zhangxu/yolov5-7.0/ga_cache/work_9fb5f2e169606851
28,8,1409,run4_p1798000_e1409,0.5871960520744324,0.5958002805709839,0.09963668137788773,0.033474136143922806,0.20149312913417816,0.048539333045482635,0.0,0.5871960520744324,0.5958002805709839,1.0989100441336632,1.0669482722878456,1.4029862582683563,0.048539333045482635,1.0,0.815,0.427,0.0003566741943359375,1,1,/home/zhangxu/yolov5-7.0/ga_cache/work_9fb5f2e169606851
28,9,1410,run4_p1798000_e1410,0.5871960520744324,0.5958002805709839,0.09963668137788773,0.033474136143922806,0.20149312913417816,0.048539333045482635,0.0,0.5871960520744324,0.5958002805709839,1.0989100441336632,1.0669482722878456,1.4029862582683563,0.048539333045482635,1.0,0.815,0.427,0.0002732276916503906,1,1,/home/zhangxu/yolov5-7.0/ga_cache/work_9fb5f2e169606851
28,10,1411,run4_p1798000_e1411,0.5871960520744324,0.5958002805709839,0.09963668137788773,0.033474136143922806,0.20149312913417816,0.048539333045482635,0.0,0.5871960520744324,0.5958002805709839,1.0989100441336632,1.0669482722878456,1.4029862582683563,0.048539333045482635,1.0,0.815,0.427,0.0002391338348388672,1,1,/home/zhangxu/yolov5-7.0/ga_cache/work_9fb5f2e169606851
28,11,1412,run4_p1798000_e1412,0.5871960520744324,0.5958002805709839,0.09963668137788773,0.033474136143922806,0.20149312913417816,0.048539333045482635,0.0,0.5871960520744324,0.5958002805709839,1.0989100441336632,1.0669482722878456,1.4029862582683563,0.048539333045482635,1.0,0.815,0.427,0.00012183189392089844,1,1,/home/zhangxu/yolov5-7.0/ga_cache/work_9fb5f2e169606851
28,12,1413,run4_p1798000_e1413,0.5871960520744324,0.5958002805709839,0.09963668137788773,0.033474136143922806,0.20149312913417816,0.048539333045482635,0.0,0.5871960520744324,0.5958002805709839,1.0989100441336632,1.0669482722878456,1.4029862582683563,0.048539333045482635,1.0,0.815,0.427,0.0002841949462890625,1,1,/home/zhangxu/yolov5-7.0/ga_cache/work_9fb5f2e169606851
28,13,1414,run4_p1798000_e1414,0.5871960520744324,0.5958002805709839,0.09963668137788773,0.033474136143922806,0.20149312913417816,0.048539333045482635,0.0,0.5871960520744324,0.5958002805709839,1.0989100441336632,1.0669482722878456,1.4029862582683563,0.048539333045482635,1.0,0.815,0.427,0.00010776519775390625,1,1,/home/zhangxu/yolov5-7.0/ga_cache/work_9fb5f2e169606851
28,14,1415,run4_p1798000_e1415,0.5871960520744324,0.5958002805709839,0.09963668137788773,0.033474136143922806,0.20149312913417816,0.048539333045482635,0.0,0.5871960520744324,0.5958002805709839,1.0989100441336632,1.0669482722878456,1.4029862582683563,0.048539333045482635,1.0,0.815,0.427,0.00011181831359863281,1,1,/home/zhangxu/yolov5-7.0/ga_cache/work_9fb5f2e169606851
28,15,1416,run4_p1798000_e1416,0.5871960520744324,0.5958002805709839,0.09963668137788773,0.033474136143922806,0.20149312913417816,0.048539333045482635,0.0,0.5871960520744324,0.5958002805709839,1.0989100441336632,1.0669482722878456,1.4029862582683563,0.048539333045482635,1.0,0.815,0.427,0.00012302398681640625,1,1,/home/zhangxu/yolov5-7.0/ga_cache/work_9fb5f2e169606851
28,16,1417,run4_p1798000_e1417,0.5871960520744324,0.5958002805709839,0.09963668137788773,0.033474136143922806,0.20149312913417816,0.048539333045482635,0.0,0.5871960520744324,0.5958002805709839,1.0989100441336632,1.0669482722878456,1.4029862582683563,0.048539333045482635,1.0,0.815,0.427,0.00010728836059570312,1,1,/home/zhangxu/yolov5-7.0/ga_cache/work_9fb5f2e169606851
28,17,1418,run4_p1798000_e1418,0.5871960520744324,0.5958002805709839,0.09963668137788773,0.033474136143922806,0.20149312913417816,0.048539333045482635,0.0,0.5871960520744324,0.5958002805709839,1.0989100441336632,1.0669482722878456,1.4029862582683563,0.048539333045482635,1.0,0.815,0.427,0.00012969970703125,1,1,/home/zhangxu/yolov5-7.0/ga_cache/work_9fb5f2e169606851
28,18,1419,run4_p1798000_e1419,0.5871960520744324,0.5958002805709839,0.09963668137788773,0.033474136143922806,0.20149312913417816,0.048539333045482635,0.0,0.5871960520744324,0.5958002805709839,1.0989100441336632,1.0669482722878456,1.4029862582683563,0.048539333045482635,1.0,0.815,0.427,0.00012803077697753906,1,1,/home/zhangxu/yolov5-7.0/ga_cache/work_9fb5f2e169606851
28,19,1420,run4_p1798000_e1420,0.5871960520744324,0.5958002805709839,0.09963668137788773,0.033474136143922806,0.20149312913417816,0.048539333045482635,0.0,0.5871960520744324,0.5958002805709839,1.0989100441336632,1.0669482722878456,1.4029862582683563,0.048539333045482635,1.0,0.815,0.427,8.749961853027344e-05,1,1,/home/zhangxu/yolov5-7.0/ga_cache/work_9fb5f2e169606851
28,20,1421,run4_p1798000_e1421,0.5871960520744324,0.5958002805709839,0.09963668137788773,0.033474136143922806,0.20149312913417816,0.048539333045482635,0.0,0.5871960520744324,0.5958002805709839,1.0989100441336632,1.0669482722878456,1.4029862582683563,0.048539333045482635,1.0,0.815,0.427,9.393692016601562e-05,1,1,/home/zhangxu/yolov5-7.0/ga_cache/work_9fb5f2e169606851
28,21,1422,run4_p1798000_e1422,0.5871960520744324,0.5958002805709839,0.09963668137788773,0.033474136143922806,0.20149312913417816,0.048539333045482635,0.0,0.5871960520744324,0.5958002805709839,1.0989100441336632,1.0669482722878456,1.4029862582683563,0.048539333045482635,1.0,0.815,0.427,0.0001266002655029297,1,1,/home/zhangxu/yolov5-7.0/ga_cache/work_9fb5f2e169606851
28,22,1423,run4_p1798000_e1423,0.5871960520744324,0.5958002805709839,0.09963668137788773,0.033474136143922806,0.20149312913417816,0.048539333045482635,0.0,0.5871960520744324,0.5958002805709839,1.0989100441336632,1.0669482722878456,1.4029862582683563,0.048539333045482635,1.0,0.815,0.427,9.655952453613281e-05,1,1,/home/zhangxu/yolov5-7.0/ga_cache/work_9fb5f2e169606851
28,23,1424,run4_p1798000_e1424,0.5871960520744324,0.5958002805709839,0.09963668137788773,0.033474136143922806,0.20149312913417816,0.048539333045482635,0.0,0.5871960520744324,0.5958002805709839,1.0989100441336632,1.0669482722878456,1.4029862582683563,0.048539333045482635,1.0,0.815,0.427,8.96453857421875e-05,1,1,/home/zhangxu/yolov5-7.0/ga_cache/work_9fb5f2e169606851
28,24,1425,run4_p1798000_e1425,0.5871960520744324,0.5958002805709839,0.09963668137788773,0.033474136143922806,0.20149312913417816,0.048539333045482635,0.0,0.5871960520744324,0.5958002805709839,1.0989100441336632,1.0669482722878456,1.4029862582683563,0.048539333045482635,1.0,0.815,0.427,9.036064147949219e-05,1,1,/home/zhangxu/yolov5-7.0/ga_cache/work_9fb5f2e169606851
28,25,1426,run4_p1798000_e1426,0.5871960520744324,0.5958002805709839,0.09963668137788773,0.033474136143922806,0.20149312913417816,0.048539333045482635,0.0,0.5871960520744324,0.5958002805709839,1.0989100441336632,1.0669482722878456,1.4029862582683563,0.048539333045482635,1.0,0.815,0.427,0.00010395050048828125,1,1,/home/zhangxu/yolov5-7.0/ga_cache/work_9fb5f2e169606851
28,26,1427,run4_p1798000_e1427,0.5871960520744324,0.5958002805709839,0.09963668137788773,0.033474136143922806,0.20149312913417816,0.048539333045482635,0.0,0.5871960520744324,0.5958002805709839,1.0989100441336632,1.0669482722878456,1.4029862582683563,0.048539333045482635,1.0,0.815,0.427,0.00012540817260742188,1,1,/home/zhangxu/yolov5-7.0/ga_cache/work_9fb5f2e169606851
28,27,1428,run4_p1798000_e1428,0.5871960520744324,0.5958002805709839,0.09963668137788773,0.033474136143922806,0.20149312913417816,0.048539333045482635,0.0,0.5871960520744324,0.5958002805709839,1.0989100441336632,1.0669482722878456,1.4029862582683563,0.048539333045482635,1.0,0.815,0.427,0.000102996826171875,1,1,/home/zhangxu/yolov5-7.0/ga_cache/work_9fb5f2e169606851
28,28,1429,run4_p1798000_e1429,0.5871960520744324,0.5958002805709839,0.09963668137788773,0.033474136143922806,0.20149312913417816,0.048539333045482635,0.0,0.5871960520744324,0.5958002805709839,1.0989100441336632,1.0669482722878456,1.4029862582683563,0.048539333045482635,1.0,0.815,0.427,0.0001289844512939453,1,1,/home/zhangxu/yolov5-7.0/ga_cache/work_9fb5f2e169606851
28,29,1430,run4_p1798000_e1430,0.5871960520744324,0.5958002805709839,0.09963668137788773,0.033474136143922806,0.20149312913417816,0.048539333045482635,0.0,0.5871960520744324,0.5958002805709839,1.0989100441336632,1.0669482722878456,1.4029862582683563,0.048539333045482635,1.0,0.815,0.427,0.0001430511474609375,1,1,/home/zhangxu/yolov5-7.0/ga_cache/work_9fb5f2e169606851
28,30,1431,run4_p1798000_e1431,0.5196618437767029,0.7249099016189575,0.2295275330543518,0.0,0.17082646489143372,0.0,0.0,0.5196618437767029,0.7249099016189575,1.4885825991630555,1.0,1.3416529297828674,0.0,1.0,0.805,0.42,649.9820191860199,1,0,/home/zhangxu/yolov5-7.0/ga_cache/work_d8abc29d23f759cf
28,31,1432,run4_p1798000_e1432,0.5871960520744324,0.5958002805709839,0.09963668137788773,0.033474136143922806,0.20149312913417816,0.048539333045482635,0.0,0.5871960520744324,0.5958002805709839,1.0989100441336632,1.0669482722878456,1.4029862582683563,0.048539333045482635,1.0,0.815,0.427,8.678436279296875e-05,1,1,/home/zhangxu/yolov5-7.0/ga_cache/work_9fb5f2e169606851
28,32,1433,run4_p1798000_e1433,0.5871960520744324,0.5958002805709839,0.09963668137788773,0.033474136143922806,0.20149312913417816,0.048539333045482635,0.0,0.5871960520744324,0.5958002805709839,1.0989100441336632,1.0669482722878456,1.4029862582683563,0.048539333045482635,1.0,0.815,0.427,0.0001342296600341797,1,1,/home/zhangxu/yolov5-7.0/ga_cache/work_9fb5f2e169606851
28,33,1434,run4_p1798000_e1434,0.5871960520744324,0.5958002805709839,0.09963668137788773,0.033474136143922806,0.20149312913417816,0.048539333045482635,0.0,0.5871960520744324,0.5958002805709839,1.0989100441336632,1.0669482722878456,1.4029862582683563,0.048539333045482635,1.0,0.815,0.427,9.179115295410156e-05,1,1,/home/zhangxu/yolov5-7.0/ga_cache/work_9fb5f2e169606851
28,34,1435,run4_p1798000_e1435,0.5871960520744324,0.5958002805709839,0.09963668137788773,0.033474136143922806,0.20149312913417816,0.048539333045482635,0.0,0.5871960520744324,0.5958002805709839,1.0989100441336632,1.0669482722878456,1.4029862582683563,0.048539333045482635,1.0,0.815,0.427,0.00011038780212402344,1,1,/home/zhangxu/yolov5-7.0/ga_cache/work_9fb5f2e169606851
28,35,1436,run4_p1798000_e1436,0.5871960520744324,0.5958002805709839,0.09963668137788773,0.033474136143922806,0.20149312913417816,0.048539333045482635,0.0,0.5871960520744324,0.5958002805709839,1.0989100441336632,1.0669482722878456,1.4029862582683563,0.048539333045482635,1.0,0.815,0.427,9.846687316894531e-05,1,1,/home/zhangxu/yolov5-7.0/ga_cache/work_9fb5f2e169606851
28,36,1437,run4_p1798000_e1437,0.5871960520744324,0.5958002805709839,0.09963668137788773,0.033474136143922806,0.20149312913417816,0.048539333045482635,0.0,0.5871960520744324,0.5958002805709839,1.0989100441336632,1.0669482722878456,1.4029862582683563,0.048539333045482635,1.0,0.815,0.427,0.00011682510375976562,1,1,/home/zhangxu/yolov5-7.0/ga_cache/work_9fb5f2e169606851
28,37,1438,run4_p1798000_e1438,0.5871960520744324,0.5958002805709839,0.09963668137788773,0.033474136143922806,0.20149312913417816,0.048539333045482635,0.0,0.5871960520744324,0.5958002805709839,1.0989100441336632,1.0669482722878456,1.4029862582683563,0.048539333045482635,1.0,0.815,0.427,8.893013000488281e-05,1,1,/home/zhangxu/yolov5-7.0/ga_cache/work_9fb5f2e169606851
28,38,1439,run4_p1798000_e1439,0.5871960520744324,0.5958002805709839,0.09963668137788773,0.033474136143922806,0.20149312913417816,0.048539333045482635,0.0,0.5871960520744324,0.5958002805709839,1.0989100441336632,1.0669482722878456,1.4029862582683563,0.048539333045482635,1.0,0.815,0.427,8.869171142578125e-05,1,1,/home/zhangxu/yolov5-7.0/ga_cache/work_9fb5f2e169606851
28,39,1440,run4_p1798000_e1440,0.5871960520744324,0.5958002805709839,0.09963668137788773,0.033474136143922806,0.20149312913417816,0.048539333045482635,0.0,0.5871960520744324,0.5958002805709839,1.0989100441336632,1.0669482722878456,1.4029862582683563,0.048539333045482635,1.0,0.815,0.427,0.00010418891906738281,1,1,/home/zhangxu/yolov5-7.0/ga_cache/work_9fb5f2e169606851
28,40,1441,run4_p1798000_e1441,0.5871960520744324,0.5958002805709839,0.09963668137788773,0.033474136143922806,0.20149312913417816,0.048539333045482635,0.0,0.5871960520744324,0.5958002805709839,1.0989100441336632,1.0669482722878456,1.4029862582683563,0.048539333045482635,1.0,0.815,0.427,8.559226989746094e-05,1,1,/home/zhangxu/yolov5-7.0/ga_cache/work_9fb5f2e169606851
28,41,1442,run4_p1798000_e1442,0.5871960520744324,0.5958002805709839,0.09963668137788773,0.033474136143922806,0.20149312913417816,0.048539333045482635,0.0,0.5871960520744324,0.5958002805709839,1.0989100441336632,1.0669482722878456,1.4029862582683563,0.048539333045482635,1.0,0.815,0.427,0.00011515617370605469,1,1,/home/zhangxu/yolov5-7.0/ga_cache/work_9fb5f2e169606851
28,42,1443,run4_p1798000_e1443,0.5871960520744324,0.5958002805709839,0.09963668137788773,0.033474136143922806,0.20149312913417816,0.048539333045482635,0.0,0.5871960520744324,0.5958002805709839,1.0989100441336632,1.0669482722878456,1.4029862582683563,0.048539333045482635,1.0,0.815,0.427,8.916854858398438e-05,1,1,/home/zhangxu/yolov5-7.0/ga_cache/work_9fb5f2e169606851
28,43,1444,run4_p1798000_e1444,0.5871960520744324,0.5958002805709839,0.09963668137788773,0.033474136143922806,0.20149312913417816,0.048539333045482635,0.0,0.5871960520744324,0.5958002805709839,1.0989100441336632,1.0669482722878456,1.4029862582683563,0.048539333045482635,1.0,0.815,0.427,8.797645568847656e-05,1,1,/home/zhangxu/yolov5-7.0/ga_cache/work_9fb5f2e169606851
28,44,1445,run4_p1798000_e1445,0.5871960520744324,0.5958002805709839,0.09963668137788773,0.033474136143922806,0.20149312913417816,0.048539333045482635,0.0,0.5871960520744324,0.5958002805709839,1.0989100441336632,1.0669482722878456,1.4029862582683563,0.048539333045482635,1.0,0.815,0.427,8.20159912109375e-05,1,1,/home/zhangxu/yolov5-7.0/ga_cache/work_9fb5f2e169606851
28,45,1446,run4_p1798000_e1446,0.5871960520744324,0.5958002805709839,0.09963668137788773,0.033474136143922806,0.20149312913417816,0.048539333045482635,0.0,0.5871960520744324,0.5958002805709839,1.0989100441336632,1.0669482722878456,1.4029862582683563,0.048539333045482635,1.0,0.815,0.427,0.00011038780212402344,1,1,/home/zhangxu/yolov5-7.0/ga_cache/work_9fb5f2e169606851
28,46,1447,run4_p1798000_e1447,0.5871960520744324,0.5958002805709839,0.09963668137788773,0.033474136143922806,0.20149312913417816,0.048539333045482635,0.0,0.5871960520744324,0.5958002805709839,1.0989100441336632,1.0669482722878456,1.4029862582683563,0.048539333045482635,1.0,0.815,0.427,8.845329284667969e-05,1,1,/home/zhangxu/yolov5-7.0/ga_cache/work_9fb5f2e169606851
28,47,1448,run4_p1798000_e1448,0.5871960520744324,0.5958002805709839,0.09963668137788773,0.033474136143922806,0.20149312913417816,0.048539333045482635,0.0,0.5871960520744324,0.5958002805709839,1.0989100441336632,1.0669482722878456,1.4029862582683563,0.048539333045482635,1.0,0.815,0.427,8.654594421386719e-05,1,1,/home/zhangxu/yolov5-7.0/ga_cache/work_9fb5f2e169606851
28,48,1449,run4_p1798000_e1449,0.5871960520744324,0.5958002805709839,0.09963668137788773,0.033474136143922806,0.20149312913417816,0.048539333045482635,0.0,0.5871960520744324,0.5958002805709839,1.0989100441336632,1.0669482722878456,1.4029862582683563,0.048539333045482635,1.0,0.815,0.427,8.821487426757812e-05,1,1,/home/zhangxu/yolov5-7.0/ga_cache/work_9fb5f2e169606851
28,49,1450,run4_p1798000_e1450,0.5871960520744324,0.5958002805709839,0.09963668137788773,0.033474136143922806,0.20149312913417816,0.048539333045482635,0.0,0.5871960520744324,0.5958002805709839,1.0989100441336632,1.0669482722878456,1.4029862582683563,0.048539333045482635,1.0,0.815,0.427,0.00011205673217773438,1,1,/home/zhangxu/yolov5-7.0/ga_cache/work_9fb5f2e169606851
29,0,1451,run4_p1798000_e1451,0.5871960520744324,0.5958002805709839,0.09963668137788773,0.033474136143922806,0.20149312913417816,0.048539333045482635,0.0,0.5871960520744324,0.5958002805709839,1.0989100441336632,1.0669482722878456,1.4029862582683563,0.048539333045482635,1.0,0.815,0.427,0.00029540061950683594,1,1,/home/zhangxu/yolov5-7.0/ga_cache/work_9fb5f2e169606851
29,1,1452,run4_p1798000_e1452,0.5871960520744324,0.5958002805709839,0.09963668137788773,0.033474136143922806,0.20149312913417816,0.048539333045482635,0.0,0.5871960520744324,0.5958002805709839,1.0989100441336632,1.0669482722878456,1.4029862582683563,0.048539333045482635,1.0,0.815,0.427,0.0002715587615966797,1,1,/home/zhangxu/yolov5-7.0/ga_cache/work_9fb5f2e169606851
29,2,1453,run4_p1798000_e1453,0.5871960520744324,0.5958002805709839,0.09963668137788773,0.033474136143922806,0.20149312913417816,0.048539333045482635,0.0,0.5871960520744324,0.5958002805709839,1.0989100441336632,1.0669482722878456,1.4029862582683563,0.048539333045482635,1.0,0.815,0.427,0.0002372264862060547,1,1,/home/zhangxu/yolov5-7.0/ga_cache/work_9fb5f2e169606851
29,3,1454,run4_p1798000_e1454,0.5871960520744324,0.5958002805709839,0.09963668137788773,0.033474136143922806,0.20149312913417816,0.048539333045482635,0.0,0.5871960520744324,0.5958002805709839,1.0989100441336632,1.0669482722878456,1.4029862582683563,0.048539333045482635,1.0,0.815,0.427,0.0002884864807128906,1,1,/home/zhangxu/yolov5-7.0/ga_cache/work_9fb5f2e169606851
29,4,1455,run4_p1798000_e1455,0.5871960520744324,0.5958002805709839,0.09963668137788773,0.033474136143922806,0.20149312913417816,0.048539333045482635,0.0,0.5871960520744324,0.5958002805709839,1.0989100441336632,1.0669482722878456,1.4029862582683563,0.048539333045482635,1.0,0.815,0.427,0.00026702880859375,1,1,/home/zhangxu/yolov5-7.0/ga_cache/work_9fb5f2e169606851
29,5,1456,run4_p1798000_e1456,0.5871960520744324,0.5958002805709839,0.09963668137788773,0.033474136143922806,0.20149312913417816,0.048539333045482635,0.0,0.5871960520744324,0.5958002805709839,1.0989100441336632,1.0669482722878456,1.4029862582683563,0.048539333045482635,1.0,0.815,0.427,0.00023794174194335938,1,1,/home/zhangxu/yolov5-7.0/ga_cache/work_9fb5f2e169606851
29,6,1457,run4_p1798000_e1457,0.5871960520744324,0.5958002805709839,0.09963668137788773,0.033474136143922806,0.20149312913417816,0.048539333045482635,0.0,0.5871960520744324,0.5958002805709839,1.0989100441336632,1.0669482722878456,1.4029862582683563,0.048539333045482635,1.0,0.815,0.427,0.00027751922607421875,1,1,/home/zhangxu/yolov5-7.0/ga_cache/work_9fb5f2e169606851
29,7,1458,run4_p1798000_e1458,0.5871960520744324,0.5958002805709839,0.09963668137788773,0.033474136143922806,0.20149312913417816,0.048539333045482635,0.0,0.5871960520744324,0.5958002805709839,1.0989100441336632,1.0669482722878456,1.4029862582683563,0.048539333045482635,1.0,0.815,0.427,0.0002415180206298828,1,1,/home/zhangxu/yolov5-7.0/ga_cache/work_9fb5f2e169606851
29,8,1459,run4_p1798000_e1459,0.5871960520744324,0.5958002805709839,0.09963668137788773,0.033474136143922806,0.20149312913417816,0.048539333045482635,0.0,0.5871960520744324,0.5958002805709839,1.0989100441336632,1.0669482722878456,1.4029862582683563,0.048539333045482635,1.0,0.815,0.427,0.0002422332763671875,1,1,/home/zhangxu/yolov5-7.0/ga_cache/work_9fb5f2e169606851
29,9,1460,run4_p1798000_e1460,0.5871960520744324,0.5958002805709839,0.09963668137788773,0.033474136143922806,0.20149312913417816,0.048539333045482635,0.0,0.5871960520744324,0.5958002805709839,1.0989100441336632,1.0669482722878456,1.4029862582683563,0.048539333045482635,1.0,0.815,0.427,0.0002906322479248047,1,1,/home/zhangxu/yolov5-7.0/ga_cache/work_9fb5f2e169606851
29,10,1461,run4_p1798000_e1461,0.5871960520744324,0.5958002805709839,0.09963668137788773,0.033474136143922806,0.20149312913417816,0.048539333045482635,0.0,0.5871960520744324,0.5958002805709839,1.0989100441336632,1.0669482722878456,1.4029862582683563,0.048539333045482635,1.0,0.815,0.427,0.00012373924255371094,1,1,/home/zhangxu/yolov5-7.0/ga_cache/work_9fb5f2e169606851
29,11,1462,run4_p1798000_e1462,0.5871960520744324,0.5958002805709839,0.09963668137788773,0.033474136143922806,0.20149312913417816,0.048539333045482635,0.0,0.5871960520744324,0.5958002805709839,1.0989100441336632,1.0669482722878456,1.4029862582683563,0.048539333045482635,1.0,0.815,0.427,0.00024127960205078125,1,1,/home/zhangxu/yolov5-7.0/ga_cache/work_9fb5f2e169606851
29,12,1463,run4_p1798000_e1463,0.6086417436599731,0.5146234035491943,0.2449367344379425,0.05710833892226219,0.32763829827308655,0.0,0.0,0.6086417436599731,0.5146234035491943,1.5348102033138276,1.1142166778445244,1.655276596546173,0.0,1.0,0.812,0.429,588.703341960907,1,0,/home/zhangxu/yolov5-7.0/ga_cache/work_a5177db1b5212f7f
29,13,1464,run4_p1798000_e1464,0.5871960520744324,0.5958002805709839,0.09963668137788773,0.033474136143922806,0.20149312913417816,0.048539333045482635,0.0,0.5871960520744324,0.5958002805709839,1.0989100441336632,1.0669482722878456,1.4029862582683563,0.048539333045482635,1.0,0.815,0.427,0.0001163482666015625,1,1,/home/zhangxu/yolov5-7.0/ga_cache/work_9fb5f2e169606851
29,14,1465,run4_p1798000_e1465,0.5871960520744324,0.5958002805709839,0.09963668137788773,0.033474136143922806,0.20149312913417816,0.048539333045482635,0.0,0.5871960520744324,0.5958002805709839,1.0989100441336632,1.0669482722878456,1.4029862582683563,0.048539333045482635,1.0,0.815,0.427,0.00022220611572265625,1,1,/home/zhangxu/yolov5-7.0/ga_cache/work_9fb5f2e169606851
29,15,1466,run4_p1798000_e1466,0.5871960520744324,0.5958002805709839,0.09963668137788773,0.033474136143922806,0.20149312913417816,0.048539333045482635,0.0,0.5871960520744324,0.5958002805709839,1.0989100441336632,1.0669482722878456,1.4029862582683563,0.048539333045482635,1.0,0.815,0.427,0.00010824203491210938,1,1,/home/zhangxu/yolov5-7.0/ga_cache/work_9fb5f2e169606851
29,16,1467,run4_p1798000_e1467,0.5871960520744324,0.5958002805709839,0.09963668137788773,0.033474136143922806,0.20149312913417816,0.048539333045482635,0.0,0.5871960520744324,0.5958002805709839,1.0989100441336632,1.0669482722878456,1.4029862582683563,0.048539333045482635,1.0,0.815,0.427,0.00010585784912109375,1,1,/home/zhangxu/yolov5-7.0/ga_cache/work_9fb5f2e169606851
29,17,1468,run4_p1798000_e1468,0.5871960520744324,0.5958002805709839,0.09963668137788773,0.033474136143922806,0.20149312913417816,0.048539333045482635,0.0,0.5871960520744324,0.5958002805709839,1.0989100441336632,1.0669482722878456,1.4029862582683563,0.048539333045482635,1.0,0.815,0.427,0.00011134147644042969,1,1,/home/zhangxu/yolov5-7.0/ga_cache/work_9fb5f2e169606851
29,18,1469,run4_p1798000_e1469,0.5871960520744324,0.5958002805709839,0.09963668137788773,0.033474136143922806,0.20149312913417816,0.048539333045482635,0.0,0.5871960520744324,0.5958002805709839,1.0989100441336632,1.0669482722878456,1.4029862582683563,0.048539333045482635,1.0,0.815,0.427,9.202957153320312e-05,1,1,/home/zhangxu/yolov5-7.0/ga_cache/work_9fb5f2e169606851
29,19,1470,run4_p1798000_e1470,0.5871960520744324,0.5958002805709839,0.09963668137788773,0.033474136143922806,0.20149312913417816,0.048539333045482635,0.0,0.5871960520744324,0.5958002805709839,1.0989100441336632,1.0669482722878456,1.4029862582683563,0.048539333045482635,1.0,0.815,0.427,0.00010442733764648438,1,1,/home/zhangxu/yolov5-7.0/ga_cache/work_9fb5f2e169606851
29,20,1471,run4_p1798000_e1471,0.5871960520744324,0.5958002805709839,0.09963668137788773,0.033474136143922806,0.20149312913417816,0.048539333045482635,0.0,0.5871960520744324,0.5958002805709839,1.0989100441336632,1.0669482722878456,1.4029862582683563,0.048539333045482635,1.0,0.815,0.427,9.012222290039062e-05,1,1,/home/zhangxu/yolov5-7.0/ga_cache/work_9fb5f2e169606851
29,21,1472,run4_p1798000_e1472,0.5871960520744324,0.5958002805709839,0.09963668137788773,0.033474136143922806,0.20149312913417816,0.048539333045482635,0.0,0.5871960520744324,0.5958002805709839,1.0989100441336632,1.0669482722878456,1.4029862582683563,0.048539333045482635,1.0,0.815,0.427,0.00010371208190917969,1,1,/home/zhangxu/yolov5-7.0/ga_cache/work_9fb5f2e169606851
29,22,1473,run4_p1798000_e1473,0.5871960520744324,0.5958002805709839,0.09963668137788773,0.033474136143922806,0.20149312913417816,0.048539333045482635,0.0,0.5871960520744324,0.5958002805709839,1.0989100441336632,1.0669482722878456,1.4029862582683563,0.048539333045482635,1.0,0.815,0.427,0.00011205673217773438,1,1,/home/zhangxu/yolov5-7.0/ga_cache/work_9fb5f2e169606851
29,23,1474,run4_p1798000_e1474,0.5871960520744324,0.5958002805709839,0.09963668137788773,0.033474136143922806,0.20149312913417816,0.048539333045482635,0.0,0.5871960520744324,0.5958002805709839,1.0989100441336632,1.0669482722878456,1.4029862582683563,0.048539333045482635,1.0,0.815,0.427,9.369850158691406e-05,1,1,/home/zhangxu/yolov5-7.0/ga_cache/work_9fb5f2e169606851
29,24,1475,run4_p1798000_e1475,0.5871960520744324,0.5958002805709839,0.09963668137788773,0.033474136143922806,0.20149312913417816,0.048539333045482635,0.0,0.5871960520744324,0.5958002805709839,1.0989100441336632,1.0669482722878456,1.4029862582683563,0.048539333045482635,1.0,0.815,0.427,8.869171142578125e-05,1,1,/home/zhangxu/yolov5-7.0/ga_cache/work_9fb5f2e169606851
29,25,1476,run4_p1798000_e1476,0.5871960520744324,0.5958002805709839,0.09963668137788773,0.033474136143922806,0.20149312913417816,0.048539333045482635,0.0,0.5871960520744324,0.5958002805709839,1.0989100441336632,1.0669482722878456,1.4029862582683563,0.048539333045482635,1.0,0.815,0.427,8.916854858398438e-05,1,1,/home/zhangxu/yolov5-7.0/ga_cache/work_9fb5f2e169606851
29,26,1477,run4_p1798000_e1477,0.5871960520744324,0.5958002805709839,0.09963668137788773,0.033474136143922806,0.20149312913417816,0.048539333045482635,0.0,0.5871960520744324,0.5958002805709839,1.0989100441336632,1.0669482722878456,1.4029862582683563,0.048539333045482635,1.0,0.815,0.427,9.393692016601562e-05,1,1,/home/zhangxu/yolov5-7.0/ga_cache/work_9fb5f2e169606851
29,27,1478,run4_p1798000_e1478,0.5871960520744324,0.5958002805709839,0.09963668137788773,0.033474136143922806,0.20149312913417816,0.048539333045482635,0.0,0.5871960520744324,0.5958002805709839,1.0989100441336632,1.0669482722878456,1.4029862582683563,0.048539333045482635,1.0,0.815,0.427,0.00010514259338378906,1,1,/home/zhangxu/yolov5-7.0/ga_cache/work_9fb5f2e169606851
29,28,1479,run4_p1798000_e1479,0.5871960520744324,0.5958002805709839,0.09963668137788773,0.033474136143922806,0.20149312913417816,0.048539333045482635,0.0,0.5871960520744324,0.5958002805709839,1.0989100441336632,1.0669482722878456,1.4029862582683563,0.048539333045482635,1.0,0.815,0.427,0.00012564659118652344,1,1,/home/zhangxu/yolov5-7.0/ga_cache/work_9fb5f2e169606851
29,29,1480,run4_p1798000_e1480,0.5871960520744324,0.5958002805709839,0.09963668137788773,0.033474136143922806,0.20149312913417816,0.048539333045482635,0.0,0.5871960520744324,0.5958002805709839,1.0989100441336632,1.0669482722878456,1.4029862582683563,0.048539333045482635,1.0,0.815,0.427,8.463859558105469e-05,1,1,/home/zhangxu/yolov5-7.0/ga_cache/work_9fb5f2e169606851
29,30,1481,run4_p1798000_e1481,0.5871960520744324,0.5958002805709839,0.09963668137788773,0.033474136143922806,0.20149312913417816,0.048539333045482635,0.0,0.5871960520744324,0.5958002805709839,1.0989100441336632,1.0669482722878456,1.4029862582683563,0.048539333045482635,1.0,0.815,0.427,8.845329284667969e-05,1,1,/home/zhangxu/yolov5-7.0/ga_cache/work_9fb5f2e169606851
29,31,1482,run4_p1798000_e1482,0.5871960520744324,0.5958002805709839,0.09963668137788773,0.033474136143922806,0.20149312913417816,0.048539333045482635,0.0,0.5871960520744324,0.5958002805709839,1.0989100441336632,1.0669482722878456,1.4029862582683563,0.048539333045482635,1.0,0.815,0.427,8.988380432128906e-05,1,1,/home/zhangxu/yolov5-7.0/ga_cache/work_9fb5f2e169606851
29,32,1483,run4_p1798000_e1483,0.5871960520744324,0.5958002805709839,0.09963668137788773,0.033474136143922806,0.20149312913417816,0.048539333045482635,0.0,0.5871960520744324,0.5958002805709839,1.0989100441336632,1.0669482722878456,1.4029862582683563,0.048539333045482635,1.0,0.815,0.427,0.000110626220703125,1,1,/home/zhangxu/yolov5-7.0/ga_cache/work_9fb5f2e169606851
29,33,1484,run4_p1798000_e1484,0.5871960520744324,0.5958002805709839,0.09963668137788773,0.033474136143922806,0.20149312913417816,0.048539333045482635,0.0,0.5871960520744324,0.5958002805709839,1.0989100441336632,1.0669482722878456,1.4029862582683563,0.048539333045482635,1.0,0.815,0.427,8.845329284667969e-05,1,1,/home/zhangxu/yolov5-7.0/ga_cache/work_9fb5f2e169606851
29,34,1485,run4_p1798000_e1485,0.5871960520744324,0.5958002805709839,0.09963668137788773,0.033474136143922806,0.20149312913417816,0.048539333045482635,0.0,0.5871960520744324,0.5958002805709839,1.0989100441336632,1.0669482722878456,1.4029862582683563,0.048539333045482635,1.0,0.815,0.427,8.559226989746094e-05,1,1,/home/zhangxu/yolov5-7.0/ga_cache/work_9fb5f2e169606851
29,35,1486,run4_p1798000_e1486,0.5871960520744324,0.5958002805709839,0.09963668137788773,0.033474136143922806,0.20149312913417816,0.048539333045482635,0.0,0.5871960520744324,0.5958002805709839,1.0989100441336632,1.0669482722878456,1.4029862582683563,0.048539333045482635,1.0,0.815,0.427,8.749961853027344e-05,1,1,/home/zhangxu/yolov5-7.0/ga_cache/work_9fb5f2e169606851
29,36,1487,run4_p1798000_e1487,0.5871960520744324,0.5958002805709839,0.09963668137788773,0.033474136143922806,0.20149312913417816,0.048539333045482635,0.0,0.5871960520744324,0.5958002805709839,1.0989100441336632,1.0669482722878456,1.4029862582683563,0.048539333045482635,1.0,0.815,0.427,8.320808410644531e-05,1,1,/home/zhangxu/yolov5-7.0/ga_cache/work_9fb5f2e169606851
29,37,1488,run4_p1798000_e1488,0.5871960520744324,0.5958002805709839,0.09963668137788773,0.033474136143922806,0.20149312913417816,0.048539333045482635,0.0,0.5871960520744324,0.5958002805709839,1.0989100441336632,1.0669482722878456,1.4029862582683563,0.048539333045482635,1.0,0.815,0.427,9.584426879882812e-05,1,1,/home/zhangxu/yolov5-7.0/ga_cache/work_9fb5f2e169606851
29,38,1489,run4_p1798000_e1489,0.5871960520744324,0.5958002805709839,0.09963668137788773,0.033474136143922806,0.20149312913417816,0.048539333045482635,0.0,0.5871960520744324,0.5958002805709839,1.0989100441336632,1.0669482722878456,1.4029862582683563,0.048539333045482635,1.0,0.815,0.427,8.320808410644531e-05,1,1,/home/zhangxu/yolov5-7.0/ga_cache/work_9fb5f2e169606851
29,39,1490,run4_p1798000_e1490,0.5871960520744324,0.5958002805709839,0.09963668137788773,0.033474136143922806,0.20149312913417816,0.048539333045482635,0.0,0.5871960520744324,0.5958002805709839,1.0989100441336632,1.0669482722878456,1.4029862582683563,0.048539333045482635,1.0,0.815,0.427,0.00010204315185546875,1,1,/home/zhangxu/yolov5-7.0/ga_cache/work_9fb5f2e169606851
29,40,1491,run4_p1798000_e1491,0.5871960520744324,0.5958002805709839,0.09963668137788773,0.033474136143922806,0.20149312913417816,0.048539333045482635,0.0,0.5871960520744324,0.5958002805709839,1.0989100441336632,1.0669482722878456,1.4029862582683563,0.048539333045482635,1.0,0.815,0.427,8.463859558105469e-05,1,1,/home/zhangxu/yolov5-7.0/ga_cache/work_9fb5f2e169606851
29,41,1492,run4_p1798000_e1492,0.5871960520744324,0.5958002805709839,0.09963668137788773,0.033474136143922806,0.20149312913417816,0.048539333045482635,0.0,0.5871960520744324,0.5958002805709839,1.0989100441336632,1.0669482722878456,1.4029862582683563,0.048539333045482635,1.0,0.815,0.427,8.654594421386719e-05,1,1,/home/zhangxu/yolov5-7.0/ga_cache/work_9fb5f2e169606851
29,42,1493,run4_p1798000_e1493,0.5871960520744324,0.5958002805709839,0.09963668137788773,0.033474136143922806,0.20149312913417816,0.048539333045482635,0.0,0.5871960520744324,0.5958002805709839,1.0989100441336632,1.0669482722878456,1.4029862582683563,0.048539333045482635,1.0,0.815,0.427,9.632110595703125e-05,1,1,/home/zhangxu/yolov5-7.0/ga_cache/work_9fb5f2e169606851
29,43,1494,run4_p1798000_e1494,0.5871960520744324,0.5958002805709839,0.09963668137788773,0.033474136143922806,0.20149312913417816,0.048539333045482635,0.0,0.5871960520744324,0.5958002805709839,1.0989100441336632,1.0669482722878456,1.4029862582683563,0.048539333045482635,1.0,0.815,0.427,8.225440979003906e-05,1,1,/home/zhangxu/yolov5-7.0/ga_cache/work_9fb5f2e169606851
29,44,1495,run4_p1798000_e1495,0.5871960520744324,0.5958002805709839,0.09963668137788773,0.033474136143922806,0.20149312913417816,0.048539333045482635,0.0,0.5871960520744324,0.5958002805709839,1.0989100441336632,1.0669482722878456,1.4029862582683563,0.048539333045482635,1.0,0.815,0.427,8.821487426757812e-05,1,1,/home/zhangxu/yolov5-7.0/ga_cache/work_9fb5f2e169606851
29,45,1496,run4_p1798000_e1496,0.5871960520744324,0.5958002805709839,0.09963668137788773,0.033474136143922806,0.20149312913417816,0.048539333045482635,0.0,0.5871960520744324,0.5958002805709839,1.0989100441336632,1.0669482722878456,1.4029862582683563,0.048539333045482635,1.0,0.815,0.427,9.632110595703125e-05,1,1,/home/zhangxu/yolov5-7.0/ga_cache/work_9fb5f2e169606851
29,46,1497,run4_p1798000_e1497,0.5871960520744324,0.5958002805709839,0.09963668137788773,0.033474136143922806,0.20149312913417816,0.048539333045482635,0.0,0.5871960520744324,0.5958002805709839,1.0989100441336632,1.0669482722878456,1.4029862582683563,0.048539333045482635,1.0,0.815,0.427,8.392333984375e-05,1,1,/home/zhangxu/yolov5-7.0/ga_cache/work_9fb5f2e169606851
29,47,1498,run4_p1798000_e1498,0.5871960520744324,0.5958002805709839,0.09963668137788773,0.033474136143922806,0.20149312913417816,0.048539333045482635,0.0,0.5871960520744324,0.5958002805709839,1.0989100441336632,1.0669482722878456,1.4029862582683563,0.048539333045482635,1.0,0.815,0.427,8.845329284667969e-05,1,1,/home/zhangxu/yolov5-7.0/ga_cache/work_9fb5f2e169606851
29,48,1499,run4_p1798000_e1499,0.5871960520744324,0.5958002805709839,0.09963668137788773,0.033474136143922806,0.20149312913417816,0.048539333045482635,0.0,0.5871960520744324,0.5958002805709839,1.0989100441336632,1.0669482722878456,1.4029862582683563,0.048539333045482635,1.0,0.815,0.427,8.511543273925781e-05,1,1,/home/zhangxu/yolov5-7.0/ga_cache/work_9fb5f2e169606851
29,49,1500,run4_p1798000_e1500,0.5871960520744324,0.5958002805709839,0.09963668137788773,0.033474136143922806,0.20149312913417816,0.048539333045482635,0.0,0.5871960520744324,0.5958002805709839,1.0989100441336632,1.0669482722878456,1.4029862582683563,0.048539333045482635,1.0,0.815,0.427,8.726119995117188e-05,1,1,/home/zhangxu/yolov5-7.0/ga_cache/work_9fb5f2e169606851
